mus,rho,duration,warmup,staleness,num_dispatchers,gray_server,gray_factor,gray_start,scenario,policy,seed,requests,mean_ms,p50_ms,p99_ms,p999_ms,joined_queue_mean,joined_queue_p99,fano,experiment,policy_kwargs
200/200/150/150/100/100/50/50,0.75,30.0,3.0,0.0,1,0,0.2,12.0,gray,greedy,0,20488,19.416062297872436,14.169550850835932,84.37329425050157,152.69636405518858,1.6474033580632566,8.0,1.6827203801476402,main,
200/200/150/150/100/100/50/50,0.75,30.0,3.0,0.0,1,0,0.2,12.0,gray,greedy,1,20301,18.127360309957062,12.89501121763692,81.4619382005013,162.5238273146477,1.5026353381606818,8.0,1.640603712925112,main,
200/200/150/150/100/100/50/50,0.75,30.0,3.0,0.0,1,0,0.2,12.0,gray,greedy,2,20391,20.80344857646308,15.055306394623269,99.65181968223929,164.6932026240772,1.9203570202540337,10.0,1.7562650638064259,main,
200/200/150/150/100/100/50/50,0.75,30.0,3.0,0.0,1,0,0.2,12.0,gray,greedy,3,20225,16.83100352662637,12.318984407219347,76.65782730892313,120.81612074901814,1.3209394313967862,7.0,1.6560430861693332,main,
200/200/150/150/100/100/50/50,0.75,30.0,3.0,0.0,1,0,0.2,12.0,gray,greedy,4,20322,18.698265528327337,13.96827473094664,77.1614482487669,136.27555039577936,1.5978742249778566,8.0,1.6586400554578604,main,
200/200/150/150/100/100/50/50,0.75,30.0,3.0,0.0,1,0,0.2,12.0,gray,greedy,5,20399,17.364100542977337,12.697127123987073,77.99263479130859,137.93437042697138,1.4252659444090396,8.0,1.6596049370807537,main,
200/200/150/150/100/100/50/50,0.75,30.0,3.0,0.0,1,0,0.2,12.0,gray,greedy,6,20378,18.778740204933698,14.05837347866834,80.76860190803245,145.63553305165888,1.6373049366964374,8.0,1.6978730252266792,main,
200/200/150/150/100/100/50/50,0.75,30.0,3.0,0.0,1,0,0.2,12.0,gray,greedy,7,20142,19.41568372058241,14.954473162895221,76.54724090678695,150.48053462721543,1.7719193724555655,8.0,1.7077607192334932,main,
200/200/150/150/100/100/50/50,0.75,30.0,3.0,0.0,1,0,0.2,12.0,gray,greedy,8,20380,17.161585368162765,13.058005359225966,69.59045782492456,130.0199964158992,1.4390578999018646,7.0,1.6737826749477505,main,
200/200/150/150/100/100/50/50,0.75,30.0,3.0,0.0,1,0,0.2,12.0,gray,greedy,9,20356,19.670921069276453,14.15010725945276,93.16442222104685,171.91293886355305,1.7397327569267047,10.0,1.7025783926650262,main,
200/200/150/150/100/100/50/50,0.75,30.0,3.0,0.0,1,0,0.2,12.0,gray,greedy+lc,0,20488,19.416062297872436,14.169550850835932,84.37329425050157,152.69636405518858,1.6474033580632566,8.0,1.6827203801476402,main,
200/200/150/150/100/100/50/50,0.75,30.0,3.0,0.0,1,0,0.2,12.0,gray,greedy+lc,1,20301,18.127360309957062,12.89501121763692,81.4619382005013,162.5238273146477,1.5026353381606818,8.0,1.640603712925112,main,
200/200/150/150/100/100/50/50,0.75,30.0,3.0,0.0,1,0,0.2,12.0,gray,greedy+lc,2,20391,20.80344857646308,15.055306394623269,99.65181968223929,164.6932026240772,1.9203570202540337,10.0,1.7562650638064259,main,
200/200/150/150/100/100/50/50,0.75,30.0,3.0,0.0,1,0,0.2,12.0,gray,greedy+lc,3,20225,16.83100352662637,12.318984407219347,76.65782730892313,120.81612074901814,1.3209394313967862,7.0,1.6560430861693332,main,
200/200/150/150/100/100/50/50,0.75,30.0,3.0,0.0,1,0,0.2,12.0,gray,greedy+lc,4,20322,18.698265528327337,13.96827473094664,77.1614482487669,136.27555039577936,1.5978742249778566,8.0,1.6586400554578604,main,
200/200/150/150/100/100/50/50,0.75,30.0,3.0,0.0,1,0,0.2,12.0,gray,greedy+lc,5,20399,17.364100542977337,12.697127123987073,77.99263479130859,137.93437042697138,1.4252659444090396,8.0,1.6596049370807537,main,
200/200/150/150/100/100/50/50,0.75,30.0,3.0,0.0,1,0,0.2,12.0,gray,greedy+lc,6,20378,18.778740204933698,14.05837347866834,80.76860190803245,145.63553305165888,1.6373049366964374,8.0,1.6978730252266792,main,
200/200/150/150/100/100/50/50,0.75,30.0,3.0,0.0,1,0,0.2,12.0,gray,greedy+lc,7,20142,19.41568372058241,14.954473162895221,76.54724090678695,150.48053462721543,1.7719193724555655,8.0,1.7077607192334932,main,
200/200/150/150/100/100/50/50,0.75,30.0,3.0,0.0,1,0,0.2,12.0,gray,greedy+lc,8,20380,17.161585368162765,13.058005359225966,69.59045782492456,130.0199964158992,1.4390578999018646,7.0,1.6737826749477505,main,
200/200/150/150/100/100/50/50,0.75,30.0,3.0,0.0,1,0,0.2,12.0,gray,greedy+lc,9,20356,19.670921069276453,14.15010725945276,93.16442222104685,171.91293886355305,1.7397327569267047,10.0,1.7025783926650262,main,
200/200/150/150/100/100/50/50,0.75,30.0,3.0,0.0,1,0,0.2,12.0,gray,jsq,0,20488,20.12933086476801,11.750824018104566,129.65156889124515,208.94883492721107,1.044074580242093,5.0,1.1759769034825043,main,
200/200/150/150/100/100/50/50,0.75,30.0,3.0,0.0,1,0,0.2,12.0,gray,jsq,1,20301,18.810179172572123,11.072431442538111,124.47736500458717,224.3621569431589,0.9180335944042165,5.0,1.1572631046550161,main,
200/200/150/150/100/100/50/50,0.75,30.0,3.0,0.0,1,0,0.2,12.0,gray,jsq,2,20391,18.48029495820931,10.77045903700835,122.57280746929345,186.13021464893487,0.8987788730322201,4.0,1.2015341351474147,main,
200/200/150/150/100/100/50/50,0.75,30.0,3.0,0.0,1,0,0.2,12.0,gray,jsq,3,20225,17.712214158520606,10.175133625945243,115.37271507828444,213.35795043696558,0.8050432632880099,4.0,1.1812620721705949,main,
200/200/150/150/100/100/50/50,0.75,30.0,3.0,0.0,1,0,0.2,12.0,gray,jsq,4,20322,18.90823352931394,11.139208035022108,124.20440165234956,205.04829664498172,0.9378998130105305,5.0,1.131575431220682,main,
200/200/150/150/100/100/50/50,0.75,30.0,3.0,0.0,1,0,0.2,12.0,gray,jsq,5,20399,18.322628378169817,10.575819673061204,118.28078224582464,191.07668111734773,0.8784744350213246,5.0,1.155920386779109,main,
200/200/150/150/100/100/50/50,0.75,30.0,3.0,0.0,1,0,0.2,12.0,gray,jsq,6,20378,18.669556548904826,10.858575015940453,123.10693673077678,205.82543783429801,0.9108352144469526,4.0,1.1826700211064909,main,
200/200/150/150/100/100/50/50,0.75,30.0,3.0,0.0,1,0,0.2,12.0,gray,jsq,7,20142,17.26349658824044,10.264884957416953,108.2742824617709,170.31522094317333,0.7799622678979248,4.0,1.143738365151765,main,
200/200/150/150/100/100/50/50,0.75,30.0,3.0,0.0,1,0,0.2,12.0,gray,jsq,8,20380,17.83619224569922,10.713515091938852,113.76725954778193,198.35276082194807,0.8438174681059862,4.0,1.1536891179300517,main,
200/200/150/150/100/100/50/50,0.75,30.0,3.0,0.0,1,0,0.2,12.0,gray,jsq,9,20356,19.9263304828238,11.253992187961526,134.78556386402857,240.03474638418248,1.017046571035567,7.0,1.1561845354443592,main,
200/200/150/150/100/100/50/50,0.75,30.0,3.0,0.0,1,0,0.2,12.0,gray,jsq+lc,0,20488,20.12933086476801,11.750824018104566,129.65156889124515,208.94883492721107,1.044074580242093,5.0,1.1759769034825043,main,
200/200/150/150/100/100/50/50,0.75,30.0,3.0,0.0,1,0,0.2,12.0,gray,jsq+lc,1,20301,18.810179172572123,11.072431442538111,124.47736500458717,224.3621569431589,0.9180335944042165,5.0,1.1572631046550161,main,
200/200/150/150/100/100/50/50,0.75,30.0,3.0,0.0,1,0,0.2,12.0,gray,jsq+lc,2,20391,18.48029495820931,10.77045903700835,122.57280746929345,186.13021464893487,0.8987788730322201,4.0,1.2015341351474147,main,
200/200/150/150/100/100/50/50,0.75,30.0,3.0,0.0,1,0,0.2,12.0,gray,jsq+lc,3,20225,17.712214158520606,10.175133625945243,115.37271507828444,213.35795043696558,0.8050432632880099,4.0,1.1812620721705949,main,
200/200/150/150/100/100/50/50,0.75,30.0,3.0,0.0,1,0,0.2,12.0,gray,jsq+lc,4,20322,18.90823352931394,11.139208035022108,124.20440165234956,205.04829664498172,0.9378998130105305,5.0,1.131575431220682,main,
200/200/150/150/100/100/50/50,0.75,30.0,3.0,0.0,1,0,0.2,12.0,gray,jsq+lc,5,20399,18.322628378169817,10.575819673061204,118.28078224582464,191.07668111734773,0.8784744350213246,5.0,1.155920386779109,main,
200/200/150/150/100/100/50/50,0.75,30.0,3.0,0.0,1,0,0.2,12.0,gray,jsq+lc,6,20378,18.669556548904826,10.858575015940453,123.10693673077678,205.82543783429801,0.9108352144469526,4.0,1.1826700211064909,main,
200/200/150/150/100/100/50/50,0.75,30.0,3.0,0.0,1,0,0.2,12.0,gray,jsq+lc,7,20142,17.26349658824044,10.264884957416953,108.2742824617709,170.31522094317333,0.7799622678979248,4.0,1.143738365151765,main,
200/200/150/150/100/100/50/50,0.75,30.0,3.0,0.0,1,0,0.2,12.0,gray,jsq+lc,8,20380,17.83619224569922,10.713515091938852,113.76725954778193,198.35276082194807,0.8438174681059862,4.0,1.1536891179300517,main,
200/200/150/150/100/100/50/50,0.75,30.0,3.0,0.0,1,0,0.2,12.0,gray,jsq+lc,9,20356,19.9263304828238,11.253992187961526,134.78556386402857,240.03474638418248,1.017046571035567,7.0,1.1561845354443592,main,
200/200/150/150/100/100/50/50,0.75,30.0,3.0,0.0,1,0,0.2,12.0,gray,p2c,0,20488,48.009370190118865,24.829073650066036,351.58690328286247,500.29989200726817,3.25907848496681,13.0,1.2265220308038343,main,
200/200/150/150/100/100/50/50,0.75,30.0,3.0,0.0,1,0,0.2,12.0,gray,p2c,1,20301,43.38581709641251,22.820766787457814,289.44871503370706,522.6113790193525,2.869267523767302,11.0,1.1113368005752033,main,
200/200/150/150/100/100/50/50,0.75,30.0,3.0,0.0,1,0,0.2,12.0,gray,p2c,2,20391,39.80364565859288,21.20029476707863,246.00035273651713,376.8985451956291,2.630278063851699,10.0,1.118577409195273,main,
200/200/150/150/100/100/50/50,0.75,30.0,3.0,0.0,1,0,0.2,12.0,gray,p2c,3,20225,40.09421196409164,20.680153667226975,261.3852219855087,408.30216695598693,2.581953028430161,10.0,1.112718497460874,main,
200/200/150/150/100/100/50/50,0.75,30.0,3.0,0.0,1,0,0.2,12.0,gray,p2c,4,20322,42.551326586303,22.510053492924342,286.6352940633979,378.9850363581987,2.817193189646688,10.0,1.11284675560584,main,
200/200/150/150/100/100/50/50,0.75,30.0,3.0,0.0,1,0,0.2,12.0,gray,p2c,5,20399,39.50002765369453,22.644055398242102,232.56984918183593,332.97088635722906,2.671993725182607,9.0,1.1143972586268958,main,
200/200/150/150/100/100/50/50,0.75,30.0,3.0,0.0,1,0,0.2,12.0,gray,p2c,6,20378,42.400991506348326,23.071014037000737,256.8770829682486,347.51118340679005,2.807586613014035,10.0,1.167277016952309,main,
200/200/150/150/100/100/50/50,0.75,30.0,3.0,0.0,1,0,0.2,12.0,gray,p2c,7,20142,36.55482220909459,20.556251683227167,219.5559758214703,339.9194934481491,2.354383874491113,8.0,1.081722812104561,main,
200/200/150/150/100/100/50/50,0.75,30.0,3.0,0.0,1,0,0.2,12.0,gray,p2c,8,20380,42.5614102862108,22.908026147177907,257.5312386316779,371.1871131474621,2.8638861629048087,10.0,1.0863921578462388,main,
200/200/150/150/100/100/50/50,0.75,30.0,3.0,0.0,1,0,0.2,12.0,gray,p2c,9,20356,42.5478756447626,22.95800515585178,275.756270723211,364.7443002523168,2.8344468461387304,10.0,1.126831560944896,main,
200/200/150/150/100/100/50/50,0.75,30.0,3.0,0.0,1,0,0.2,12.0,gray,p2c_learned,0,20488,32.48000246103545,22.668119738623815,152.9500620443292,234.0412050262386,2.705046856696603,11.0,1.2022048689645168,main,
200/200/150/150/100/100/50/50,0.75,30.0,3.0,0.0,1,0,0.2,12.0,gray,p2c_learned,1,20301,29.503865153098655,20.505498694532776,136.40975248061338,205.91661347482773,2.4538200088665585,11.0,1.204776251680404,main,
200/200/150/150/100/100/50/50,0.75,30.0,3.0,0.0,1,0,0.2,12.0,gray,p2c_learned,2,20391,28.854602761379105,20.124473987117142,135.25894363382136,255.13226049888524,2.316561227992742,10.0,1.2038183615346143,main,
200/200/150/150/100/100/50/50,0.75,30.0,3.0,0.0,1,0,0.2,12.0,gray,p2c_learned,3,20225,28.41758493354726,19.815383509488527,137.6117610668639,213.85127745959667,2.2617552533992584,9.0,1.1760872278661512,main,
200/200/150/150/100/100/50/50,0.75,30.0,3.0,0.0,1,0,0.2,12.0,gray,p2c_learned,4,20322,30.373218405085858,21.537836890342277,138.7803929703512,232.6190192788906,2.5040842436768034,10.0,1.2647770816001456,main,
200/200/150/150/100/100/50/50,0.75,30.0,3.0,0.0,1,0,0.2,12.0,gray,p2c_learned,5,20399,28.99420579828938,20.475766095784387,129.86544134314053,207.70307930390217,2.396146869944605,10.0,1.1983329925813644,main,
200/200/150/150/100/100/50/50,0.75,30.0,3.0,0.0,1,0,0.2,12.0,gray,p2c_learned,6,20378,31.491494459143198,21.65123382527412,147.31337017829213,222.45912660291,2.5987830012758857,11.0,1.2108995579893236,main,
200/200/150/150/100/100/50/50,0.75,30.0,3.0,0.0,1,0,0.2,12.0,gray,p2c_learned,7,20142,26.733812211633314,19.08708252296187,121.22418713405479,193.75958871076855,2.1474530831099194,9.0,1.2107096056515403,main,
200/200/150/150/100/100/50/50,0.75,30.0,3.0,0.0,1,0,0.2,12.0,gray,p2c_learned,8,20380,28.602148516890384,20.592950393776288,128.23874975650418,191.2357003802377,2.3881746810598625,10.0,1.1611035301437123,main,
200/200/150/150/100/100/50/50,0.75,30.0,3.0,0.0,1,0,0.2,12.0,gray,p2c_learned,9,20356,30.817869208015853,21.820913008201437,148.9175380769592,228.17574478995382,2.5792395362546667,12.0,1.2217238340212169,main,
200/200/150/150/100/100/50/50,0.75,30.0,3.0,0.0,1,0,0.2,12.0,gray,sed,0,20488,20.893722898508724,13.35871580914727,153.83575847821805,278.2764537145267,1.553738773916439,8.0,1.4284017815730081,main,
200/200/150/150/100/100/50/50,0.75,30.0,3.0,0.0,1,0,0.2,12.0,gray,sed,1,20301,20.091911276268846,12.606399197132134,160.05834949651643,313.3629089200571,1.4435742081670853,7.0,1.4671183835405706,main,
200/200/150/150/100/100/50/50,0.75,30.0,3.0,0.0,1,0,0.2,12.0,gray,sed,2,20391,19.168600007615417,12.340833229451675,150.67882190020262,254.31230313306276,1.3651120592418224,7.0,1.422710136735673,main,
200/200/150/150/100/100/50/50,0.75,30.0,3.0,0.0,1,0,0.2,12.0,gray,sed,3,20225,18.82273735920563,12.063570949926827,135.23207787496975,274.353998148239,1.3250432632880098,6.0,1.4333695628747134,main,
200/200/150/150/100/100/50/50,0.75,30.0,3.0,0.0,1,0,0.2,12.0,gray,sed,4,20322,19.809041921632492,12.694676705310881,144.27218051953452,305.80849493391275,1.4192500738116327,7.0,1.4175081539444103,main,
200/200/150/150/100/100/50/50,0.75,30.0,3.0,0.0,1,0,0.2,12.0,gray,sed,5,20399,19.159722218953696,12.473742211046357,142.8949627407979,274.7857984662434,1.372420216677288,7.0,1.4190580036142022,main,
200/200/150/150/100/100/50/50,0.75,30.0,3.0,0.0,1,0,0.2,12.0,gray,sed,6,20378,19.68618817316738,12.82791671382455,146.7401045473733,313.7921905453042,1.4117185199725193,7.0,1.4269660785688112,main,
200/200/150/150/100/100/50/50,0.75,30.0,3.0,0.0,1,0,0.2,12.0,gray,sed,7,20142,18.13274015842333,11.884993154592571,141.5483751789799,270.20225934463946,1.2344355078939528,6.0,1.4046216495261703,main,
200/200/150/150/100/100/50/50,0.75,30.0,3.0,0.0,1,0,0.2,12.0,gray,sed,8,20380,18.572572591299764,12.348137195700382,136.58284846031864,241.30805234878255,1.3102551521099117,6.0,1.395011744129316,main,
200/200/150/150/100/100/50/50,0.75,30.0,3.0,0.0,1,0,0.2,12.0,gray,sed,9,20356,21.224841122492922,12.984931620060536,168.62568980528263,320.27010177249616,1.5836117115346826,10.0,1.4932786302776493,main,
200/200/150/150/100/100/50/50,0.75,30.0,3.0,0.0,1,0,0.2,12.0,gray,ts,0,20488,19.957301255120072,14.505904777067258,84.75313005899946,152.13318240883325,1.766058180398282,9.0,1.6630789886323074,main,
200/200/150/150/100/100/50/50,0.75,30.0,3.0,0.0,1,0,0.2,12.0,gray,ts,1,20301,19.005184552812995,14.015775709054878,82.2083754542362,140.38837395361946,1.6409536476035664,8.0,1.6193448601467995,main,
200/200/150/150/100/100/50/50,0.75,30.0,3.0,0.0,1,0,0.2,12.0,gray,ts,2,20391,17.94860141208959,13.385684573144374,76.49520894212687,147.76852311367318,1.5329802363787945,8.0,1.7336069265456946,main,
200/200/150/150/100/100/50/50,0.75,30.0,3.0,0.0,1,0,0.2,12.0,gray,ts,3,20225,17.001450595774244,12.416567388375377,74.9784139902663,128.8731088441001,1.354017305315204,7.0,1.5961011092920088,main,
200/200/150/150/100/100/50/50,0.75,30.0,3.0,0.0,1,0,0.2,12.0,gray,ts,4,20322,19.35489634695132,14.49791996943528,79.63041647060933,153.47110696488983,1.7091821671095364,8.0,1.6512903075690921,main,
200/200/150/150/100/100/50/50,0.75,30.0,3.0,0.0,1,0,0.2,12.0,gray,ts,5,20399,18.17080227767331,13.350994215119982,78.00504614243816,127.60837523085374,1.5582626599343106,8.0,1.6660870042591234,main,
200/200/150/150/100/100/50/50,0.75,30.0,3.0,0.0,1,0,0.2,12.0,gray,ts,6,20378,18.779820353418852,14.113583912774175,78.8072357590984,133.21105824141895,1.6297968397291196,8.0,1.677222749905222,main,
200/200/150/150/100/100/50/50,0.75,30.0,3.0,0.0,1,0,0.2,12.0,gray,ts,7,20142,18.448669032286606,14.04186362332105,76.43356497998525,138.50086651526036,1.6335021348426175,8.0,1.635914940980871,main,
200/200/150/150/100/100/50/50,0.75,30.0,3.0,0.0,1,0,0.2,12.0,gray,ts,8,20380,18.593442717766976,14.07896261231767,78.25334054059387,142.58618368884729,1.6317468105986261,7.0,1.6471862795270646,main,
200/200/150/150/100/100/50/50,0.75,30.0,3.0,0.0,1,0,0.2,12.0,gray,ts,9,20356,19.436710174710754,13.791174200636247,96.85884427979236,153.15987187605162,1.641776380428375,10.0,1.6561426719703418,main,
200/200/150/150/100/100/50/50,0.75,30.0,3.0,0.0,1,0,0.2,12.0,gray,ts+lc,0,20488,19.957301255120072,14.505904777067258,84.75313005899946,152.13318240883325,1.766058180398282,9.0,1.6630789886323074,main,
200/200/150/150/100/100/50/50,0.75,30.0,3.0,0.0,1,0,0.2,12.0,gray,ts+lc,1,20301,19.005184552812995,14.015775709054878,82.2083754542362,140.38837395361946,1.6409536476035664,8.0,1.6193448601467995,main,
200/200/150/150/100/100/50/50,0.75,30.0,3.0,0.0,1,0,0.2,12.0,gray,ts+lc,2,20391,17.94860141208959,13.385684573144374,76.49520894212687,147.76852311367318,1.5329802363787945,8.0,1.7336069265456946,main,
200/200/150/150/100/100/50/50,0.75,30.0,3.0,0.0,1,0,0.2,12.0,gray,ts+lc,3,20225,17.001450595774244,12.416567388375377,74.9784139902663,128.8731088441001,1.354017305315204,7.0,1.5961011092920088,main,
200/200/150/150/100/100/50/50,0.75,30.0,3.0,0.0,1,0,0.2,12.0,gray,ts+lc,4,20322,19.35489634695132,14.49791996943528,79.63041647060933,153.47110696488983,1.7091821671095364,8.0,1.6512903075690921,main,
200/200/150/150/100/100/50/50,0.75,30.0,3.0,0.0,1,0,0.2,12.0,gray,ts+lc,5,20399,18.17080227767331,13.350994215119982,78.00504614243816,127.60837523085374,1.5582626599343106,8.0,1.6660870042591234,main,
200/200/150/150/100/100/50/50,0.75,30.0,3.0,0.0,1,0,0.2,12.0,gray,ts+lc,6,20378,18.779820353418852,14.113583912774175,78.8072357590984,133.21105824141895,1.6297968397291196,8.0,1.677222749905222,main,
200/200/150/150/100/100/50/50,0.75,30.0,3.0,0.0,1,0,0.2,12.0,gray,ts+lc,7,20142,18.448669032286606,14.04186362332105,76.43356497998525,138.50086651526036,1.6335021348426175,8.0,1.635914940980871,main,
200/200/150/150/100/100/50/50,0.75,30.0,3.0,0.0,1,0,0.2,12.0,gray,ts+lc,8,20380,18.593442717766976,14.07896261231767,78.25334054059387,142.58618368884729,1.6317468105986261,7.0,1.6471862795270646,main,
200/200/150/150/100/100/50/50,0.75,30.0,3.0,0.0,1,0,0.2,12.0,gray,ts+lc,9,20356,19.436710174710754,13.791174200636247,96.85884427979236,153.15987187605162,1.641776380428375,10.0,1.6561426719703418,main,
200/200/150/150/100/100/50/50,0.75,30.0,3.0,0.0,1,0,0.2,12.0,gray,ts_epoch,0,20488,89.8468875519156,47.30184285326455,707.7799557583733,1565.494166818417,7.773721202655213,37.0,4.433644982296756,main,
200/200/150/150/100/100/50/50,0.75,30.0,3.0,0.0,1,0,0.2,12.0,gray,ts_epoch,1,20301,78.39339586603172,42.93204366863179,558.0383030005933,1074.0792036624614,6.868676419880794,33.0,3.9096462996623407,main,
200/200/150/150/100/100/50/50,0.75,30.0,3.0,0.0,1,0,0.2,12.0,gray,ts_epoch,2,20391,72.29810497767721,40.63065710143832,458.6240917809255,1017.5905117212565,6.452699720464911,31.0,3.8557593048550447,main,
200/200/150/150/100/100/50/50,0.75,30.0,3.0,0.0,1,0,0.2,12.0,gray,ts_epoch,3,20225,73.720246077043,39.472775299891794,522.9856993983948,1066.4161003800948,6.437626699629172,35.7599999999984,3.7958578034864874,main,
200/200/150/150/100/100/50/50,0.75,30.0,3.0,0.0,1,0,0.2,12.0,gray,ts_epoch,4,20322,79.44093303647053,43.52121401681863,566.5247527277446,1138.2980061668113,7.011908276744415,34.0,4.153209231194166,main,
200/200/150/150/100/100/50/50,0.75,30.0,3.0,0.0,1,0,0.2,12.0,gray,ts_epoch,5,20399,81.47974694054487,42.023160374577984,657.344349559896,1260.1453658619616,7.148928869062209,40.0,4.095557618673784,main,
200/200/150/150/100/100/50/50,0.75,30.0,3.0,0.0,1,0,0.2,12.0,gray,ts_epoch,6,20378,74.69680334990501,43.856248890275396,436.3554763906036,1218.9991938032983,6.904112277946806,36.0,3.8954450533634466,main,
200/200/150/150/100/100/50/50,0.75,30.0,3.0,0.0,1,0,0.2,12.0,gray,ts_epoch,7,20142,76.21010136574763,41.52021249720805,546.4822289206663,1545.1158377057347,6.576556449210605,34.0,3.9809912384960784,main,
200/200/150/150/100/100/50/50,0.75,30.0,3.0,0.0,1,0,0.2,12.0,gray,ts_epoch,8,20380,80.28776732885352,43.154076899337255,576.7064364650538,1167.1465156304105,7.1126104023552505,36.0,4.104650931582226,main,
200/200/150/150/100/100/50/50,0.75,30.0,3.0,0.0,1,0,0.2,12.0,gray,ts_epoch,9,20356,83.73948255056571,46.228480977859476,559.4022680531579,857.0175364837497,7.592159559834938,39.0,4.303689326740259,main,
200/200/150/150/100/100/50/50,0.75,30.0,3.0,0.0,1,0,0.2,12.0,gray,wrandom,0,20488,3459.184003077132,27.320512900930183,47421.51074038185,50969.94124888364,138.0089808668489,1890.0,0.9713787318832465,main,
200/200/150/150/100/100/50/50,0.75,30.0,3.0,0.0,1,0,0.2,12.0,gray,wrandom,1,20301,3348.4801486368992,26.326149888436845,45821.52980315784,49567.44151305407,137.39909364070735,1832.0,1.0240282290625582,main,
200/200/150/150/100/100/50/50,0.75,30.0,3.0,0.0,1,0,0.2,12.0,gray,wrandom,2,20391,3115.6344849613506,26.88295114959871,42856.65137193849,46404.4785896502,134.0655191015644,1808.0999999999985,1.0173123892731037,main,
200/200/150/150/100/100/50/50,0.75,30.0,3.0,0.0,1,0,0.2,12.0,gray,wrandom,3,20225,3367.233573532406,24.432616893534487,46048.83912293317,49414.458547237475,135.12800988875154,1839.7599999999984,1.015220037624484,main,
200/200/150/150/100/100/50/50,0.75,30.0,3.0,0.0,1,0,0.2,12.0,gray,wrandom,4,20322,3252.4899291237816,25.99508492625624,44901.872548127394,48106.327864703446,132.87068201948628,1817.7900000000009,1.0117180389293945,main,
200/200/150/150/100/100/50/50,0.75,30.0,3.0,0.0,1,0,0.2,12.0,gray,wrandom,5,20399,3591.166459614548,25.971141651901064,49070.460708029364,52589.78851120485,144.73724202166773,1901.0200000000004,1.0132182965288288,main,
200/200/150/150/100/100/50/50,0.75,30.0,3.0,0.0,1,0,0.2,12.0,gray,wrandom,6,20378,3450.932461628979,26.43810727998286,46584.20141184815,49956.85804711806,140.80743939542643,1894.2299999999996,1.006938161786843,main,
200/200/150/150/100/100/50/50,0.75,30.0,3.0,0.0,1,0,0.2,12.0,gray,wrandom,7,20142,3320.9436573428966,25.89970228937677,46356.36246604606,49844.45798060134,133.15847482871612,1828.5900000000001,0.9942701344382996,main,
200/200/150/150/100/100/50/50,0.75,30.0,3.0,0.0,1,0,0.2,12.0,gray,wrandom,8,20380,3585.819130363948,26.024188444875307,47541.231837510684,51108.71401857101,145.66368989205102,1944.2099999999991,1.0228599509740102,main,
200/200/150/150/100/100/50/50,0.75,30.0,3.0,0.0,1,0,0.2,12.0,gray,wrandom,9,20356,3035.248004794249,27.202711868183016,43300.28595782595,46442.29966035694,123.07673413244252,1736.0,0.9858491486446415,main,
200/200/150/150/100/100/50/50,0.75,30.0,3.0,0.0,4,0,0.2,12.0,gray,greedy,0,20488,19.388895589341,13.79254146511144,85.96229341950293,150.78340863524608,1.5903943771964077,8.0,1.4324335203293448,main,
200/200/150/150/100/100/50/50,0.75,30.0,3.0,0.0,4,0,0.2,12.0,gray,greedy,1,20301,19.19061102227013,13.728779855275874,89.8516837311476,170.37944516913515,1.6066696221860992,8.0,1.4166316429983277,main,
200/200/150/150/100/100/50/50,0.75,30.0,3.0,0.0,4,0,0.2,12.0,gray,greedy,2,20391,17.578039107275412,12.607867348304325,80.51612498515105,161.83578855053713,1.382472659506645,7.0,1.5350398629968682,main,
200/200/150/150/100/100/50/50,0.75,30.0,3.0,0.0,4,0,0.2,12.0,gray,greedy,3,20225,17.16031277054585,12.406978415146597,81.17002413304596,142.46440028251988,1.3354758961681088,6.0,1.537125942881231,main,
200/200/150/150/100/100/50/50,0.75,30.0,3.0,0.0,4,0,0.2,12.0,gray,greedy,4,20322,18.481569525047497,13.445842823120557,81.65509399226625,178.32190181956932,1.492717252238953,7.0,1.466413298341363,main,
200/200/150/150/100/100/50/50,0.75,30.0,3.0,0.0,4,0,0.2,12.0,gray,greedy,5,20399,18.088917332627208,13.238744284844728,81.49086708677389,163.74844394136886,1.464434531104466,7.0,1.479759849049383,main,
200/200/150/150/100/100/50/50,0.75,30.0,3.0,0.0,4,0,0.2,12.0,gray,greedy,6,20378,18.348569875615652,13.399261820393082,82.1242877236923,154.35812472551385,1.5083914024928844,7.0,1.515737314019404,main,
200/200/150/150/100/100/50/50,0.75,30.0,3.0,0.0,4,0,0.2,12.0,gray,greedy,7,20142,16.432688917133415,12.194155538957752,76.51054252554259,143.47811745524064,1.2394002581670143,6.0,1.4982352719561456,main,
200/200/150/150/100/100/50/50,0.75,30.0,3.0,0.0,4,0,0.2,12.0,gray,greedy,8,20380,17.02645115439637,12.644395518679463,74.4620519053406,152.07029703612807,1.3259077526987242,6.0,1.5066304715891323,main,
200/200/150/150/100/100/50/50,0.75,30.0,3.0,0.0,4,0,0.2,12.0,gray,greedy,9,20356,19.247961609148565,13.29614941783408,100.6017810443078,176.72849098519274,1.5654843780703478,9.0,1.5444874400835849,main,
200/200/150/150/100/100/50/50,0.75,30.0,3.0,0.0,4,0,0.2,12.0,gray,greedy+lc,0,20488,19.388895589341,13.79254146511144,85.96229341950293,150.78340863524608,1.5903943771964077,8.0,1.4324335203293448,main,
200/200/150/150/100/100/50/50,0.75,30.0,3.0,0.0,4,0,0.2,12.0,gray,greedy+lc,1,20301,19.19061102227013,13.728779855275874,89.8516837311476,170.37944516913515,1.6066696221860992,8.0,1.4166316429983277,main,
200/200/150/150/100/100/50/50,0.75,30.0,3.0,0.0,4,0,0.2,12.0,gray,greedy+lc,2,20391,17.578039107275412,12.607867348304325,80.51612498515105,161.83578855053713,1.382472659506645,7.0,1.5350398629968682,main,
200/200/150/150/100/100/50/50,0.75,30.0,3.0,0.0,4,0,0.2,12.0,gray,greedy+lc,3,20225,17.16031277054585,12.406978415146597,81.17002413304596,142.46440028251988,1.3354758961681088,6.0,1.537125942881231,main,
200/200/150/150/100/100/50/50,0.75,30.0,3.0,0.0,4,0,0.2,12.0,gray,greedy+lc,4,20322,18.481569525047497,13.445842823120557,81.65509399226625,178.32190181956932,1.492717252238953,7.0,1.466413298341363,main,
200/200/150/150/100/100/50/50,0.75,30.0,3.0,0.0,4,0,0.2,12.0,gray,greedy+lc,5,20399,18.088917332627208,13.238744284844728,81.49086708677389,163.74844394136886,1.464434531104466,7.0,1.479759849049383,main,
200/200/150/150/100/100/50/50,0.75,30.0,3.0,0.0,4,0,0.2,12.0,gray,greedy+lc,6,20378,18.348569875615652,13.399261820393082,82.1242877236923,154.35812472551385,1.5083914024928844,7.0,1.515737314019404,main,
200/200/150/150/100/100/50/50,0.75,30.0,3.0,0.0,4,0,0.2,12.0,gray,greedy+lc,7,20142,16.432688917133415,12.194155538957752,76.51054252554259,143.47811745524064,1.2394002581670143,6.0,1.4982352719561456,main,
200/200/150/150/100/100/50/50,0.75,30.0,3.0,0.0,4,0,0.2,12.0,gray,greedy+lc,8,20380,17.02645115439637,12.644395518679463,74.4620519053406,152.07029703612807,1.3259077526987242,6.0,1.5066304715891323,main,
200/200/150/150/100/100/50/50,0.75,30.0,3.0,0.0,4,0,0.2,12.0,gray,greedy+lc,9,20356,19.247961609148565,13.29614941783408,100.6017810443078,176.72849098519274,1.5654843780703478,9.0,1.5444874400835849,main,
200/200/150/150/100/100/50/50,0.75,30.0,3.0,0.0,4,0,0.2,12.0,gray,jsq,0,20488,20.307338391159004,11.585410798818252,135.98920855755534,224.8158049048365,1.057448262397501,6.0,1.221381645191835,main,
200/200/150/150/100/100/50/50,0.75,30.0,3.0,0.0,4,0,0.2,12.0,gray,jsq,1,20301,19.091796408018578,11.093168850065283,128.75289587268313,235.26379186709408,0.9505443081621595,5.0,1.1685905190702022,main,
200/200/150/150/100/100/50/50,0.75,30.0,3.0,0.0,4,0,0.2,12.0,gray,jsq,2,20391,17.98636335191798,10.592729512469035,118.8516810354203,202.25592869131557,0.8522387327742632,4.0,1.24657586392167,main,
200/200/150/150/100/100/50/50,0.75,30.0,3.0,0.0,4,0,0.2,12.0,gray,jsq,3,20225,17.952933836322057,10.386044786285353,118.71966732805598,203.22268195915544,0.8304573547589617,4.0,1.1344651041950446,main,
200/200/150/150/100/100/50/50,0.75,30.0,3.0,0.0,4,0,0.2,12.0,gray,jsq,4,20322,18.929411526948186,11.046790550468977,119.25117098636358,188.59289209712293,0.9420824721976183,5.0,1.1544345252020958,main,
200/200/150/150/100/100/50/50,0.75,30.0,3.0,0.0,4,0,0.2,12.0,gray,jsq,5,20399,18.69971892054797,10.77017548321102,115.63753922061738,196.09896190185455,0.9121035344869847,4.0,1.173652897094993,main,
200/200/150/150/100/100/50/50,0.75,30.0,3.0,0.0,4,0,0.2,12.0,gray,jsq,6,20378,18.999345783025948,11.142688550933144,123.7178229453516,207.53886057966818,0.9441554617724998,4.0,1.1711445393216797,main,
200/200/150/150/100/100/50/50,0.75,30.0,3.0,0.0,4,0,0.2,12.0,gray,jsq,7,20142,17.389573053972132,10.319970596281536,108.02114609738001,182.28347878993426,0.7874590408102472,4.0,1.1223409187551345,main,
200/200/150/150/100/100/50/50,0.75,30.0,3.0,0.0,4,0,0.2,12.0,gray,jsq,8,20380,17.705049833309754,10.634303948629409,107.99825564921073,173.8383108205369,0.8270853778213936,4.0,1.1492416413228552,main,
200/200/150/150/100/100/50/50,0.75,30.0,3.0,0.0,4,0,0.2,12.0,gray,jsq,9,20356,19.94165355322667,11.201898901233243,134.3153694470936,239.91282378726504,1.0140990371389271,7.0,1.1665532486919172,main,
200/200/150/150/100/100/50/50,0.75,30.0,3.0,0.0,4,0,0.2,12.0,gray,jsq+lc,0,20488,20.307338391159004,11.585410798818252,135.98920855755534,224.8158049048365,1.057448262397501,6.0,1.221381645191835,main,
200/200/150/150/100/100/50/50,0.75,30.0,3.0,0.0,4,0,0.2,12.0,gray,jsq+lc,1,20301,19.091796408018578,11.093168850065283,128.75289587268313,235.26379186709408,0.9505443081621595,5.0,1.1685905190702022,main,
200/200/150/150/100/100/50/50,0.75,30.0,3.0,0.0,4,0,0.2,12.0,gray,jsq+lc,2,20391,17.98636335191798,10.592729512469035,118.8516810354203,202.25592869131557,0.8522387327742632,4.0,1.24657586392167,main,
200/200/150/150/100/100/50/50,0.75,30.0,3.0,0.0,4,0,0.2,12.0,gray,jsq+lc,3,20225,17.952933836322057,10.386044786285353,118.71966732805598,203.22268195915544,0.8304573547589617,4.0,1.1344651041950446,main,
200/200/150/150/100/100/50/50,0.75,30.0,3.0,0.0,4,0,0.2,12.0,gray,jsq+lc,4,20322,18.929411526948186,11.046790550468977,119.25117098636358,188.59289209712293,0.9420824721976183,5.0,1.1544345252020958,main,
200/200/150/150/100/100/50/50,0.75,30.0,3.0,0.0,4,0,0.2,12.0,gray,jsq+lc,5,20399,18.69971892054797,10.77017548321102,115.63753922061738,196.09896190185455,0.9121035344869847,4.0,1.173652897094993,main,
200/200/150/150/100/100/50/50,0.75,30.0,3.0,0.0,4,0,0.2,12.0,gray,jsq+lc,6,20378,18.999345783025948,11.142688550933144,123.7178229453516,207.53886057966818,0.9441554617724998,4.0,1.1711445393216797,main,
200/200/150/150/100/100/50/50,0.75,30.0,3.0,0.0,4,0,0.2,12.0,gray,jsq+lc,7,20142,17.389573053972132,10.319970596281536,108.02114609738001,182.28347878993426,0.7874590408102472,4.0,1.1223409187551345,main,
200/200/150/150/100/100/50/50,0.75,30.0,3.0,0.0,4,0,0.2,12.0,gray,jsq+lc,8,20380,17.705049833309754,10.634303948629409,107.99825564921073,173.8383108205369,0.8270853778213936,4.0,1.1492416413228552,main,
200/200/150/150/100/100/50/50,0.75,30.0,3.0,0.0,4,0,0.2,12.0,gray,jsq+lc,9,20356,19.94165355322667,11.201898901233243,134.3153694470936,239.91282378726504,1.0140990371389271,7.0,1.1665532486919172,main,
200/200/150/150/100/100/50/50,0.75,30.0,3.0,0.0,4,0,0.2,12.0,gray,p2c,0,20488,44.587694494247025,24.49851171466122,283.66021775140206,423.9175110654306,3.0046368606013276,11.0,1.1110113419919196,main,
200/200/150/150/100/100/50/50,0.75,30.0,3.0,0.0,4,0,0.2,12.0,gray,p2c,1,20301,42.381965211732854,22.974809686274966,260.78859215903094,373.729982383754,2.833308704004729,10.0,1.073166545250651,main,
200/200/150/150/100/100/50/50,0.75,30.0,3.0,0.0,4,0,0.2,12.0,gray,p2c,2,20391,37.097237102716946,20.619562342190534,224.66078996777105,338.2259956661208,2.4059634152322102,9.0,1.1017876471809114,main,
200/200/150/150/100/100/50/50,0.75,30.0,3.0,0.0,4,0,0.2,12.0,gray,p2c,3,20225,39.89623206493756,21.18579179166602,263.8924456512988,388.396985279626,2.5830407911001236,10.0,1.0842801450923898,main,
200/200/150/150/100/100/50/50,0.75,30.0,3.0,0.0,4,0,0.2,12.0,gray,p2c,4,20322,43.19759454330921,23.048035329168215,280.17595566677966,398.03157607572575,2.8787520913295936,11.0,1.0807904301296418,main,
200/200/150/150/100/100/50/50,0.75,30.0,3.0,0.0,4,0,0.2,12.0,gray,p2c,5,20399,42.73695951262024,22.768909595491493,272.6372462660563,373.6124276753558,2.854061473601647,10.0,1.112376832659445,main,
200/200/150/150/100/100/50/50,0.75,30.0,3.0,0.0,4,0,0.2,12.0,gray,p2c,6,20378,41.28075017161829,22.66782875044182,257.5850159279259,352.13345690288986,2.7373638237314752,10.0,1.1219583661394577,main,
200/200/150/150/100/100/50/50,0.75,30.0,3.0,0.0,4,0,0.2,12.0,gray,p2c,7,20142,38.79132881430255,20.865370336195177,241.939856626404,366.2450806655318,2.506752060371363,9.0,1.1156760096520184,main,
200/200/150/150/100/100/50/50,0.75,30.0,3.0,0.0,4,0,0.2,12.0,gray,p2c,8,20380,41.30053915012217,22.61373094289798,256.56940632034724,389.29321594580335,2.7584887144259076,10.0,1.0563825627233285,main,
200/200/150/150/100/100/50/50,0.75,30.0,3.0,0.0,4,0,0.2,12.0,gray,p2c,9,20356,43.06625716807665,23.701754334386038,254.0089098491938,412.0299679529074,2.886274317154647,10.0,1.084720423621966,main,
200/200/150/150/100/100/50/50,0.75,30.0,3.0,0.0,4,0,0.2,12.0,gray,p2c_learned,0,20488,34.182767418913244,22.85112949176593,175.16462778744616,293.014562721066,2.819699336196798,12.0,1.1947157067798597,main,
200/200/150/150/100/100/50/50,0.75,30.0,3.0,0.0,4,0,0.2,12.0,gray,p2c_learned,1,20301,32.205087128369215,21.152587420655067,158.66798957171824,258.2514615472839,2.6295256391310775,12.0,1.154916605203414,main,
200/200/150/150/100/100/50/50,0.75,30.0,3.0,0.0,4,0,0.2,12.0,gray,p2c_learned,2,20391,28.56882553096012,19.596869135789063,149.80679862162592,240.66865340681827,2.2468245794713355,9.0,1.202977768781879,main,
200/200/150/150/100/100/50/50,0.75,30.0,3.0,0.0,4,0,0.2,12.0,gray,p2c_learned,3,20225,31.125368142936814,20.014331329237578,168.84942553875968,296.17680832876954,2.4648702101359703,11.0,1.2098290878726063,main,
200/200/150/150/100/100/50/50,0.75,30.0,3.0,0.0,4,0,0.2,12.0,gray,p2c_learned,4,20322,29.734039021766325,20.474155281270612,141.5524384644074,277.94087558879545,2.3796378309221535,9.0,1.154192862428804,main,
200/200/150/150/100/100/50/50,0.75,30.0,3.0,0.0,4,0,0.2,12.0,gray,p2c_learned,5,20399,32.21421370491979,20.991234977977058,163.49079711166573,244.6051921233313,2.6061571645668904,11.0,1.146706034097503,main,
200/200/150/150/100/100/50/50,0.75,30.0,3.0,0.0,4,0,0.2,12.0,gray,p2c_learned,6,20378,30.991962005278694,21.95484835768058,150.48305174178157,271.85770508711346,2.529836097752478,10.0,1.190575966892228,main,
200/200/150/150/100/100/50/50,0.75,30.0,3.0,0.0,4,0,0.2,12.0,gray,p2c_learned,7,20142,29.073726190896082,19.622155876770186,146.89080072005333,276.2831452322494,2.2585145467183,10.0,1.2217493251121394,main,
200/200/150/150/100/100/50/50,0.75,30.0,3.0,0.0,4,0,0.2,12.0,gray,p2c_learned,8,20380,30.098335910721882,21.347165599953534,137.91124204882382,222.4130329348406,2.487144259077527,10.0,1.1350681706936945,main,
200/200/150/150/100/100/50/50,0.75,30.0,3.0,0.0,4,0,0.2,12.0,gray,p2c_learned,9,20356,32.86028768851747,22.43527656488631,162.6875484615298,300.3711025360404,2.6817154647278443,11.0,1.1913097527943903,main,
200/200/150/150/100/100/50/50,0.75,30.0,3.0,0.0,4,0,0.2,12.0,gray,sed,0,20488,20.72767837461455,13.25768188907439,151.1455861150094,284.89171275567827,1.5368020304568528,8.0,1.4508074993430247,main,
200/200/150/150/100/100/50/50,0.75,30.0,3.0,0.0,4,0,0.2,12.0,gray,sed,1,20301,20.02220335902069,12.664548489812244,150.78260650351538,306.4345306871896,1.4439190187675484,7.0,1.4735024733287432,main,
200/200/150/150/100/100/50/50,0.75,30.0,3.0,0.0,4,0,0.2,12.0,gray,sed,2,20391,19.012461029513368,12.082268731147039,147.42061166291666,280.1968051331215,1.3363248491981756,6.0,1.466088680749831,main,
200/200/150/150/100/100/50/50,0.75,30.0,3.0,0.0,4,0,0.2,12.0,gray,sed,3,20225,18.585823119978684,11.973518327707211,142.77423726729583,258.83128805158594,1.2937453646477133,7.0,1.413066814633731,main,
200/200/150/150/100/100/50/50,0.75,30.0,3.0,0.0,4,0,0.2,12.0,gray,sed,4,20322,19.717304470413023,12.55287899337354,145.5579988874701,297.9769896167602,1.404586162779254,7.0,1.4726605337821737,main,
200/200/150/150/100/100/50/50,0.75,30.0,3.0,0.0,4,0,0.2,12.0,gray,sed,5,20399,19.385222011436245,12.522045232703505,150.66911795514082,268.3324332673738,1.3908524927692534,7.0,1.4293431688085885,main,
200/200/150/150/100/100/50/50,0.75,30.0,3.0,0.0,4,0,0.2,12.0,gray,sed,6,20378,19.777766283813055,12.92285576165586,140.1558623301847,284.8297681635072,1.4263912062027677,7.0,1.4613432232171002,main,
200/200/150/150/100/100/50/50,0.75,30.0,3.0,0.0,4,0,0.2,12.0,gray,sed,7,20142,18.265409258578412,11.8275857141672,140.44024210199336,249.91497198704653,1.254939926521696,6.0,1.3980969426900316,main,
200/200/150/150/100/100/50/50,0.75,30.0,3.0,0.0,4,0,0.2,12.0,gray,sed,8,20380,18.49738332968817,12.138344781820631,139.54882749756854,261.9149330931321,1.3023552502453386,6.0,1.4280296368330374,main,
200/200/150/150/100/100/50/50,0.75,30.0,3.0,0.0,4,0,0.2,12.0,gray,sed,9,20356,21.019386615022302,12.9493711713069,154.22408112488137,319.59897750484856,1.5384161917862056,9.0,1.4681473438329506,main,
200/200/150/150/100/100/50/50,0.75,30.0,3.0,0.0,4,0,0.2,12.0,gray,ts,0,20488,19.670559382405084,14.158242115716035,89.92750685471854,162.84016014949492,1.614896524795002,8.0,1.4001179652362827,main,
200/200/150/150/100/100/50/50,0.75,30.0,3.0,0.0,4,0,0.2,12.0,gray,ts,1,20301,18.36422467604369,13.10154332426805,86.90700838897314,160.93791798564806,1.4925865720900449,8.0,1.4784807063112795,main,
200/200/150/150/100/100/50/50,0.75,30.0,3.0,0.0,4,0,0.2,12.0,gray,ts,2,20391,17.135581119032985,12.17681277947591,81.40282895512544,151.5028899350625,1.309989701338826,6.0,1.5165527363992009,main,
200/200/150/150/100/100/50/50,0.75,30.0,3.0,0.0,4,0,0.2,12.0,gray,ts,3,20225,17.753300636789103,12.865311579480121,81.1583598761848,154.81159063438898,1.435105067985167,7.0,1.5059563987043902,main,
200/200/150/150/100/100/50/50,0.75,30.0,3.0,0.0,4,0,0.2,12.0,gray,ts,4,20322,19.226250222743907,14.180042769032397,84.79187834299816,169.88474704130212,1.6355181576616475,8.0,1.487295665636991,main,
200/200/150/150/100/100/50/50,0.75,30.0,3.0,0.0,4,0,0.2,12.0,gray,ts,5,20399,18.18083040644019,13.263219229848744,82.046121767685,169.85925393002375,1.501887347418991,8.0,1.5061625587787626,main,
200/200/150/150/100/100/50/50,0.75,30.0,3.0,0.0,4,0,0.2,12.0,gray,ts,6,20378,17.507098286020057,12.701826408035188,79.55294220522711,170.36674398053765,1.3609284522524292,7.0,1.4165143209250486,main,
200/200/150/150/100/100/50/50,0.75,30.0,3.0,0.0,4,0,0.2,12.0,gray,ts,7,20142,16.472361272206605,12.085444226187292,76.47020008850254,144.21605720658542,1.2340879753748386,6.0,1.5035267771080636,main,
200/200/150/150/100/100/50/50,0.75,30.0,3.0,0.0,4,0,0.2,12.0,gray,ts,8,20380,17.132590298266994,12.733030505220233,75.6062420474972,148.74096473374567,1.3759568204121688,7.0,1.4500668199931348,main,
200/200/150/150/100/100/50/50,0.75,30.0,3.0,0.0,4,0,0.2,12.0,gray,ts,9,20356,20.392024713881764,14.364936626159341,100.77614122202877,186.4996491059879,1.765523678522303,11.0,1.4756624527667055,main,
200/200/150/150/100/100/50/50,0.75,30.0,3.0,0.0,4,0,0.2,12.0,gray,ts+lc,0,20488,19.670559382405084,14.158242115716035,89.92750685471854,162.84016014949492,1.614896524795002,8.0,1.4001179652362827,main,
200/200/150/150/100/100/50/50,0.75,30.0,3.0,0.0,4,0,0.2,12.0,gray,ts+lc,1,20301,18.36422467604369,13.10154332426805,86.90700838897314,160.93791798564806,1.4925865720900449,8.0,1.4784807063112795,main,
200/200/150/150/100/100/50/50,0.75,30.0,3.0,0.0,4,0,0.2,12.0,gray,ts+lc,2,20391,17.135581119032985,12.17681277947591,81.40282895512544,151.5028899350625,1.309989701338826,6.0,1.5165527363992009,main,
200/200/150/150/100/100/50/50,0.75,30.0,3.0,0.0,4,0,0.2,12.0,gray,ts+lc,3,20225,17.753300636789103,12.865311579480121,81.1583598761848,154.81159063438898,1.435105067985167,7.0,1.5059563987043902,main,
200/200/150/150/100/100/50/50,0.75,30.0,3.0,0.0,4,0,0.2,12.0,gray,ts+lc,4,20322,19.226250222743907,14.180042769032397,84.79187834299816,169.88474704130212,1.6355181576616475,8.0,1.487295665636991,main,
200/200/150/150/100/100/50/50,0.75,30.0,3.0,0.0,4,0,0.2,12.0,gray,ts+lc,5,20399,18.18083040644019,13.263219229848744,82.046121767685,169.85925393002375,1.501887347418991,8.0,1.5061625587787626,main,
200/200/150/150/100/100/50/50,0.75,30.0,3.0,0.0,4,0,0.2,12.0,gray,ts+lc,6,20378,17.507098286020057,12.701826408035188,79.55294220522711,170.36674398053765,1.3609284522524292,7.0,1.4165143209250486,main,
200/200/150/150/100/100/50/50,0.75,30.0,3.0,0.0,4,0,0.2,12.0,gray,ts+lc,7,20142,16.472361272206605,12.085444226187292,76.47020008850254,144.21605720658542,1.2340879753748386,6.0,1.5035267771080636,main,
200/200/150/150/100/100/50/50,0.75,30.0,3.0,0.0,4,0,0.2,12.0,gray,ts+lc,8,20380,17.132590298266994,12.733030505220233,75.6062420474972,148.74096473374567,1.3759568204121688,7.0,1.4500668199931348,main,
200/200/150/150/100/100/50/50,0.75,30.0,3.0,0.0,4,0,0.2,12.0,gray,ts+lc,9,20356,20.392024713881764,14.364936626159341,100.77614122202877,186.4996491059879,1.765523678522303,11.0,1.4756624527667055,main,
200/200/150/150/100/100/50/50,0.75,30.0,3.0,0.0,4,0,0.2,12.0,gray,ts_epoch,0,20488,52.271946349828745,34.68402509780822,286.7024624995768,453.07615732405674,4.612797735259664,20.0,2.154711036488218,main,
200/200/150/150/100/100/50/50,0.75,30.0,3.0,0.0,4,0,0.2,12.0,gray,ts_epoch,1,20301,48.64182194353633,30.516274264156706,278.4929661895426,496.4261042362927,4.16181468893158,17.0,2.0200702161341875,main,
200/200/150/150/100/100/50/50,0.75,30.0,3.0,0.0,4,0,0.2,12.0,gray,ts_epoch,2,20391,47.17193993342817,31.21744980108687,276.72723346749376,462.9984538757913,4.045951645333726,16.0,1.9907537803186417,main,
200/200/150/150/100/100/50/50,0.75,30.0,3.0,0.0,4,0,0.2,12.0,gray,ts_epoch,3,20225,50.607337811479276,32.04868207883749,301.2869684537269,465.77657798996034,4.3238566131025955,17.0,2.250060472259122,main,
200/200/150/150/100/100/50/50,0.75,30.0,3.0,0.0,4,0,0.2,12.0,gray,ts_epoch,4,20322,59.591519868702605,34.1027991878633,414.0552385891592,747.8319074265472,5.05476823147328,24.0,2.7827352840190724,main,
200/200/150/150/100/100/50/50,0.75,30.0,3.0,0.0,4,0,0.2,12.0,gray,ts_epoch,5,20399,52.77206787858523,33.94620545824978,302.3699996579745,580.9921247521562,4.709152409431835,22.0,2.340806100804916,main,
200/200/150/150/100/100/50/50,0.75,30.0,3.0,0.0,4,0,0.2,12.0,gray,ts_epoch,6,20378,49.604766446325364,31.809196882365498,292.83752800894723,558.3492734051775,4.160614388065561,17.0,2.0130609771867483,main,
200/200/150/150/100/100/50/50,0.75,30.0,3.0,0.0,4,0,0.2,12.0,gray,ts_epoch,7,20142,48.68597696790055,31.199348176205177,265.37724873371826,416.75084571150944,4.176496872207328,17.0,2.1160786733945747,main,
200/200/150/150/100/100/50/50,0.75,30.0,3.0,0.0,4,0,0.2,12.0,gray,ts_epoch,8,20380,46.85580825486299,31.37069047063079,264.87050194840066,425.9817587627472,4.076594700686948,16.0,1.9518076438429273,main,
200/200/150/150/100/100/50/50,0.75,30.0,3.0,0.0,4,0,0.2,12.0,gray,ts_epoch,9,20356,53.12965036011899,32.49887911052518,348.03133372023666,601.7966299331126,4.485655335036353,19.0,2.1950046377661576,main,
200/200/150/150/100/100/50/50,0.75,30.0,3.0,0.0,4,0,0.2,12.0,gray,wrandom,0,20488,3173.6581486018463,29.665331920854854,44891.67322215006,48346.22403429504,129.95792659117532,1783.0,1.0296799852142615,main,
200/200/150/150/100/100/50/50,0.75,30.0,3.0,0.0,4,0,0.2,12.0,gray,wrandom,1,20301,3094.8538870179495,25.50709249993588,43874.17201198129,47321.50119748402,124.12757992217132,1725.0,1.0110765427286998,main,
200/200/150/150/100/100/50/50,0.75,30.0,3.0,0.0,4,0,0.2,12.0,gray,wrandom,2,20391,3094.704853666854,26.205254183526705,43352.05724978172,46837.77091300842,126.2838997596979,1792.0999999999985,1.0146837108934776,main,
200/200/150/150/100/100/50/50,0.75,30.0,3.0,0.0,4,0,0.2,12.0,gray,wrandom,3,20225,3133.7989915894173,26.138946056477153,44631.379196242524,47464.032697169445,128.41957972805932,1785.7599999999984,1.0319176500718132,main,
200/200/150/150/100/100/50/50,0.75,30.0,3.0,0.0,4,0,0.2,12.0,gray,wrandom,4,20322,3468.5317995549085,25.072537743767498,46394.02713089656,49756.58551337243,139.33810648558213,1886.7900000000009,0.976164797961689,main,
200/200/150/150/100/100/50/50,0.75,30.0,3.0,0.0,4,0,0.2,12.0,gray,wrandom,5,20399,3415.0885076354048,26.57693976461495,47024.86358308917,50443.36947518716,134.4669346536595,1835.0200000000004,0.980721527763482,main,
200/200/150/150/100/100/50/50,0.75,30.0,3.0,0.0,4,0,0.2,12.0,gray,wrandom,6,20378,3126.012568855336,27.487256149708816,43903.000380293975,47423.09881216459,127.72151339680047,1771.2299999999996,0.97176431250961,main,
200/200/150/150/100/100/50/50,0.75,30.0,3.0,0.0,4,0,0.2,12.0,gray,wrandom,7,20142,3351.500402523625,24.98763918164748,46141.69832212177,49548.513534344165,136.1556945685632,1837.5900000000001,0.9970186105666938,main,
200/200/150/150/100/100/50/50,0.75,30.0,3.0,0.0,4,0,0.2,12.0,gray,wrandom,8,20380,3429.3550551009425,25.37320505140528,46390.86939375747,49832.757696047614,138.0177134445535,1866.2099999999991,1.0012738703499033,main,
200/200/150/150/100/100/50/50,0.75,30.0,3.0,0.0,4,0,0.2,12.0,gray,wrandom,9,20356,3511.9144246613946,26.71047757969669,47607.284526099545,50972.38382715645,143.5578207899391,1906.4500000000007,1.0249751188938752,main,
200/200/150/150/100/100/50/50,0.75,30.0,3.0,0.0,16,0,0.2,12.0,gray,greedy,0,20488,19.646222050201818,13.741430247589115,92.43661363816159,194.1640026672729,1.5526649746192893,8.0,1.3786055313750603,main,
200/200/150/150/100/100/50/50,0.75,30.0,3.0,0.0,16,0,0.2,12.0,gray,greedy,1,20301,27.296760384768028,13.164864760423,102.84647955498727,3812.354881842761,1.8606472587557263,8.0,1.4237357299612343,main,
200/200/150/150/100/100/50/50,0.75,30.0,3.0,0.0,16,0,0.2,12.0,gray,greedy,2,20391,17.730901972168304,12.321536133327982,89.37284109433675,171.2654762427795,1.3431906233142072,7.0,1.4503086962766085,main,
200/200/150/150/100/100/50/50,0.75,30.0,3.0,0.0,16,0,0.2,12.0,gray,greedy,3,20225,16.871437698159877,11.83259856201957,85.65890958080877,154.8024158404729,1.2198269468479603,6.0,1.434499806471922,main,
200/200/150/150/100/100/50/50,0.75,30.0,3.0,0.0,16,0,0.2,12.0,gray,greedy,4,20322,18.326539759707988,12.850806702445539,86.32884246851557,168.29364671580385,1.4298789489223502,7.0,1.4104686283836556,main,
200/200/150/150/100/100/50/50,0.75,30.0,3.0,0.0,16,0,0.2,12.0,gray,greedy,5,20399,18.02991295379873,12.911353219564603,87.78983829518401,189.4230053629797,1.3941369674984068,7.0,1.462016831674513,main,
200/200/150/150/100/100/50/50,0.75,30.0,3.0,0.0,16,0,0.2,12.0,gray,greedy,6,20378,18.063907167011354,12.843682320347938,86.13888583426042,212.38939516164987,1.386593385023064,7.0,1.4249650149844173,main,
200/200/150/150/100/100/50/50,0.75,30.0,3.0,0.0,16,0,0.2,12.0,gray,greedy,7,20142,16.981800977022054,12.53551314351009,78.00333899523771,157.3803168618912,1.3067719193724556,6.0,1.3203538154489156,main,
200/200/150/150/100/100/50/50,0.75,30.0,3.0,0.0,16,0,0.2,12.0,gray,greedy,8,20380,17.883445637894397,12.228070614237474,80.87924631363107,166.70982703584005,1.3070166830225711,6.0,1.3886952851007253,main,
200/200/150/150/100/100/50/50,0.75,30.0,3.0,0.0,16,0,0.2,12.0,gray,greedy,9,20356,19.225380177613875,12.942790327727938,106.99698355118798,189.10123787905727,1.468461387305954,9.0,1.392964494511,main,
200/200/150/150/100/100/50/50,0.75,30.0,3.0,0.0,16,0,0.2,12.0,gray,greedy+lc,0,20488,19.646222050201818,13.741430247589115,92.43661363816159,194.1640026672729,1.5526649746192893,8.0,1.3786055313750603,main,
200/200/150/150/100/100/50/50,0.75,30.0,3.0,0.0,16,0,0.2,12.0,gray,greedy+lc,1,20301,27.296760384768028,13.164864760423,102.84647955498727,3812.354881842761,1.8606472587557263,8.0,1.4237357299612343,main,
200/200/150/150/100/100/50/50,0.75,30.0,3.0,0.0,16,0,0.2,12.0,gray,greedy+lc,2,20391,17.730901972168304,12.321536133327982,89.37284109433675,171.2654762427795,1.3431906233142072,7.0,1.4503086962766085,main,
200/200/150/150/100/100/50/50,0.75,30.0,3.0,0.0,16,0,0.2,12.0,gray,greedy+lc,3,20225,16.871437698159877,11.83259856201957,85.65890958080877,154.8024158404729,1.2198269468479603,6.0,1.434499806471922,main,
200/200/150/150/100/100/50/50,0.75,30.0,3.0,0.0,16,0,0.2,12.0,gray,greedy+lc,4,20322,18.326539759707988,12.850806702445539,86.32884246851557,168.29364671580385,1.4298789489223502,7.0,1.4104686283836556,main,
200/200/150/150/100/100/50/50,0.75,30.0,3.0,0.0,16,0,0.2,12.0,gray,greedy+lc,5,20399,18.02991295379873,12.911353219564603,87.78983829518401,189.4230053629797,1.3941369674984068,7.0,1.462016831674513,main,
200/200/150/150/100/100/50/50,0.75,30.0,3.0,0.0,16,0,0.2,12.0,gray,greedy+lc,6,20378,18.063907167011354,12.843682320347938,86.13888583426042,212.38939516164987,1.386593385023064,7.0,1.4249650149844173,main,
200/200/150/150/100/100/50/50,0.75,30.0,3.0,0.0,16,0,0.2,12.0,gray,greedy+lc,7,20142,16.981800977022054,12.53551314351009,78.00333899523771,157.3803168618912,1.3067719193724556,6.0,1.3203538154489156,main,
200/200/150/150/100/100/50/50,0.75,30.0,3.0,0.0,16,0,0.2,12.0,gray,greedy+lc,8,20380,17.883445637894397,12.228070614237474,80.87924631363107,166.70982703584005,1.3070166830225711,6.0,1.3886952851007253,main,
200/200/150/150/100/100/50/50,0.75,30.0,3.0,0.0,16,0,0.2,12.0,gray,greedy+lc,9,20356,19.225380177613875,12.942790327727938,106.99698355118798,189.10123787905727,1.468461387305954,9.0,1.392964494511,main,
200/200/150/150/100/100/50/50,0.75,30.0,3.0,0.0,16,0,0.2,12.0,gray,jsq,0,20488,20.190932209642593,11.64069719359695,134.39856527013944,206.84183927303712,1.0524209293244826,5.0,1.187014700335647,main,
200/200/150/150/100/100/50/50,0.75,30.0,3.0,0.0,16,0,0.2,12.0,gray,jsq,1,20301,19.131792002488,11.005485882964905,126.08553578481896,258.4784909983024,0.9471454608147382,5.0,1.1855871271619296,main,
200/200/150/150/100/100/50/50,0.75,30.0,3.0,0.0,16,0,0.2,12.0,gray,jsq,2,20391,18.109134414009503,10.633548548288019,121.9404450508355,194.50058079524905,0.8610661566377323,4.0,1.1819055800649247,main,
200/200/150/150/100/100/50/50,0.75,30.0,3.0,0.0,16,0,0.2,12.0,gray,jsq,3,20225,17.74960539955204,10.359233456525452,114.90847244139687,196.06208779666164,0.8171075401730532,4.0,1.1776662119945913,main,
200/200/150/150/100/100/50/50,0.75,30.0,3.0,0.0,16,0,0.2,12.0,gray,jsq,4,20322,19.02572035231593,11.051846858266323,118.42467137996242,203.85645575574603,0.9497588819998032,5.0,1.1403851721341178,main,
200/200/150/150/100/100/50/50,0.75,30.0,3.0,0.0,16,0,0.2,12.0,gray,jsq,5,20399,18.788184321701674,10.86191481784482,121.22722548054602,196.1952072918151,0.9177900877493995,5.0,1.1602581791403632,main,
200/200/150/150/100/100/50/50,0.75,30.0,3.0,0.0,16,0,0.2,12.0,gray,jsq,6,20378,18.864641594523984,11.106747169759679,123.20142424507101,209.65658507045322,0.9281087447247031,5.0,1.1516440523404765,main,
200/200/150/150/100/100/50/50,0.75,30.0,3.0,0.0,16,0,0.2,12.0,gray,jsq,7,20142,17.26701804183423,10.254265178155642,109.19633571869691,190.11451950329396,0.7735577400456757,4.0,1.1714223173156517,main,
200/200/150/150/100/100/50/50,0.75,30.0,3.0,0.0,16,0,0.2,12.0,gray,jsq,8,20380,17.60993106058596,10.603039948051673,111.85731144348048,188.11403314079638,0.8251226692836113,4.0,1.0816725015220068,main,
200/200/150/150/100/100/50/50,0.75,30.0,3.0,0.0,16,0,0.2,12.0,gray,jsq,9,20356,19.885814338120948,11.257052405292622,128.92810047790084,235.84324804507565,1.0174395755551189,7.0,1.164800533315185,main,
200/200/150/150/100/100/50/50,0.75,30.0,3.0,0.0,16,0,0.2,12.0,gray,jsq+lc,0,20488,20.190932209642593,11.64069719359695,134.39856527013944,206.84183927303712,1.0524209293244826,5.0,1.187014700335647,main,
200/200/150/150/100/100/50/50,0.75,30.0,3.0,0.0,16,0,0.2,12.0,gray,jsq+lc,1,20301,19.131792002488,11.005485882964905,126.08553578481896,258.4784909983024,0.9471454608147382,5.0,1.1855871271619296,main,
200/200/150/150/100/100/50/50,0.75,30.0,3.0,0.0,16,0,0.2,12.0,gray,jsq+lc,2,20391,18.109134414009503,10.633548548288019,121.9404450508355,194.50058079524905,0.8610661566377323,4.0,1.1819055800649247,main,
200/200/150/150/100/100/50/50,0.75,30.0,3.0,0.0,16,0,0.2,12.0,gray,jsq+lc,3,20225,17.74960539955204,10.359233456525452,114.90847244139687,196.06208779666164,0.8171075401730532,4.0,1.1776662119945913,main,
200/200/150/150/100/100/50/50,0.75,30.0,3.0,0.0,16,0,0.2,12.0,gray,jsq+lc,4,20322,19.02572035231593,11.051846858266323,118.42467137996242,203.85645575574603,0.9497588819998032,5.0,1.1403851721341178,main,
200/200/150/150/100/100/50/50,0.75,30.0,3.0,0.0,16,0,0.2,12.0,gray,jsq+lc,5,20399,18.788184321701674,10.86191481784482,121.22722548054602,196.1952072918151,0.9177900877493995,5.0,1.1602581791403632,main,
200/200/150/150/100/100/50/50,0.75,30.0,3.0,0.0,16,0,0.2,12.0,gray,jsq+lc,6,20378,18.864641594523984,11.106747169759679,123.20142424507101,209.65658507045322,0.9281087447247031,5.0,1.1516440523404765,main,
200/200/150/150/100/100/50/50,0.75,30.0,3.0,0.0,16,0,0.2,12.0,gray,jsq+lc,7,20142,17.26701804183423,10.254265178155642,109.19633571869691,190.11451950329396,0.7735577400456757,4.0,1.1714223173156517,main,
200/200/150/150/100/100/50/50,0.75,30.0,3.0,0.0,16,0,0.2,12.0,gray,jsq+lc,8,20380,17.60993106058596,10.603039948051673,111.85731144348048,188.11403314079638,0.8251226692836113,4.0,1.0816725015220068,main,
200/200/150/150/100/100/50/50,0.75,30.0,3.0,0.0,16,0,0.2,12.0,gray,jsq+lc,9,20356,19.885814338120948,11.257052405292622,128.92810047790084,235.84324804507565,1.0174395755551189,7.0,1.164800533315185,main,
200/200/150/150/100/100/50/50,0.75,30.0,3.0,0.0,16,0,0.2,12.0,gray,p2c,0,20488,46.6790858345829,24.814061363767514,286.82579931456877,410.49956201264365,3.193527918781726,12.0,1.160291111573677,main,
200/200/150/150/100/100/50/50,0.75,30.0,3.0,0.0,16,0,0.2,12.0,gray,p2c,1,20301,40.99109646191809,22.250665680061843,262.95131569060004,389.4828183860086,2.72489039948771,10.0,1.1132730824313672,main,
200/200/150/150/100/100/50/50,0.75,30.0,3.0,0.0,16,0,0.2,12.0,gray,p2c,2,20391,38.95463821061953,20.81113985604155,254.4017430823238,366.926866765279,2.5258202148006474,9.0,1.1458826466768566,main,
200/200/150/150/100/100/50/50,0.75,30.0,3.0,0.0,16,0,0.2,12.0,gray,p2c,3,20225,40.018920009191035,21.189102138006177,261.7972375919091,380.0892807409582,2.605290482076638,10.0,1.0999353539391477,main,
200/200/150/150/100/100/50/50,0.75,30.0,3.0,0.0,16,0,0.2,12.0,gray,p2c,4,20322,43.23032399875001,22.686877637249747,266.8991170196091,382.99061169819294,2.8834268280681035,10.0,1.111274742068958,main,
200/200/150/150/100/100/50/50,0.75,30.0,3.0,0.0,16,0,0.2,12.0,gray,p2c,5,20399,42.268590553608874,22.62884932974174,283.7886880140903,386.2934202047007,2.807147409186725,10.0,1.1758248991415101,main,
200/200/150/150/100/100/50/50,0.75,30.0,3.0,0.0,16,0,0.2,12.0,gray,p2c,6,20378,39.726430947278885,22.08582141788762,244.65158386716055,340.8535141056232,2.6308273628422807,9.0,1.1560003153906757,main,
200/200/150/150/100/100/50/50,0.75,30.0,3.0,0.0,16,0,0.2,12.0,gray,p2c,7,20142,41.1092887962307,21.80079839439486,253.8354757005948,329.85705589376374,2.678184887300169,9.0,1.055391034785639,main,
200/200/150/150/100/100/50/50,0.75,30.0,3.0,0.0,16,0,0.2,12.0,gray,p2c,8,20380,40.451435061113514,21.72664358249765,259.0436481060534,369.6843889323288,2.6837095191364084,10.0,1.1136585612998489,main,
200/200/150/150/100/100/50/50,0.75,30.0,3.0,0.0,16,0,0.2,12.0,gray,p2c,9,20356,43.92329716652405,23.35274541834842,291.5821802904956,422.9455595395637,2.917272548634309,11.0,1.1355239338880119,main,
200/200/150/150/100/100/50/50,0.75,30.0,3.0,0.0,16,0,0.2,12.0,gray,p2c_learned,0,20488,33.57480528740514,22.27879222243878,170.18949994962892,342.18449378253024,2.680056618508395,11.0,1.2298056157288073,main,
200/200/150/150/100/100/50/50,0.75,30.0,3.0,0.0,16,0,0.2,12.0,gray,p2c_learned,1,20301,30.234206159524565,20.90239977977859,155.54764033230484,308.1016597913759,2.4163341707305057,10.0,1.1790671514248312,main,
200/200/150/150/100/100/50/50,0.75,30.0,3.0,0.0,16,0,0.2,12.0,gray,p2c_learned,2,20391,30.886168424901705,20.063464615754256,174.07612807251007,341.47221831116667,2.4391643372075915,11.0,1.2308109647456111,main,
200/200/150/150/100/100/50/50,0.75,30.0,3.0,0.0,16,0,0.2,12.0,gray,p2c_learned,3,20225,33.35048609633479,20.599655653455784,186.6521256912238,325.7864252396469,2.623139678615575,11.0,1.181178432004799,main,
200/200/150/150/100/100/50/50,0.75,30.0,3.0,0.0,16,0,0.2,12.0,gray,p2c_learned,4,20322,32.229116491769496,21.67778630999706,173.4874443001354,284.42209033073857,2.594675720893613,10.0,1.1893019205734174,main,
200/200/150/150/100/100/50/50,0.75,30.0,3.0,0.0,16,0,0.2,12.0,gray,p2c_learned,5,20399,31.195350986617264,20.79386714294884,159.69584264817829,270.3153680830863,2.5146330702485415,11.0,1.1862507246194967,main,
200/200/150/150/100/100/50/50,0.75,30.0,3.0,0.0,16,0,0.2,12.0,gray,p2c_learned,6,20378,30.98775828447006,21.74673143072159,155.9657480817524,253.56045312442086,2.519089213858082,10.0,1.1708868468008404,main,
200/200/150/150/100/100/50/50,0.75,30.0,3.0,0.0,16,0,0.2,12.0,gray,p2c_learned,7,20142,29.798961745322547,19.840934056347237,157.7064232910771,279.78696555389513,2.315609174858505,10.0,1.1896883862937067,main,
200/200/150/150/100/100/50/50,0.75,30.0,3.0,0.0,16,0,0.2,12.0,gray,p2c_learned,8,20380,30.59172705978496,20.596009179358887,155.0903499963035,270.7404694209168,2.423405299313052,10.0,1.176080898201958,main,
200/200/150/150/100/100/50/50,0.75,30.0,3.0,0.0,16,0,0.2,12.0,gray,p2c_learned,9,20356,33.24099936257776,22.293940560627057,171.66868999136645,306.8047480137244,2.6998919237571233,13.0,1.2129425447729247,main,
200/200/150/150/100/100/50/50,0.75,30.0,3.0,0.0,16,0,0.2,12.0,gray,sed,0,20488,21.041962217303997,13.490098280727558,153.2534229248018,285.16012057519794,1.564574385005857,8.0,1.4206510824394214,main,
200/200/150/150/100/100/50/50,0.75,30.0,3.0,0.0,16,0,0.2,12.0,gray,sed,1,20301,19.85646752281544,12.636005007514939,149.69010936930616,324.293476384927,1.4242648145411556,7.0,1.4729557913961369,main,
200/200/150/150/100/100/50/50,0.75,30.0,3.0,0.0,16,0,0.2,12.0,gray,sed,2,20391,18.92980721277686,12.082165941983192,136.81469239136868,294.4271202143833,1.3405914373988523,6.0,1.4701693207637767,main,
200/200/150/150/100/100/50/50,0.75,30.0,3.0,0.0,16,0,0.2,12.0,gray,sed,3,20225,18.550463460698428,12.08500489580544,133.15958260132956,273.5473876095372,1.29389369592089,6.0,1.3935665227598584,main,
200/200/150/150/100/100/50/50,0.75,30.0,3.0,0.0,16,0,0.2,12.0,gray,sed,4,20322,19.570846958747182,12.776597071007867,146.25044127413315,322.58356941227635,1.401338450939868,7.0,1.4003090886136595,main,
200/200/150/150/100/100/50/50,0.75,30.0,3.0,0.0,16,0,0.2,12.0,gray,sed,5,20399,19.285627018394234,12.533903593241469,147.93367672507463,277.20611105183906,1.373841854992892,7.0,1.444965141753572,main,
200/200/150/150/100/100/50/50,0.75,30.0,3.0,0.0,16,0,0.2,12.0,gray,sed,6,20378,19.803159730770968,12.927982617809697,148.74419887331962,318.7598324915813,1.4211404455785652,7.0,1.434477345868797,main,
200/200/150/150/100/100/50/50,0.75,30.0,3.0,0.0,16,0,0.2,12.0,gray,sed,7,20142,18.205776846149558,11.897743994518706,138.1789580708115,229.57543445007497,1.2590606692483368,6.0,1.4059174048010203,main,
200/200/150/150/100/100/50/50,0.75,30.0,3.0,0.0,16,0,0.2,12.0,gray,sed,8,20380,18.50359123828574,12.13908462749469,143.72417844299102,261.1676097872874,1.293277723258096,6.0,1.4313461292801277,main,
200/200/150/150/100/100/50/50,0.75,30.0,3.0,0.0,16,0,0.2,12.0,gray,sed,9,20356,21.054045622392543,12.979101653575853,154.74352667476938,395.2449390436578,1.5439182550599333,9.0,1.458382720885433,main,
200/200/150/150/100/100/50/50,0.75,30.0,3.0,0.0,16,0,0.2,12.0,gray,ts,0,20488,19.961389504726984,14.001291114519532,94.37163350450373,183.91852411802833,1.621290511518938,8.0,1.4089330158037052,main,
200/200/150/150/100/100/50/50,0.75,30.0,3.0,0.0,16,0,0.2,12.0,gray,ts,1,20301,18.8922103357881,13.287627084707765,88.17685760832283,181.70405583384175,1.5016501650165017,7.0,1.3963129560835312,main,
200/200/150/150/100/100/50/50,0.75,30.0,3.0,0.0,16,0,0.2,12.0,gray,ts,2,20391,18.461015259432692,13.152650960886803,87.57181291026005,155.59080166914725,1.4758962287283606,7.0,1.3994474787751212,main,
200/200/150/150/100/100/50/50,0.75,30.0,3.0,0.0,16,0,0.2,12.0,gray,ts,3,20225,16.840052212909903,11.848336886842503,85.41445544412096,168.00683860392425,1.2627935723114956,7.0,1.402406774571352,main,
200/200/150/150/100/100/50/50,0.75,30.0,3.0,0.0,16,0,0.2,12.0,gray,ts,4,20322,18.200483060336712,12.710330914140755,89.91177400682969,167.44800044783568,1.3988288554276154,7.0,1.3699349451966225,main,
200/200/150/150/100/100/50/50,0.75,30.0,3.0,0.0,16,0,0.2,12.0,gray,ts,5,20399,17.70370512829839,12.618423390463818,84.92015000859745,166.11941485946792,1.3601647139565665,7.0,1.4171865503162602,main,
200/200/150/150/100/100/50/50,0.75,30.0,3.0,0.0,16,0,0.2,12.0,gray,ts,6,20378,18.321901790278076,13.103425571154403,86.18965428491803,176.71781939866824,1.4215820983413485,7.0,1.2850222839620402,main,
200/200/150/150/100/100/50/50,0.75,30.0,3.0,0.0,16,0,0.2,12.0,gray,ts,7,20142,16.5253533883288,11.965712482072455,79.47781501163573,166.384565852406,1.2037533512064342,6.0,1.335246660028493,main,
200/200/150/150/100/100/50/50,0.75,30.0,3.0,0.0,16,0,0.2,12.0,gray,ts,8,20380,17.33678816815346,12.678460385884716,80.69650156415493,156.96424530020488,1.3246319921491658,6.0,1.4198132305944404,main,
200/200/150/150/100/100/50/50,0.75,30.0,3.0,0.0,16,0,0.2,12.0,gray,ts,9,20356,19.196679507161573,13.0048693709659,94.80544831071911,214.2361529376097,1.4750933385733935,9.0,1.4061593949692068,main,
200/200/150/150/100/100/50/50,0.75,30.0,3.0,0.0,16,0,0.2,12.0,gray,ts+lc,0,20488,19.961389504726984,14.001291114519532,94.37163350450373,183.91852411802833,1.621290511518938,8.0,1.4089330158037052,main,
200/200/150/150/100/100/50/50,0.75,30.0,3.0,0.0,16,0,0.2,12.0,gray,ts+lc,1,20301,18.8922103357881,13.287627084707765,88.17685760832283,181.70405583384175,1.5016501650165017,7.0,1.3963129560835312,main,
200/200/150/150/100/100/50/50,0.75,30.0,3.0,0.0,16,0,0.2,12.0,gray,ts+lc,2,20391,18.461015259432692,13.152650960886803,87.57181291026005,155.59080166914725,1.4758962287283606,7.0,1.3994474787751212,main,
200/200/150/150/100/100/50/50,0.75,30.0,3.0,0.0,16,0,0.2,12.0,gray,ts+lc,3,20225,16.840052212909903,11.848336886842503,85.41445544412096,168.00683860392425,1.2627935723114956,7.0,1.402406774571352,main,
200/200/150/150/100/100/50/50,0.75,30.0,3.0,0.0,16,0,0.2,12.0,gray,ts+lc,4,20322,18.200483060336712,12.710330914140755,89.91177400682969,167.44800044783568,1.3988288554276154,7.0,1.3699349451966225,main,
200/200/150/150/100/100/50/50,0.75,30.0,3.0,0.0,16,0,0.2,12.0,gray,ts+lc,5,20399,17.70370512829839,12.618423390463818,84.92015000859745,166.11941485946792,1.3601647139565665,7.0,1.4171865503162602,main,
200/200/150/150/100/100/50/50,0.75,30.0,3.0,0.0,16,0,0.2,12.0,gray,ts+lc,6,20378,18.321901790278076,13.103425571154403,86.18965428491803,176.71781939866824,1.4215820983413485,7.0,1.2850222839620402,main,
200/200/150/150/100/100/50/50,0.75,30.0,3.0,0.0,16,0,0.2,12.0,gray,ts+lc,7,20142,16.5253533883288,11.965712482072455,79.47781501163573,166.384565852406,1.2037533512064342,6.0,1.335246660028493,main,
200/200/150/150/100/100/50/50,0.75,30.0,3.0,0.0,16,0,0.2,12.0,gray,ts+lc,8,20380,17.33678816815346,12.678460385884716,80.69650156415493,156.96424530020488,1.3246319921491658,6.0,1.4198132305944404,main,
200/200/150/150/100/100/50/50,0.75,30.0,3.0,0.0,16,0,0.2,12.0,gray,ts+lc,9,20356,19.196679507161573,13.0048693709659,94.80544831071911,214.2361529376097,1.4750933385733935,9.0,1.4061593949692068,main,
200/200/150/150/100/100/50/50,0.75,30.0,3.0,0.0,16,0,0.2,12.0,gray,ts_epoch,0,20488,46.209067180615,30.441089753324047,264.3914744294268,414.5611101642988,3.8449336196798125,15.0,1.7637852356225618,main,
200/200/150/150/100/100/50/50,0.75,30.0,3.0,0.0,16,0,0.2,12.0,gray,ts_epoch,1,20301,43.81087597830762,28.33493634958195,239.1411183566312,472.10368679577556,3.6864686468646863,15.0,1.7290598741827643,main,
200/200/150/150/100/100/50/50,0.75,30.0,3.0,0.0,16,0,0.2,12.0,gray,ts_epoch,2,20391,43.99769522743548,27.78242205573278,267.2835357027128,520.6486448680886,3.6842234319062332,14.0,1.8046319496987295,main,
200/200/150/150/100/100/50/50,0.75,30.0,3.0,0.0,16,0,0.2,12.0,gray,ts_epoch,3,20225,43.48683001517549,28.076430785151985,255.53112448595832,454.2575178829857,3.570927070457355,14.0,1.7455614656573364,main,
200/200/150/150/100/100/50/50,0.75,30.0,3.0,0.0,16,0,0.2,12.0,gray,ts_epoch,4,20322,44.01217323892926,28.87262861527273,261.3649272998361,391.12360804049695,3.6953055801594332,14.0,1.631689662784705,main,
200/200/150/150/100/100/50/50,0.75,30.0,3.0,0.0,16,0,0.2,12.0,gray,ts_epoch,5,20399,44.5736749613791,29.838206244200194,232.25653263149138,443.88805934831987,3.812686896416491,15.0,1.6591569051738275,main,
200/200/150/150/100/100/50/50,0.75,30.0,3.0,0.0,16,0,0.2,12.0,gray,ts_epoch,6,20378,43.82243008608674,29.319658903958157,247.27143221318235,395.8754187011701,3.669790951025616,14.0,1.7499799982413242,main,
200/200/150/150/100/100/50/50,0.75,30.0,3.0,0.0,16,0,0.2,12.0,gray,ts_epoch,7,20142,41.06753668817755,26.984623797730478,236.37975610792083,467.02141807317156,3.347880051633403,13.0,1.6702457228955057,main,
200/200/150/150/100/100/50/50,0.75,30.0,3.0,0.0,16,0,0.2,12.0,gray,ts_epoch,8,20380,42.89169030387715,28.471171212258284,233.22285155882392,391.2481326215152,3.626692836113837,15.0,1.6660127955616542,main,
200/200/150/150/100/100/50/50,0.75,30.0,3.0,0.0,16,0,0.2,12.0,gray,ts_epoch,9,20356,45.98388189217055,30.587013155189524,244.48151870230978,457.80051516349636,3.8710453920220083,15.0,1.7310354097470566,main,
200/200/150/150/100/100/50/50,0.75,30.0,3.0,0.0,16,0,0.2,12.0,gray,wrandom,0,20488,3630.294314419533,26.72455207922253,48384.43447456998,53021.16964282395,143.29939476766887,1923.130000000001,0.9865021152673605,main,
200/200/150/150/100/100/50/50,0.75,30.0,3.0,0.0,16,0,0.2,12.0,gray,wrandom,1,20301,3452.8274552252697,25.700565435965217,46483.33895803454,49455.23760998987,137.87508004531796,1862.0,1.001065861659128,main,
200/200/150/150/100/100/50/50,0.75,30.0,3.0,0.0,16,0,0.2,12.0,gray,wrandom,2,20391,2718.0444464829416,28.154577785215018,39302.57682865621,42657.30477652707,116.97709773919867,1666.0999999999985,1.0125741263105659,main,
200/200/150/150/100/100/50/50,0.75,30.0,3.0,0.0,16,0,0.2,12.0,gray,wrandom,3,20225,3197.4341717573134,25.621104036854803,44183.99313653559,46921.0557232259,132.26976514215082,1794.0,0.9869637404255704,main,
200/200/150/150/100/100/50/50,0.75,30.0,3.0,0.0,16,0,0.2,12.0,gray,wrandom,4,20322,3460.726254902245,26.866138794561678,46565.67070112344,49817.26130870591,142.0540793229013,1893.7900000000009,0.9764286074542485,main,
200/200/150/150/100/100/50/50,0.75,30.0,3.0,0.0,16,0,0.2,12.0,gray,wrandom,5,20399,3454.2808565187834,26.855155447290002,47158.59162301628,50173.589089523695,143.57850875042894,1915.0,0.9939993902698336,main,
200/200/150/150/100/100/50/50,0.75,30.0,3.0,0.0,16,0,0.2,12.0,gray,wrandom,6,20378,3271.741733838624,26.84883019549744,46332.82263381731,49310.29702227183,127.93262341741094,1783.0,1.0154939251498885,main,
200/200/150/150/100/100/50/50,0.75,30.0,3.0,0.0,16,0,0.2,12.0,gray,wrandom,7,20142,3711.1929862584234,24.087451470283128,49626.92729544072,53107.1168804769,145.93208221626452,1929.5900000000001,1.018763544038169,main,
200/200/150/150/100/100/50/50,0.75,30.0,3.0,0.0,16,0,0.2,12.0,gray,wrandom,8,20380,3823.262313502925,24.155752804968067,50692.8705600727,54600.838363114504,149.29303238469086,1969.2099999999991,1.009512707606381,main,
200/200/150/150/100/100/50/50,0.75,30.0,3.0,0.0,16,0,0.2,12.0,gray,wrandom,9,20356,3475.2370625461203,28.046901661133994,46690.99908741252,50018.723810842,137.84594222833562,1864.0,1.042878070410225,main,
200/200/150/150/100/100/50/50,0.75,30.0,3.0,0.0,64,0,0.2,12.0,gray,greedy,0,20488,24.436320443488214,13.147273573213436,109.00480485036155,2546.821952396753,1.6904529480671613,9.0,1.3389778168846034,main,
200/200/150/150/100/100/50/50,0.75,30.0,3.0,0.0,64,0,0.2,12.0,gray,greedy,1,20301,39.53257744185176,12.861946168847282,115.53086702473792,7537.576110590847,2.315600216738092,8.0,1.3261696185948257,main,
200/200/150/150/100/100/50/50,0.75,30.0,3.0,0.0,64,0,0.2,12.0,gray,greedy,2,20391,50.78403187112753,12.578923702118772,133.37911441601995,6924.090731906617,2.9538521896915304,7.0,1.320324661249787,main,
200/200/150/150/100/100/50/50,0.75,30.0,3.0,0.0,64,0,0.2,12.0,gray,greedy,3,20225,79.27504922150727,11.971033801259523,207.4458264170285,7673.402652346424,4.29938195302843,9.0,1.4129270402714884,main,
200/200/150/150/100/100/50/50,0.75,30.0,3.0,0.0,64,0,0.2,12.0,gray,greedy,4,20322,32.881456823106674,12.237833049296043,107.8432552065767,4160.977589218688,2.047042613915953,7.0,1.341984738682204,main,
200/200/150/150/100/100/50/50,0.75,30.0,3.0,0.0,64,0,0.2,12.0,gray,greedy,5,20399,29.994456753642204,12.34148401409385,97.28595097901652,6455.065924885133,1.8913672238835237,7.0,1.3031853475251376,main,
200/200/150/150/100/100/50/50,0.75,30.0,3.0,0.0,64,0,0.2,12.0,gray,greedy,6,20378,89.64205161527103,13.9128441240004,5621.806296759139,6162.91570815852,5.287859456276377,306.0,1.3698959748951642,main,
200/200/150/150/100/100/50/50,0.75,30.0,3.0,0.0,64,0,0.2,12.0,gray,greedy,7,20142,61.03968276054831,11.766939145281263,137.25104500244635,8171.6881872721315,3.2021646311190546,7.0,1.3138412897965066,main,
200/200/150/150/100/100/50/50,0.75,30.0,3.0,0.0,64,0,0.2,12.0,gray,greedy,8,20380,24.82127634464828,11.724103115452689,97.48394940251539,3461.1127051941958,1.555937193326791,6.0,1.3634738269142783,main,
200/200/150/150/100/100/50/50,0.75,30.0,3.0,0.0,64,0,0.2,12.0,gray,greedy,9,20356,29.871114862464797,12.863547121298335,145.9194070066373,3802.0579512351565,1.9814796620161133,10.0,1.3342908396716193,main,
200/200/150/150/100/100/50/50,0.75,30.0,3.0,0.0,64,0,0.2,12.0,gray,greedy+lc,0,20488,24.436320443488214,13.147273573213436,109.00480485036155,2546.821952396753,1.6904529480671613,9.0,1.3389778168846034,main,
200/200/150/150/100/100/50/50,0.75,30.0,3.0,0.0,64,0,0.2,12.0,gray,greedy+lc,1,20301,39.53257744185176,12.861946168847282,115.53086702473792,7537.576110590847,2.315600216738092,8.0,1.3261696185948257,main,
200/200/150/150/100/100/50/50,0.75,30.0,3.0,0.0,64,0,0.2,12.0,gray,greedy+lc,2,20391,50.78403187112753,12.578923702118772,133.37911441601995,6924.090731906617,2.9538521896915304,7.0,1.320324661249787,main,
200/200/150/150/100/100/50/50,0.75,30.0,3.0,0.0,64,0,0.2,12.0,gray,greedy+lc,3,20225,79.27504922150727,11.971033801259523,207.4458264170285,7673.402652346424,4.29938195302843,9.0,1.4129270402714884,main,
200/200/150/150/100/100/50/50,0.75,30.0,3.0,0.0,64,0,0.2,12.0,gray,greedy+lc,4,20322,32.881456823106674,12.237833049296043,107.8432552065767,4160.977589218688,2.047042613915953,7.0,1.341984738682204,main,
200/200/150/150/100/100/50/50,0.75,30.0,3.0,0.0,64,0,0.2,12.0,gray,greedy+lc,5,20399,29.994456753642204,12.34148401409385,97.28595097901652,6455.065924885133,1.8913672238835237,7.0,1.3031853475251376,main,
200/200/150/150/100/100/50/50,0.75,30.0,3.0,0.0,64,0,0.2,12.0,gray,greedy+lc,6,20378,89.64205161527103,13.9128441240004,5621.806296759139,6162.91570815852,5.287859456276377,306.0,1.3698959748951642,main,
200/200/150/150/100/100/50/50,0.75,30.0,3.0,0.0,64,0,0.2,12.0,gray,greedy+lc,7,20142,61.03968276054831,11.766939145281263,137.25104500244635,8171.6881872721315,3.2021646311190546,7.0,1.3138412897965066,main,
200/200/150/150/100/100/50/50,0.75,30.0,3.0,0.0,64,0,0.2,12.0,gray,greedy+lc,8,20380,24.82127634464828,11.724103115452689,97.48394940251539,3461.1127051941958,1.555937193326791,6.0,1.3634738269142783,main,
200/200/150/150/100/100/50/50,0.75,30.0,3.0,0.0,64,0,0.2,12.0,gray,greedy+lc,9,20356,29.871114862464797,12.863547121298335,145.9194070066373,3802.0579512351565,1.9814796620161133,10.0,1.3342908396716193,main,
200/200/150/150/100/100/50/50,0.75,30.0,3.0,0.0,64,0,0.2,12.0,gray,jsq,0,20488,20.134018111966352,11.644406359306192,132.4454070864971,241.8060435903455,1.038266302225693,5.0,1.1608450677494748,main,
200/200/150/150/100/100/50/50,0.75,30.0,3.0,0.0,64,0,0.2,12.0,gray,jsq,1,20301,19.255883949961895,11.012265129163978,125.76501061496259,223.7760091492536,0.9586227279444363,5.0,1.1556404958582522,main,
200/200/150/150/100/100/50/50,0.75,30.0,3.0,0.0,64,0,0.2,12.0,gray,jsq,2,20391,18.056365534165877,10.513780382625626,118.65502740744598,193.36940175559096,0.8601343730076995,4.0,1.2072983257956622,main,
200/200/150/150/100/100/50/50,0.75,30.0,3.0,0.0,64,0,0.2,12.0,gray,jsq,3,20225,17.802694689647574,10.442744204688381,111.99862962042573,189.99981568771412,0.820123609394314,4.0,1.1541323718224636,main,
200/200/150/150/100/100/50/50,0.75,30.0,3.0,0.0,64,0,0.2,12.0,gray,jsq,4,20322,18.85929115054441,11.068878183516873,123.83462470871322,188.7854707745502,0.9324377521897451,5.0,1.1475764307054748,main,
200/200/150/150/100/100/50/50,0.75,30.0,3.0,0.0,64,0,0.2,12.0,gray,jsq,5,20399,18.627741647347992,10.841347306374871,124.03763220343801,214.99823209290835,0.9081327516054709,5.0,1.161925674249452,main,
200/200/150/150/100/100/50/50,0.75,30.0,3.0,0.0,64,0,0.2,12.0,gray,jsq,6,20378,18.975552549025466,11.146852225358828,120.88023448700592,193.51162749612712,0.9347826086956522,5.0,1.1439598564958176,main,
200/200/150/150/100/100/50/50,0.75,30.0,3.0,0.0,64,0,0.2,12.0,gray,jsq,7,20142,17.37934382019085,10.244456754349596,113.4487275965251,180.5485924446648,0.7831893555754146,4.0,1.1619942549444213,main,
200/200/150/150/100/100/50/50,0.75,30.0,3.0,0.0,64,0,0.2,12.0,gray,jsq,8,20380,17.83711875151689,10.708708456064642,113.17851161449818,178.48817685798937,0.8430323846908734,4.0,1.0974752560399634,main,
200/200/150/150/100/100/50/50,0.75,30.0,3.0,0.0,64,0,0.2,12.0,gray,jsq,9,20356,20.009106376078783,11.235829846283352,137.4156883397479,251.5622788543436,1.0270681862841422,7.0,1.1688063292860131,main,
200/200/150/150/100/100/50/50,0.75,30.0,3.0,0.0,64,0,0.2,12.0,gray,jsq+lc,0,20488,20.134018111966352,11.644406359306192,132.4454070864971,241.8060435903455,1.038266302225693,5.0,1.1608450677494748,main,
200/200/150/150/100/100/50/50,0.75,30.0,3.0,0.0,64,0,0.2,12.0,gray,jsq+lc,1,20301,19.255883949961895,11.012265129163978,125.76501061496259,223.7760091492536,0.9586227279444363,5.0,1.1556404958582522,main,
200/200/150/150/100/100/50/50,0.75,30.0,3.0,0.0,64,0,0.2,12.0,gray,jsq+lc,2,20391,18.056365534165877,10.513780382625626,118.65502740744598,193.36940175559096,0.8601343730076995,4.0,1.2072983257956622,main,
200/200/150/150/100/100/50/50,0.75,30.0,3.0,0.0,64,0,0.2,12.0,gray,jsq+lc,3,20225,17.802694689647574,10.442744204688381,111.99862962042573,189.99981568771412,0.820123609394314,4.0,1.1541323718224636,main,
200/200/150/150/100/100/50/50,0.75,30.0,3.0,0.0,64,0,0.2,12.0,gray,jsq+lc,4,20322,18.85929115054441,11.068878183516873,123.83462470871322,188.7854707745502,0.9324377521897451,5.0,1.1475764307054748,main,
200/200/150/150/100/100/50/50,0.75,30.0,3.0,0.0,64,0,0.2,12.0,gray,jsq+lc,5,20399,18.627741647347992,10.841347306374871,124.03763220343801,214.99823209290835,0.9081327516054709,5.0,1.161925674249452,main,
200/200/150/150/100/100/50/50,0.75,30.0,3.0,0.0,64,0,0.2,12.0,gray,jsq+lc,6,20378,18.975552549025466,11.146852225358828,120.88023448700592,193.51162749612712,0.9347826086956522,5.0,1.1439598564958176,main,
200/200/150/150/100/100/50/50,0.75,30.0,3.0,0.0,64,0,0.2,12.0,gray,jsq+lc,7,20142,17.37934382019085,10.244456754349596,113.4487275965251,180.5485924446648,0.7831893555754146,4.0,1.1619942549444213,main,
200/200/150/150/100/100/50/50,0.75,30.0,3.0,0.0,64,0,0.2,12.0,gray,jsq+lc,8,20380,17.83711875151689,10.708708456064642,113.17851161449818,178.48817685798937,0.8430323846908734,4.0,1.0974752560399634,main,
200/200/150/150/100/100/50/50,0.75,30.0,3.0,0.0,64,0,0.2,12.0,gray,jsq+lc,9,20356,20.009106376078783,11.235829846283352,137.4156883397479,251.5622788543436,1.0270681862841422,7.0,1.1688063292860131,main,
200/200/150/150/100/100/50/50,0.75,30.0,3.0,0.0,64,0,0.2,12.0,gray,p2c,0,20488,44.48997966764153,24.266064142087984,279.5943178724308,385.64733105999113,3.019181960171808,11.0,1.0615067324158476,main,
200/200/150/150/100/100/50/50,0.75,30.0,3.0,0.0,64,0,0.2,12.0,gray,p2c,1,20301,43.08897991570373,22.050082151825023,297.9050310240119,460.43332117402684,2.833210186690311,10.0,1.1075986871503805,main,
200/200/150/150/100/100/50/50,0.75,30.0,3.0,0.0,64,0,0.2,12.0,gray,p2c,2,20391,38.73518255297982,20.80133796298078,239.98070181272436,366.8663413830534,2.518709234466186,9.0,1.1097081515086442,main,
200/200/150/150/100/100/50/50,0.75,30.0,3.0,0.0,64,0,0.2,12.0,gray,p2c,3,20225,39.94692246716982,21.073612692772414,251.7015078263348,376.06574876230906,2.5982694684796046,9.0,1.1074142436421126,main,
200/200/150/150/100/100/50/50,0.75,30.0,3.0,0.0,64,0,0.2,12.0,gray,p2c,4,20322,43.55355413803164,22.961735551609408,271.5309318272271,412.45561118945875,2.902667060328708,10.0,1.0823320548326205,main,
200/200/150/150/100/100/50/50,0.75,30.0,3.0,0.0,64,0,0.2,12.0,gray,p2c,5,20399,43.58678643608133,23.33400926381657,269.3457900484743,381.174669497433,2.898181283396245,10.0,1.129215984184978,main,
200/200/150/150/100/100/50/50,0.75,30.0,3.0,0.0,64,0,0.2,12.0,gray,p2c,6,20378,42.74251540431361,22.303352828860312,278.92587915127444,427.5310579265529,2.8107272548827167,10.0,1.1480800243103106,main,
200/200/150/150/100/100/50/50,0.75,30.0,3.0,0.0,64,0,0.2,12.0,gray,p2c,7,20142,39.203198323348104,20.4848377678708,253.61940123722187,389.48310598647294,2.4953331347433223,9.0,1.1345570373415552,main,
200/200/150/150/100/100/50/50,0.75,30.0,3.0,0.0,64,0,0.2,12.0,gray,p2c,8,20380,40.37896432971326,21.466117254727912,250.15929639879252,388.1461119249606,2.658047105004907,9.0,1.072763804129454,main,
200/200/150/150/100/100/50/50,0.75,30.0,3.0,0.0,64,0,0.2,12.0,gray,p2c,9,20356,43.86735136035852,23.33342681122108,278.8109421255172,409.26277523705943,2.924150127726469,11.0,1.1242214613402914,main,
200/200/150/150/100/100/50/50,0.75,30.0,3.0,0.0,64,0,0.2,12.0,gray,p2c_learned,0,20488,37.91620460028524,24.180417221656647,214.47419164299262,439.9839353996479,3.0087368215540806,13.0,1.1759750884443405,main,
200/200/150/150/100/100/50/50,0.75,30.0,3.0,0.0,64,0,0.2,12.0,gray,p2c_learned,1,20301,32.88725052004282,21.82321964357925,169.43708021366888,362.8788733622957,2.5638638490714745,11.0,1.14963246316651,main,
200/200/150/150/100/100/50/50,0.75,30.0,3.0,0.0,64,0,0.2,12.0,gray,p2c_learned,2,20391,31.69568459883491,20.611720491434227,184.1169956912789,349.86380988222663,2.469030454612329,10.0,1.2301016625066032,main,
200/200/150/150/100/100/50/50,0.75,30.0,3.0,0.0,64,0,0.2,12.0,gray,p2c_learned,3,20225,31.564364018709444,20.539941916113413,170.22577288028452,335.62771871840687,2.4088998763906058,10.0,1.1621495193406322,main,
200/200/150/150/100/100/50/50,0.75,30.0,3.0,0.0,64,0,0.2,12.0,gray,p2c_learned,4,20322,31.26546282224221,21.57994071242575,160.57690025197942,366.89630621051094,2.468408621198701,10.0,1.1360122152033487,main,
200/200/150/150/100/100/50/50,0.75,30.0,3.0,0.0,64,0,0.2,12.0,gray,p2c_learned,5,20399,35.875538278357915,23.09412219799256,199.63403642070696,364.9215934833612,2.8960733369282807,12.0,1.1547191641325458,main,
200/200/150/150/100/100/50/50,0.75,30.0,3.0,0.0,64,0,0.2,12.0,gray,p2c_learned,6,20378,34.706863694350965,22.07477587695239,185.8788315250413,573.8617890662131,2.6781823535185003,11.0,1.2149805741849793,main,
200/200/150/150/100/100/50/50,0.75,30.0,3.0,0.0,64,0,0.2,12.0,gray,p2c_learned,7,20142,29.454317967800367,19.644264262741906,160.32392129664737,316.6383200921217,2.2280309800417037,9.0,1.172197725072332,main,
200/200/150/150/100/100/50/50,0.75,30.0,3.0,0.0,64,0,0.2,12.0,gray,p2c_learned,8,20380,31.986758764254265,22.22534837536827,157.44645077881705,307.4050589854435,2.560745829244357,10.0,1.1238381209681703,main,
200/200/150/150/100/100/50/50,0.75,30.0,3.0,0.0,64,0,0.2,12.0,gray,p2c_learned,9,20356,33.99144731684304,22.05237418875372,193.871644548331,393.2369314132651,2.6434957752014148,11.0,1.180587396263176,main,
200/200/150/150/100/100/50/50,0.75,30.0,3.0,0.0,64,0,0.2,12.0,gray,sed,0,20488,21.212797676352963,13.644396319767438,155.19777420190567,286.58271183029933,1.5829754002342835,8.0,1.3873305631026613,main,
200/200/150/150/100/100/50/50,0.75,30.0,3.0,0.0,64,0,0.2,12.0,gray,sed,1,20301,20.10424878518728,12.723061642773814,150.36385704678423,310.0012501750473,1.450076350918674,8.0,1.4124457775863302,main,
200/200/150/150/100/100/50/50,0.75,30.0,3.0,0.0,64,0,0.2,12.0,gray,sed,2,20391,19.064052734328477,12.092980367189199,152.85749539891762,287.64151700742605,1.3554999754793782,6.0,1.494045362252802,main,
200/200/150/150/100/100/50/50,0.75,30.0,3.0,0.0,64,0,0.2,12.0,gray,sed,3,20225,18.50903478052314,11.76057164271782,143.4166799856005,269.8914837873855,1.2826205191594562,6.0,1.4643290724960276,main,
200/200/150/150/100/100/50/50,0.75,30.0,3.0,0.0,64,0,0.2,12.0,gray,sed,4,20322,19.723904949613477,12.792960961622413,152.3812591145971,287.6246047175994,1.4137388052357052,7.0,1.4016992759860982,main,
200/200/150/150/100/100/50/50,0.75,30.0,3.0,0.0,64,0,0.2,12.0,gray,sed,5,20399,19.554354350629342,12.501202683527168,158.6737248201382,276.94071924240853,1.4024707093484974,7.0,1.42676583072484,main,
200/200/150/150/100/100/50/50,0.75,30.0,3.0,0.0,64,0,0.2,12.0,gray,sed,6,20378,20.008608444112532,12.962351668031502,146.00341269437953,315.4812194664055,1.4554421434880753,7.0,1.4405555391627414,main,
200/200/150/150/100/100/50/50,0.75,30.0,3.0,0.0,64,0,0.2,12.0,gray,sed,7,20142,18.060368112576576,12.005030347648216,143.54680742041361,231.02452164541663,1.2372157680468672,6.0,1.4513399409123424,main,
200/200/150/150/100/100/50/50,0.75,30.0,3.0,0.0,64,0,0.2,12.0,gray,sed,8,20380,18.56956309572086,12.124554529714615,142.84340147828928,256.3858076821632,1.3068694798822376,6.0,1.391384182428891,main,
200/200/150/150/100/100/50/50,0.75,30.0,3.0,0.0,64,0,0.2,12.0,gray,sed,9,20356,20.737277314818137,13.161496244055382,141.24295920841854,342.3501907976522,1.5288367066221262,9.0,1.4124726185717145,main,
200/200/150/150/100/100/50/50,0.75,30.0,3.0,0.0,64,0,0.2,12.0,gray,ts,0,20488,21.18167422210772,13.599407828084331,107.23587299761584,293.7473422100887,1.6023037875829753,9.0,1.3262992419110273,main,
200/200/150/150/100/100/50/50,0.75,30.0,3.0,0.0,64,0,0.2,12.0,gray,ts,1,20301,24.947127418155667,12.97905913132702,116.1452833888692,3197.809641113391,1.6635633712624993,8.0,1.3573616250647642,main,
200/200/150/150/100/100/50/50,0.75,30.0,3.0,0.0,64,0,0.2,12.0,gray,ts,2,20391,32.385957898643646,12.59637705415706,109.14747781615488,7238.7384016889855,2.0015202785542643,7.0,1.331719641346628,main,
200/200/150/150/100/100/50/50,0.75,30.0,3.0,0.0,64,0,0.2,12.0,gray,ts,3,20225,19.552159198642585,12.012061751302205,98.85185961450895,261.51340166484584,1.3449196538936958,6.0,1.351383842441019,main,
200/200/150/150/100/100/50/50,0.75,30.0,3.0,0.0,64,0,0.2,12.0,gray,ts,4,20322,18.998843288690566,12.48779372967368,100.02524229016207,214.96106812039565,1.3311189843519338,7.0,1.3535654685061842,main,
200/200/150/150/100/100/50/50,0.75,30.0,3.0,0.0,64,0,0.2,12.0,gray,ts,5,20399,21.920081190572404,13.270560868260617,101.83014569905714,262.3672442526722,1.6026275797833227,7.0,1.3620195519917755,main,
200/200/150/150/100/100/50/50,0.75,30.0,3.0,0.0,64,0,0.2,12.0,gray,ts,6,20378,38.1257895997297,14.026171542614208,110.53504286955979,5871.1973327670385,2.564334085778781,8.0,1.3013410861391086,main,
200/200/150/150/100/100/50/50,0.75,30.0,3.0,0.0,64,0,0.2,12.0,gray,ts,7,20142,22.47754750888639,12.272034960868261,94.57373750456179,3620.22878753661,1.5051633402839837,6.0,1.341718233481153,main,
200/200/150/150/100/100/50/50,0.75,30.0,3.0,0.0,64,0,0.2,12.0,gray,ts,8,20380,27.048499529187396,12.1745895283496,144.4553219415556,3990.952231593083,1.640529931305201,7.0,1.3622812783074323,main,
200/200/150/150/100/100/50/50,0.75,30.0,3.0,0.0,64,0,0.2,12.0,gray,ts,9,20356,40.176762295793544,13.954376164917015,120.00840128754976,7202.605304140462,2.639909608960503,10.0,1.302401773888272,main,
200/200/150/150/100/100/50/50,0.75,30.0,3.0,0.0,64,0,0.2,12.0,gray,ts+lc,0,20488,21.18167422210772,13.599407828084331,107.23587299761584,293.7473422100887,1.6023037875829753,9.0,1.3262992419110273,main,
200/200/150/150/100/100/50/50,0.75,30.0,3.0,0.0,64,0,0.2,12.0,gray,ts+lc,1,20301,24.947127418155667,12.97905913132702,116.1452833888692,3197.809641113391,1.6635633712624993,8.0,1.3573616250647642,main,
200/200/150/150/100/100/50/50,0.75,30.0,3.0,0.0,64,0,0.2,12.0,gray,ts+lc,2,20391,32.385957898643646,12.59637705415706,109.14747781615488,7238.7384016889855,2.0015202785542643,7.0,1.331719641346628,main,
200/200/150/150/100/100/50/50,0.75,30.0,3.0,0.0,64,0,0.2,12.0,gray,ts+lc,3,20225,19.552159198642585,12.012061751302205,98.85185961450895,261.51340166484584,1.3449196538936958,6.0,1.351383842441019,main,
200/200/150/150/100/100/50/50,0.75,30.0,3.0,0.0,64,0,0.2,12.0,gray,ts+lc,4,20322,18.998843288690566,12.48779372967368,100.02524229016207,214.96106812039565,1.3311189843519338,7.0,1.3535654685061842,main,
200/200/150/150/100/100/50/50,0.75,30.0,3.0,0.0,64,0,0.2,12.0,gray,ts+lc,5,20399,21.920081190572404,13.270560868260617,101.83014569905714,262.3672442526722,1.6026275797833227,7.0,1.3620195519917755,main,
200/200/150/150/100/100/50/50,0.75,30.0,3.0,0.0,64,0,0.2,12.0,gray,ts+lc,6,20378,38.1257895997297,14.026171542614208,110.53504286955979,5871.1973327670385,2.564334085778781,8.0,1.3013410861391086,main,
200/200/150/150/100/100/50/50,0.75,30.0,3.0,0.0,64,0,0.2,12.0,gray,ts+lc,7,20142,22.47754750888639,12.272034960868261,94.57373750456179,3620.22878753661,1.5051633402839837,6.0,1.341718233481153,main,
200/200/150/150/100/100/50/50,0.75,30.0,3.0,0.0,64,0,0.2,12.0,gray,ts+lc,8,20380,27.048499529187396,12.1745895283496,144.4553219415556,3990.952231593083,1.640529931305201,7.0,1.3622812783074323,main,
200/200/150/150/100/100/50/50,0.75,30.0,3.0,0.0,64,0,0.2,12.0,gray,ts+lc,9,20356,40.176762295793544,13.954376164917015,120.00840128754976,7202.605304140462,2.639909608960503,10.0,1.302401773888272,main,
200/200/150/150/100/100/50/50,0.75,30.0,3.0,0.0,64,0,0.2,12.0,gray,ts_epoch,0,20488,49.02421335967389,28.364212521518883,236.92948160920065,3455.639219175781,3.874853572823116,13.0,1.4476163123761152,main,
200/200/150/150/100/100/50/50,0.75,30.0,3.0,0.0,64,0,0.2,12.0,gray,ts_epoch,1,20301,61.29351642085061,26.404636049598196,286.6033303081359,6000.3915597071045,4.131766908034087,15.0,1.434111401705258,main,
200/200/150/150/100/100/50/50,0.75,30.0,3.0,0.0,64,0,0.2,12.0,gray,ts_epoch,2,20391,77.21309442234676,26.481908021429135,331.11763923653217,6753.394666745104,5.123191604139081,15.0,1.5193590612516692,main,
200/200/150/150/100/100/50/50,0.75,30.0,3.0,0.0,64,0,0.2,12.0,gray,ts_epoch,3,20225,70.19868795684793,25.741884710175356,302.4339346424875,5978.646085104027,4.780667490729296,14.0,1.4272268396436587,main,
200/200/150/150/100/100/50/50,0.75,30.0,3.0,0.0,64,0,0.2,12.0,gray,ts_epoch,4,20322,76.79192905987989,26.22274430156324,547.6267687965576,4877.99510573448,5.113128629071942,17.0,1.4632413381520322,main,
200/200/150/150/100/100/50/50,0.75,30.0,3.0,0.0,64,0,0.2,12.0,gray,ts_epoch,5,20399,52.84546035566414,27.278673573716716,241.73395221650685,5511.221719492868,3.963282513848718,13.0,1.4991270465614162,main,
200/200/150/150/100/100/50/50,0.75,30.0,3.0,0.0,64,0,0.2,12.0,gray,ts_epoch,6,20378,77.27319084251958,26.971666396084615,312.70142693782066,7305.587496292449,5.279222691137501,14.0,1.498620257466788,main,
200/200/150/150/100/100/50/50,0.75,30.0,3.0,0.0,64,0,0.2,12.0,gray,ts_epoch,7,20142,134.8405323472439,26.60666707879855,4588.843960813842,9498.494841340349,7.924982623374044,201.0,1.4876920844705088,main,
200/200/150/150/100/100/50/50,0.75,30.0,3.0,0.0,64,0,0.2,12.0,gray,ts_epoch,8,20380,72.64495374532632,26.206406731964726,308.429754201707,5777.1022522302765,4.791216879293425,14.0,1.4568580246005698,main,
200/200/150/150/100/100/50/50,0.75,30.0,3.0,0.0,64,0,0.2,12.0,gray,ts_epoch,9,20356,46.551609946079516,27.29266515856743,233.15942977765627,3721.3209416368313,3.6227156612301044,14.0,1.4832806393600126,main,
200/200/150/150/100/100/50/50,0.75,30.0,3.0,0.0,64,0,0.2,12.0,gray,wrandom,0,20488,3481.529967190096,28.355727149080412,45766.1554304705,49311.85506277466,140.5981062085123,1907.0,0.9874275450902583,main,
200/200/150/150/100/100/50/50,0.75,30.0,3.0,0.0,64,0,0.2,12.0,gray,wrandom,1,20301,3239.158627240467,26.612244493326997,45589.351464401065,48686.867611853646,131.42653071277277,1774.0,1.0186083965666266,main,
200/200/150/150/100/100/50/50,0.75,30.0,3.0,0.0,64,0,0.2,12.0,gray,wrandom,2,20391,3124.0661181236396,26.95443027148503,43204.260538333045,46379.15214314959,131.1408954931097,1793.0999999999985,0.9993396154612673,main,
200/200/150/150/100/100/50/50,0.75,30.0,3.0,0.0,64,0,0.2,12.0,gray,wrandom,3,20225,3210.035177934113,27.39567070253912,44069.02670191304,47154.02829293092,134.11550061804698,1810.7599999999984,0.98716431972123,main,
200/200/150/150/100/100/50/50,0.75,30.0,3.0,0.0,64,0,0.2,12.0,gray,wrandom,4,20322,3343.9882337952695,26.023885346851294,44925.29701115955,48251.56327363311,135.80124987698062,1848.7900000000009,0.9906306189467335,main,
200/200/150/150/100/100/50/50,0.75,30.0,3.0,0.0,64,0,0.2,12.0,gray,wrandom,5,20399,3316.426118857529,26.56781848099854,46537.94921532329,49961.71637276378,133.1680964753174,1812.0200000000004,0.9827811427171849,main,
200/200/150/150/100/100/50/50,0.75,30.0,3.0,0.0,64,0,0.2,12.0,gray,wrandom,6,20378,3302.4723815026928,27.79486856463098,45098.32358974899,48148.565487167,135.43797232309353,1841.2299999999996,1.0329416275460885,main,
200/200/150/150/100/100/50/50,0.75,30.0,3.0,0.0,64,0,0.2,12.0,gray,wrandom,7,20142,3351.281541056419,25.976095164321087,46061.680863886475,49149.75683023828,135.5233839737861,1846.5900000000001,0.9981287280370281,main,
200/200/150/150/100/100/50/50,0.75,30.0,3.0,0.0,64,0,0.2,12.0,gray,wrandom,8,20380,3434.038546547769,25.998701387717205,47446.360008171876,51635.72692418266,140.08640824337587,1881.2099999999991,1.001057552574705,main,
200/200/150/150/100/100/50/50,0.75,30.0,3.0,0.0,64,0,0.2,12.0,gray,wrandom,9,20356,3363.4812270430557,27.111485672675073,47068.84805615532,50584.75314914389,134.730693652977,1823.4500000000007,1.0066515915176892,main,
200/200/150/150/100/100/50/50,0.75,30.0,3.0,0.01,1,0,0.2,12.0,gray,greedy,0,20488,66.9870262951714,58.241602300217465,222.85994516993728,679.3000545850563,8.36152869972667,24.0,4.873451466525998,main,
200/200/150/150/100/100/50/50,0.75,30.0,3.0,0.01,1,0,0.2,12.0,gray,greedy,1,20301,114.7091414064845,58.77272711946979,2404.799940845921,5631.496051499347,11.023496379488694,118.0,6.169235926272786,main,
200/200/150/150/100/100/50/50,0.75,30.0,3.0,0.01,1,0,0.2,12.0,gray,greedy,2,20391,62.861246833480934,54.69948315344908,210.2337374527532,349.45701607741194,8.055367564121426,24.0,4.883996955668788,main,
200/200/150/150/100/100/50/50,0.75,30.0,3.0,0.01,1,0,0.2,12.0,gray,greedy,3,20225,63.216684728570684,55.823820148557246,206.11793314279538,344.39620688467795,8.08123609394314,21.0,4.994076326967113,main,
200/200/150/150/100/100/50/50,0.75,30.0,3.0,0.01,1,0,0.2,12.0,gray,greedy,4,20322,61.11603044792709,53.82921247821493,198.68692247945535,344.72355206350767,7.678919397697077,21.0,4.878715864979179,main,
200/200/150/150/100/100/50/50,0.75,30.0,3.0,0.01,1,0,0.2,12.0,gray,greedy,5,20399,83.66076041404166,51.94915462238825,599.2107664083942,4551.84187905235,8.40555909603412,27.0,5.427376555424203,main,
200/200/150/150/100/100/50/50,0.75,30.0,3.0,0.01,1,0,0.2,12.0,gray,greedy,6,20378,57.10527940139826,49.643579426194684,194.48558263573156,321.614920837962,7.046373540092256,20.0,4.99342374531451,main,
200/200/150/150/100/100/50/50,0.75,30.0,3.0,0.01,1,0,0.2,12.0,gray,greedy,7,20142,61.21704892169291,55.25937885439802,192.17238371248075,331.94226850285366,8.016880150928408,22.0,4.8399755800298765,main,
200/200/150/150/100/100/50/50,0.75,30.0,3.0,0.01,1,0,0.2,12.0,gray,greedy,8,20380,63.07809182702267,55.487144248825615,210.98226062698325,420.6243679730032,8.026054955839058,22.0,4.928790454570969,main,
200/200/150/150/100/100/50/50,0.75,30.0,3.0,0.01,1,0,0.2,12.0,gray,greedy,9,20356,66.57404009683624,57.569694205842126,225.91484630428837,386.08844039561103,8.338966398113579,26.0,4.791417171198496,main,
200/200/150/150/100/100/50/50,0.75,30.0,3.0,0.01,1,0,0.2,12.0,gray,greedy+lc,0,20488,23.604966454538058,18.04521471581122,97.2997190406073,168.51941225074557,2.237602499023819,10.0,1.4413765943825552,main,
200/200/150/150/100/100/50/50,0.75,30.0,3.0,0.01,1,0,0.2,12.0,gray,greedy+lc,1,20301,22.043921738641075,16.53139831304884,95.58009258217837,175.7028376480803,2.030244815526329,10.0,1.4501578930942278,main,
200/200/150/150/100/100/50/50,0.75,30.0,3.0,0.01,1,0,0.2,12.0,gray,greedy+lc,2,20391,23.248074477405755,17.964185741002225,95.99533216370239,174.5477890135409,2.308861752734049,10.0,1.6462486150472047,main,
200/200/150/150/100/100/50/50,0.75,30.0,3.0,0.01,1,0,0.2,12.0,gray,greedy+lc,3,20225,20.88591859482117,16.177783108057397,84.2133099372864,153.2376871437515,1.9396786155747836,8.0,1.534805310130548,main,
200/200/150/150/100/100/50/50,0.75,30.0,3.0,0.01,1,0,0.2,12.0,gray,greedy+lc,4,20322,22.24537926679913,17.081061178014778,88.60442587404542,146.32676121047336,2.114900108257061,9.0,1.6055618078097458,main,
200/200/150/150/100/100/50/50,0.75,30.0,3.0,0.01,1,0,0.2,12.0,gray,greedy+lc,5,20399,21.584905483690534,16.485913433545107,89.285028210288,168.6960473816183,1.9753419285259082,8.0,1.5104371182211889,main,
200/200/150/150/100/100/50/50,0.75,30.0,3.0,0.01,1,0,0.2,12.0,gray,greedy+lc,6,20378,22.616596814672693,17.67857161939368,92.41532690042635,157.1177476966513,2.1366179212876633,9.0,1.491530896277677,main,
200/200/150/150/100/100/50/50,0.75,30.0,3.0,0.01,1,0,0.2,12.0,gray,greedy+lc,7,20142,22.459475969247666,17.937811786088886,85.90927303887435,141.2722832760927,2.2269387349816303,9.0,1.6072996949679637,main,
200/200/150/150/100/100/50/50,0.75,30.0,3.0,0.01,1,0,0.2,12.0,gray,greedy+lc,8,20380,21.215740763532004,17.0146702888212,81.76854557260357,152.470137921208,2.014082433758587,8.0,1.5718718028778138,main,
200/200/150/150/100/100/50/50,0.75,30.0,3.0,0.01,1,0,0.2,12.0,gray,greedy+lc,9,20356,22.775951008582553,17.063442422817765,103.7439186291775,181.59183556869166,2.1133326783258006,11.0,1.3843392178449423,main,
200/200/150/150/100/100/50/50,0.75,30.0,3.0,0.01,1,0,0.2,12.0,gray,jsq,0,20488,38.66967247746328,23.789469482230487,231.78057410813238,369.3088063483282,2.970958609918001,11.0,3.200966124469245,main,
200/200/150/150/100/100/50/50,0.75,30.0,3.0,0.01,1,0,0.2,12.0,gray,jsq,1,20301,37.01298667873879,22.856700366933325,233.0811367625447,357.48243445623234,2.8112408255750947,11.0,3.073560524126292,main,
200/200/150/150/100/100/50/50,0.75,30.0,3.0,0.01,1,0,0.2,12.0,gray,jsq,2,20391,34.92013710919291,21.597634049946635,210.0859449693492,364.29606436033015,2.65901623265166,11.0,3.074813493276168,main,
200/200/150/150/100/100/50/50,0.75,30.0,3.0,0.01,1,0,0.2,12.0,gray,jsq,3,20225,35.71054178980463,21.827947923483748,218.4707587217503,376.611027749317,2.685982694684796,11.0,3.0324259570307426,main,
200/200/150/150/100/100/50/50,0.75,30.0,3.0,0.01,1,0,0.2,12.0,gray,jsq,4,20322,36.2887048908397,22.184797781799936,212.6672685476536,348.037881996754,2.779254010432044,11.0,3.0129852591621336,main,
200/200/150/150/100/100/50/50,0.75,30.0,3.0,0.01,1,0,0.2,12.0,gray,jsq,5,20399,36.67381554974498,22.830646121661857,218.85600354424406,365.5092199928964,2.8249423991372127,11.0,3.204344617636303,main,
200/200/150/150/100/100/50/50,0.75,30.0,3.0,0.01,1,0,0.2,12.0,gray,jsq,6,20378,36.99188808025444,22.731663436719174,238.94244901657348,362.1821181638904,2.785405829816469,11.0,2.9425217644308725,main,
200/200/150/150/100/100/50/50,0.75,30.0,3.0,0.01,1,0,0.2,12.0,gray,jsq,7,20142,34.82119804700482,21.525485221710383,212.4716480846905,371.877791680302,2.619551186575315,11.0,3.071856069947503,main,
200/200/150/150/100/100/50/50,0.75,30.0,3.0,0.01,1,0,0.2,12.0,gray,jsq,8,20380,35.69782395831945,21.99152459841791,217.1400556725181,372.764044562963,2.749018645731109,11.0,3.035935654380146,main,
200/200/150/150/100/100/50/50,0.75,30.0,3.0,0.01,1,0,0.2,12.0,gray,jsq,9,20356,38.576533211862376,23.84369210937365,246.99490087368372,347.8260414122597,2.938494792690116,12.0,3.113741036590516,main,
200/200/150/150/100/100/50/50,0.75,30.0,3.0,0.01,1,0,0.2,12.0,gray,jsq+lc,0,20488,26.89036664611259,15.893662428586808,165.94152278339018,267.74974795783504,1.6183619679812573,6.0,1.0712904415343538,main,
200/200/150/150/100/100/50/50,0.75,30.0,3.0,0.01,1,0,0.2,12.0,gray,jsq+lc,1,20301,24.981813138585213,14.690784821802083,151.97286964981595,294.98574357982824,1.439978326190828,6.0,1.0050704765599947,main,
200/200/150/150/100/100/50/50,0.75,30.0,3.0,0.01,1,0,0.2,12.0,gray,jsq+lc,2,20391,23.721413009103756,14.024921230189058,146.86773783863416,241.5777012043874,1.3333333333333333,5.0,1.0755437105800922,main,
200/200/150/150/100/100/50/50,0.75,30.0,3.0,0.01,1,0,0.2,12.0,gray,jsq+lc,3,20225,23.77555505473465,14.189646616406648,144.71474587249344,236.62849898625325,1.3264771322620519,5.0,1.0218749586520819,main,
200/200/150/150/100/100/50/50,0.75,30.0,3.0,0.01,1,0,0.2,12.0,gray,jsq+lc,4,20322,24.718761379713815,14.49059901880334,152.5520675358456,225.98796709027218,1.4233835252435785,5.0,1.0799733829384754,main,
200/200/150/150/100/100/50/50,0.75,30.0,3.0,0.01,1,0,0.2,12.0,gray,jsq+lc,5,20399,24.827836988238246,14.998042792662147,157.4532419194846,253.8240838536128,1.4404627677827344,6.0,1.032199559487022,main,
200/200/150/150/100/100/50/50,0.75,30.0,3.0,0.01,1,0,0.2,12.0,gray,jsq+lc,6,20378,24.94281167115309,14.931396772460026,148.09633000239418,239.25454676364114,1.453381097261753,5.0,1.0806625879554845,main,
200/200/150/150/100/100/50/50,0.75,30.0,3.0,0.01,1,0,0.2,12.0,gray,jsq+lc,7,20142,22.775495377405687,13.5867273738004,135.7528166021433,239.67833104174625,1.2396484956806673,4.0,1.053853227382948,main,
200/200/150/150/100/100/50/50,0.75,30.0,3.0,0.01,1,0,0.2,12.0,gray,jsq+lc,8,20380,23.805047556789603,13.985358940098891,144.75671164867668,224.51582280049266,1.3516192345436702,5.0,1.0220037762118481,main,
200/200/150/150/100/100/50/50,0.75,30.0,3.0,0.01,1,0,0.2,12.0,gray,jsq+lc,9,20356,26.30870096839454,15.223901616890023,162.12555662414132,283.74545571708785,1.546521910001965,8.0,1.068839097379459,main,
200/200/150/150/100/100/50/50,0.75,30.0,3.0,0.01,1,0,0.2,12.0,gray,p2c,0,20488,48.22818402437661,26.648271815306046,308.052449482576,414.51264330608524,3.3319504099960953,12.0,1.203454426452362,main,
200/200/150/150/100/100/50/50,0.75,30.0,3.0,0.01,1,0,0.2,12.0,gray,p2c,1,20301,44.335818800410024,24.344405383242673,259.44914831344335,389.6319433989119,3.0157627703068814,10.0,1.2662372791566265,main,
200/200/150/150/100/100/50/50,0.75,30.0,3.0,0.01,1,0,0.2,12.0,gray,p2c,2,20391,43.6564673472378,22.94507798503087,278.4023781185802,416.0304388394023,2.911186307684763,10.0,1.2924679424297458,main,
200/200/150/150/100/100/50/50,0.75,30.0,3.0,0.01,1,0,0.2,12.0,gray,p2c,3,20225,41.677881206242006,22.884043200944504,249.2789553144167,370.06596947556136,2.765241038318912,10.0,1.1744373293120614,main,
200/200/150/150/100/100/50/50,0.75,30.0,3.0,0.01,1,0,0.2,12.0,gray,p2c,4,20322,43.080441528132745,23.92478559658251,258.9078228953198,341.6319302735581,2.9093593150280483,9.0,1.197948721858869,main,
200/200/150/150/100/100/50/50,0.75,30.0,3.0,0.01,1,0,0.2,12.0,gray,p2c,5,20399,45.888160478856186,24.859750226330135,270.59900046330506,409.27599697875326,3.1503995293886957,11.0,1.261779330624746,main,
200/200/150/150/100/100/50/50,0.75,30.0,3.0,0.01,1,0,0.2,12.0,gray,p2c,6,20378,45.65805050534447,24.526528294976924,274.7456749809876,368.0913674435297,3.091274904308568,10.0,1.2959978953297147,main,
200/200/150/150/100/100/50/50,0.75,30.0,3.0,0.01,1,0,0.2,12.0,gray,p2c,7,20142,41.14821023091385,22.50724819205363,255.4648924575237,401.39497807698274,2.72366199980141,10.0,1.1907070950330487,main,
200/200/150/150/100/100/50/50,0.75,30.0,3.0,0.01,1,0,0.2,12.0,gray,p2c,8,20380,43.83544870800557,24.58722264951607,258.68336544421095,352.7424415848045,3.020412168792934,11.0,1.1678874279908054,main,
200/200/150/150/100/100/50/50,0.75,30.0,3.0,0.01,1,0,0.2,12.0,gray,p2c,9,20356,46.92227117350357,25.90777273325351,269.3890538232541,439.3138613482789,3.2326586755747693,12.0,1.2615515796802228,main,
200/200/150/150/100/100/50/50,0.75,30.0,3.0,0.01,1,0,0.2,12.0,gray,p2c_learned,0,20488,35.1298459190959,24.562994492651313,169.4127775835062,243.97687047502643,3.0340687231550176,12.0,1.3706355490277131,main,
200/200/150/150/100/100/50/50,0.75,30.0,3.0,0.01,1,0,0.2,12.0,gray,p2c_learned,1,20301,32.07203848204604,22.59609868147905,153.23877240617279,232.27793894911835,2.769617260233486,11.0,1.3650119584757305,main,
200/200/150/150/100/100/50/50,0.75,30.0,3.0,0.01,1,0,0.2,12.0,gray,p2c_learned,2,20391,31.478892832766277,21.636236120668784,150.47521385523277,282.7182511996128,2.6179196704428422,11.0,1.3831922650646795,main,
200/200/150/150/100/100/50/50,0.75,30.0,3.0,0.01,1,0,0.2,12.0,gray,p2c_learned,3,20225,30.671908191880362,21.720717657728983,145.98160521413564,235.22929406947534,2.590407911001236,10.0,1.3313969848460365,main,
200/200/150/150/100/100/50/50,0.75,30.0,3.0,0.01,1,0,0.2,12.0,gray,p2c_learned,4,20322,32.80946918157339,23.104764017001234,151.07978135356706,286.29933611520715,2.756766066332054,11.0,1.4214522842028592,main,
200/200/150/150/100/100/50/50,0.75,30.0,3.0,0.01,1,0,0.2,12.0,gray,p2c_learned,5,20399,32.201213978778284,22.91025671538094,144.9859389961005,263.72073643773456,2.7540565714005587,10.0,1.421693897175158,main,
200/200/150/150/100/100/50/50,0.75,30.0,3.0,0.01,1,0,0.2,12.0,gray,p2c_learned,6,20378,34.41861260305086,23.92980423459523,156.56986047599835,249.18869355629545,2.9288939051918734,12.0,1.3648160146237598,main,
200/200/150/150/100/100/50/50,0.75,30.0,3.0,0.01,1,0,0.2,12.0,gray,p2c_learned,7,20142,29.395333647562204,21.276154693389504,137.87381321542196,244.14108850803072,2.4671333531923345,10.0,1.354731285435644,main,
200/200/150/150/100/100/50/50,0.75,30.0,3.0,0.01,1,0,0.2,12.0,gray,p2c_learned,8,20380,31.74429670346028,22.766188587183933,143.36676636027735,221.98444149893922,2.7216879293424925,10.0,1.3049345161053083,main,
200/200/150/150/100/100/50/50,0.75,30.0,3.0,0.01,1,0,0.2,12.0,gray,p2c_learned,9,20356,34.06539146140633,24.318767988367185,156.13274878969372,256.2474739362413,2.9404598152878756,12.0,1.407065827645252,main,
200/200/150/150/100/100/50/50,0.75,30.0,3.0,0.01,1,0,0.2,12.0,gray,sed,0,20488,40.850923295209334,28.581176543438502,255.42504384976664,428.65841730607184,3.8207731354939476,13.0,3.7494329757813323,main,
200/200/150/150/100/100/50/50,0.75,30.0,3.0,0.01,1,0,0.2,12.0,gray,sed,1,20301,39.016726471204734,26.831236546056125,241.49306193446662,386.98978712006203,3.591103886508054,12.0,3.854869876489223,main,
200/200/150/150/100/100/50/50,0.75,30.0,3.0,0.01,1,0,0.2,12.0,gray,sed,2,20391,37.946443137348034,26.126854877304595,231.31176951569626,397.3537851586236,3.5617674464224414,12.0,3.83024213811664,main,
200/200/150/150/100/100/50/50,0.75,30.0,3.0,0.01,1,0,0.2,12.0,gray,sed,3,20225,38.05842172040266,25.48735082634579,243.48913045879385,487.21796615003,3.4380222496909765,12.0,3.768329657699965,main,
200/200/150/150/100/100/50/50,0.75,30.0,3.0,0.01,1,0,0.2,12.0,gray,sed,4,20322,38.3944391805813,26.855557197901447,224.9676988650533,387.05428795307967,3.614063576419644,12.0,3.7770486630245586,main,
200/200/150/150/100/100/50/50,0.75,30.0,3.0,0.01,1,0,0.2,12.0,gray,sed,5,20399,38.82910611886175,26.345802479202263,236.2012860104919,435.7293945022776,3.5877248884749253,12.0,3.7945560138958707,main,
200/200/150/150/100/100/50/50,0.75,30.0,3.0,0.01,1,0,0.2,12.0,gray,sed,6,20378,39.7804434501579,27.251768618699046,247.93150276365643,437.7342634029523,3.639660418097949,12.0,3.937814627995802,main,
200/200/150/150/100/100/50/50,0.75,30.0,3.0,0.01,1,0,0.2,12.0,gray,sed,7,20142,36.68949145745655,25.729899907981803,214.57963710358973,407.165019728395,3.418081620494489,12.0,3.8024637926340916,main,
200/200/150/150/100/100/50/50,0.75,30.0,3.0,0.01,1,0,0.2,12.0,gray,sed,8,20380,38.50975762239285,26.39994091906317,248.97218801148762,421.91550157977605,3.5673699705593718,12.0,3.92143785331048,main,
200/200/150/150/100/100/50/50,0.75,30.0,3.0,0.01,1,0,0.2,12.0,gray,sed,9,20356,40.938643944173094,28.00945427005619,267.2384995032348,496.6953136918358,3.7181175083513462,13.0,3.9057379733256727,main,
200/200/150/150/100/100/50/50,0.75,30.0,3.0,0.01,1,0,0.2,12.0,gray,ts,0,20488,67.6179686707626,51.122906961294845,262.03650908302893,2353.44870992901,7.4956559937524405,21.0,4.872036805387443,main,
200/200/150/150/100/100/50/50,0.75,30.0,3.0,0.01,1,0,0.2,12.0,gray,ts,1,20301,110.46347666298982,53.923332922522604,2404.799940845921,5631.496051499347,10.37658243436284,118.0,5.879381137079985,main,
200/200/150/150/100/100/50/50,0.75,30.0,3.0,0.01,1,0,0.2,12.0,gray,ts,2,20391,57.489220857511036,50.12654659328675,198.98490462410123,473.06476890784484,7.363199450738071,21.0,4.785829011528861,main,
200/200/150/150/100/100/50/50,0.75,30.0,3.0,0.01,1,0,0.2,12.0,gray,ts,3,20225,53.000594392733554,45.723117183172235,180.8285218915625,356.0983660489863,6.566625463535229,18.0,4.604993002802884,main,
200/200/150/150/100/100/50/50,0.75,30.0,3.0,0.01,1,0,0.2,12.0,gray,ts,4,20322,71.26023638579933,45.7436783707692,279.47348525150824,3596.971967759964,7.2121838401732115,21.0,5.030104593331377,main,
200/200/150/150/100/100/50/50,0.75,30.0,3.0,0.01,1,0,0.2,12.0,gray,ts,5,20399,56.750240393916016,48.6743331127073,188.19496458792472,365.7534138009906,7.017549879896073,19.0,4.710067548287739,main,
200/200/150/150/100/100/50/50,0.75,30.0,3.0,0.01,1,0,0.2,12.0,gray,ts,6,20378,55.585338653401145,47.339954002165285,205.2632821539237,621.0919217845895,6.693640200215919,19.0,4.866097906660168,main,
200/200/150/150/100/100/50/50,0.75,30.0,3.0,0.01,1,0,0.2,12.0,gray,ts,7,20142,58.280836779088375,51.140020197306235,196.86189505088132,325.26228399631026,7.512411875682653,22.0,4.1947424961519655,main,
200/200/150/150/100/100/50/50,0.75,30.0,3.0,0.01,1,0,0.2,12.0,gray,ts,8,20380,53.81078686483318,46.72935296379954,186.81379084742332,349.487176952733,6.681207065750736,18.0,4.6694315832725195,main,
200/200/150/150/100/100/50/50,0.75,30.0,3.0,0.01,1,0,0.2,12.0,gray,ts,9,20356,57.572631180344594,50.69125138809394,189.56316058296377,387.0963215620384,7.082383572411083,19.0,4.68585685967295,main,
200/200/150/150/100/100/50/50,0.75,30.0,3.0,0.01,1,0,0.2,12.0,gray,ts+lc,0,20488,23.56387613496415,17.949960751662886,96.34701604307197,167.72504755115872,2.2290121046466225,10.0,1.5320365287036877,main,
200/200/150/150/100/100/50/50,0.75,30.0,3.0,0.01,1,0,0.2,12.0,gray,ts+lc,1,20301,22.804228539140695,17.40670308629788,95.38363197655642,168.66816582961772,2.161666912959953,10.0,1.531080578716543,main,
200/200/150/150/100/100/50/50,0.75,30.0,3.0,0.01,1,0,0.2,12.0,gray,ts+lc,2,20391,20.84996822331268,15.781648527491754,86.47135172642544,135.80716986746975,1.8751409935755972,8.0,1.6047740595989164,main,
200/200/150/150/100/100/50/50,0.75,30.0,3.0,0.01,1,0,0.2,12.0,gray,ts+lc,3,20225,20.593969365852132,15.911517093144312,84.86099951765377,164.8968803636567,1.875451174289246,8.0,1.5064718995450899,main,
200/200/150/150/100/100/50/50,0.75,30.0,3.0,0.01,1,0,0.2,12.0,gray,ts+lc,4,20322,22.523674503470303,17.61345130756453,90.52230038939949,171.72584618828114,2.1482137584883376,9.0,1.454015350067661,main,
200/200/150/150/100/100/50/50,0.75,30.0,3.0,0.01,1,0,0.2,12.0,gray,ts+lc,5,20399,22.441620995651718,17.175886857550893,90.13538437595695,154.43352344369373,2.1408402372665325,9.0,1.6298344787497903,main,
200/200/150/150/100/100/50/50,0.75,30.0,3.0,0.01,1,0,0.2,12.0,gray,ts+lc,6,20378,23.016770822251257,18.03775980678246,89.64566332525267,154.03137586047512,2.2257336343115126,9.0,1.4463719611175399,main,
200/200/150/150/100/100/50/50,0.75,30.0,3.0,0.01,1,0,0.2,12.0,gray,ts+lc,7,20142,21.268686091260584,16.75496061229431,81.63073977478625,148.66809694129427,2.0024327276338,8.0,1.5830325054278453,main,
200/200/150/150/100/100/50/50,0.75,30.0,3.0,0.01,1,0,0.2,12.0,gray,ts+lc,8,20380,21.28309100147454,17.141889921991726,82.54708802691523,144.757871936242,2.041315014720314,8.0,1.537559957750685,main,
200/200/150/150/100/100/50/50,0.75,30.0,3.0,0.01,1,0,0.2,12.0,gray,ts+lc,9,20356,23.676240634915146,17.77886944068885,107.0118518992557,167.121885978539,2.2477893495775203,11.0,1.5146800579854964,main,
200/200/150/150/100/100/50/50,0.75,30.0,3.0,0.01,1,0,0.2,12.0,gray,ts_epoch,0,20488,89.89528481668573,47.67399124344518,629.471979502071,1849.8081195920486,8.222618117922686,47.13000000000102,4.794667052684373,main,
200/200/150/150/100/100/50/50,0.75,30.0,3.0,0.01,1,0,0.2,12.0,gray,ts_epoch,1,20301,76.39893520050046,42.1325087389981,544.5227013769021,955.5600147284194,6.996601152652579,37.0,4.025766383386029,main,
200/200/150/150/100/100/50/50,0.75,30.0,3.0,0.01,1,0,0.2,12.0,gray,ts_epoch,2,20391,78.00799408234452,43.74634607643557,539.2715177788614,932.5843475299504,7.198960325633858,37.0,4.335777862488729,main,
200/200/150/150/100/100/50/50,0.75,30.0,3.0,0.01,1,0,0.2,12.0,gray,ts_epoch,3,20225,69.1560475051598,38.70904643629913,464.5516678400567,939.6285822541257,6.223040791100123,31.0,3.6883276873543216,main,
200/200/150/150/100/100/50/50,0.75,30.0,3.0,0.01,1,0,0.2,12.0,gray,ts_epoch,4,20322,81.46632604888502,46.995808021319974,563.9739856845076,983.9751784611663,7.523275268182266,36.0,4.39955175916034,main,
200/200/150/150/100/100/50/50,0.75,30.0,3.0,0.01,1,0,0.2,12.0,gray,ts_epoch,5,20399,78.46003292915506,43.674371857342464,556.3285969231179,926.2214618870842,7.138144026667974,37.0,4.093897955724458,main,
200/200/150/150/100/100/50/50,0.75,30.0,3.0,0.01,1,0,0.2,12.0,gray,ts_epoch,6,20378,79.45605762958837,44.28231207902922,560.4986040055558,954.9804109556021,7.306408872313279,38.0,4.123020810039589,main,
200/200/150/150/100/100/50/50,0.75,30.0,3.0,0.01,1,0,0.2,12.0,gray,ts_epoch,7,20142,73.46094269364886,42.10987459079352,525.9307634024339,1047.296145344261,6.624317346837454,34.0,3.8766828405904876,main,
200/200/150/150/100/100/50/50,0.75,30.0,3.0,0.01,1,0,0.2,12.0,gray,ts_epoch,8,20380,79.39350514999882,45.5323187262735,518.2415645069864,938.1095384765912,7.391265947006869,37.0,4.134504178143738,main,
200/200/150/150/100/100/50/50,0.75,30.0,3.0,0.01,1,0,0.2,12.0,gray,ts_epoch,9,20356,82.593063840814,44.866127737710926,535.8187181757642,1283.7146756198863,7.567547651797995,41.0,4.273888089578117,main,
200/200/150/150/100/100/50/50,0.75,30.0,3.0,0.01,1,0,0.2,12.0,gray,wrandom,0,20488,3459.184003077132,27.320512900930183,47421.51074038185,50969.94124888364,138.0089808668489,1890.0,0.9713787318832465,main,
200/200/150/150/100/100/50/50,0.75,30.0,3.0,0.01,1,0,0.2,12.0,gray,wrandom,1,20301,3348.4801486368992,26.326149888436845,45821.52980315784,49567.44151305407,137.39909364070735,1832.0,1.0240282290625582,main,
200/200/150/150/100/100/50/50,0.75,30.0,3.0,0.01,1,0,0.2,12.0,gray,wrandom,2,20391,3115.6344849613506,26.88295114959871,42856.65137193849,46404.4785896502,134.0655191015644,1808.0999999999985,1.0173123892731037,main,
200/200/150/150/100/100/50/50,0.75,30.0,3.0,0.01,1,0,0.2,12.0,gray,wrandom,3,20225,3367.233573532406,24.432616893534487,46048.83912293317,49414.458547237475,135.12800988875154,1839.7599999999984,1.015220037624484,main,
200/200/150/150/100/100/50/50,0.75,30.0,3.0,0.01,1,0,0.2,12.0,gray,wrandom,4,20322,3252.4899291237816,25.99508492625624,44901.872548127394,48106.327864703446,132.87068201948628,1817.7900000000009,1.0117180389293945,main,
200/200/150/150/100/100/50/50,0.75,30.0,3.0,0.01,1,0,0.2,12.0,gray,wrandom,5,20399,3591.166459614548,25.971141651901064,49070.460708029364,52589.78851120485,144.73724202166773,1901.0200000000004,1.0132182965288288,main,
200/200/150/150/100/100/50/50,0.75,30.0,3.0,0.01,1,0,0.2,12.0,gray,wrandom,6,20378,3450.932461628979,26.43810727998286,46584.20141184815,49956.85804711806,140.80743939542643,1894.2299999999996,1.006938161786843,main,
200/200/150/150/100/100/50/50,0.75,30.0,3.0,0.01,1,0,0.2,12.0,gray,wrandom,7,20142,3320.9436573428966,25.89970228937677,46356.36246604606,49844.45798060134,133.15847482871612,1828.5900000000001,0.9942701344382996,main,
200/200/150/150/100/100/50/50,0.75,30.0,3.0,0.01,1,0,0.2,12.0,gray,wrandom,8,20380,3585.819130363948,26.024188444875307,47541.231837510684,51108.71401857101,145.66368989205102,1944.2099999999991,1.0228599509740102,main,
200/200/150/150/100/100/50/50,0.75,30.0,3.0,0.01,1,0,0.2,12.0,gray,wrandom,9,20356,3035.248004794249,27.202711868183016,43300.28595782595,46442.29966035694,123.07673413244252,1736.0,0.9858491486446415,main,
200/200/150/150/100/100/50/50,0.75,30.0,3.0,0.01,4,0,0.2,12.0,gray,greedy,0,20488,37.14949674464491,29.717779094307062,147.44695419653817,270.4863611052736,4.115384615384615,14.0,3.1090753685072685,main,
200/200/150/150/100/100/50/50,0.75,30.0,3.0,0.01,4,0,0.2,12.0,gray,greedy,1,20301,36.47092851641282,29.98482943396752,147.0900689750927,338.5432613429298,4.108467563174228,14.0,3.0028948021489708,main,
200/200/150/150/100/100/50/50,0.75,30.0,3.0,0.01,4,0,0.2,12.0,gray,greedy,2,20391,35.159382642367426,28.46804053774399,141.6775688171664,305.72772405170474,3.904320533568731,12.0,3.1388435143122555,main,
200/200/150/150/100/100/50/50,0.75,30.0,3.0,0.01,4,0,0.2,12.0,gray,greedy,3,20225,32.43111556461654,26.121615068120718,129.94863725850624,238.41519280002433,3.4873671199011125,11.0,2.8974634527491294,main,
200/200/150/150/100/100/50/50,0.75,30.0,3.0,0.01,4,0,0.2,12.0,gray,greedy,4,20322,34.18916450375134,27.576068145296784,143.49576183112725,292.75180705311243,3.7659679165436475,13.0,2.7877320920328126,main,
200/200/150/150/100/100/50/50,0.75,30.0,3.0,0.01,4,0,0.2,12.0,gray,greedy,5,20399,34.48298778363972,27.04173057114545,146.083816996527,365.46563122394093,3.7229766165008087,12.0,3.0056620106030882,main,
200/200/150/150/100/100/50/50,0.75,30.0,3.0,0.01,4,0,0.2,12.0,gray,greedy,6,20378,38.32335561780682,31.076966770890557,162.0607834438983,390.93554557674156,4.22126803415448,13.0,3.1294160815600343,main,
200/200/150/150/100/100/50/50,0.75,30.0,3.0,0.01,4,0,0.2,12.0,gray,greedy,7,20142,32.890409110079105,26.568201897942956,135.06400082581368,257.97215605154264,3.5858405322212294,12.0,2.999469655696549,main,
200/200/150/150/100/100/50/50,0.75,30.0,3.0,0.01,4,0,0.2,12.0,gray,greedy,8,20380,32.69299002559626,26.416334690439136,129.71813074190038,253.71468733078268,3.545829244357213,12.0,2.925433276718598,main,
200/200/150/150/100/100/50/50,0.75,30.0,3.0,0.01,4,0,0.2,12.0,gray,greedy,9,20356,39.583500603876736,31.695100160404,165.23403577682143,340.7057975053562,4.347808999803497,15.0,3.0480825659374915,main,
200/200/150/150/100/100/50/50,0.75,30.0,3.0,0.01,4,0,0.2,12.0,gray,greedy+lc,0,20488,26.34892601919306,20.211764131291332,112.59025408562918,209.36449385331412,2.5480281140179617,10.0,1.830064036861177,main,
200/200/150/150/100/100/50/50,0.75,30.0,3.0,0.01,4,0,0.2,12.0,gray,greedy+lc,1,20301,25.69160916704777,19.618681379700575,114.18595079963723,251.15491324731866,2.4669228116841535,10.0,2.018570035155684,main,
200/200/150/150/100/100/50/50,0.75,30.0,3.0,0.01,4,0,0.2,12.0,gray,greedy+lc,2,20391,24.22191720776563,18.509910847246402,102.02247352120324,185.58722550962534,2.297827472904713,9.0,2.008187877556135,main,
200/200/150/150/100/100/50/50,0.75,30.0,3.0,0.01,4,0,0.2,12.0,gray,greedy+lc,3,20225,24.424152835721184,18.96279871445472,102.58583058502214,180.77918148300583,2.366378244746601,9.0,1.8911037067129177,main,
200/200/150/150/100/100/50/50,0.75,30.0,3.0,0.01,4,0,0.2,12.0,gray,greedy+lc,4,20322,24.865074324984192,19.092844494694727,110.69589984089168,217.82726803778047,2.3703867729554178,9.0,1.8839814415552134,main,
200/200/150/150/100/100/50/50,0.75,30.0,3.0,0.01,4,0,0.2,12.0,gray,greedy+lc,5,20399,24.902080969816296,18.995321168553403,106.28300202237614,251.64031341474285,2.3709005343399188,9.0,1.8747427851782414,main,
200/200/150/150/100/100/50/50,0.75,30.0,3.0,0.01,4,0,0.2,12.0,gray,greedy+lc,6,20378,25.664868884888882,19.788933342047343,112.24931364824594,208.69847884129643,2.494013151437825,10.0,1.8991845119214394,main,
200/200/150/150/100/100/50/50,0.75,30.0,3.0,0.01,4,0,0.2,12.0,gray,greedy+lc,7,20142,22.90805077239437,17.894551871038722,95.9005014579202,209.57304336051732,2.113295601231258,8.0,1.821223828806214,main,
200/200/150/150/100/100/50/50,0.75,30.0,3.0,0.01,4,0,0.2,12.0,gray,greedy+lc,8,20380,24.31197885243437,19.08279767879595,103.1902309801017,179.99804954286498,2.3577526987242394,9.0,1.9351805345795154,main,
200/200/150/150/100/100/50/50,0.75,30.0,3.0,0.01,4,0,0.2,12.0,gray,greedy+lc,9,20356,26.755986624710776,20.118015485515173,121.22081118947861,197.58767591958852,2.640548241304775,12.0,1.916591892965896,main,
200/200/150/150/100/100/50/50,0.75,30.0,3.0,0.01,4,0,0.2,12.0,gray,jsq,0,20488,39.049027438951846,23.965141298214476,236.0406120960602,382.3401886670074,2.9775478328777822,11.0,3.167515350516078,main,
200/200/150/150/100/100/50/50,0.75,30.0,3.0,0.01,4,0,0.2,12.0,gray,jsq,1,20301,36.39047819002355,22.860734892006462,217.13059504340393,337.0546333750781,2.769272449633023,11.0,2.911597849574981,main,
200/200/150/150/100/100/50/50,0.75,30.0,3.0,0.01,4,0,0.2,12.0,gray,jsq,2,20391,34.95826314572257,21.76030426657327,210.37967666227075,338.7681963360099,2.6524447059977443,11.0,2.9987832184649985,main,
200/200/150/150/100/100/50/50,0.75,30.0,3.0,0.01,4,0,0.2,12.0,gray,jsq,3,20225,35.25812418135151,21.886358056956823,210.34089173989642,366.6374894840759,2.6426699629171817,10.0,2.989983745922775,main,
200/200/150/150/100/100/50/50,0.75,30.0,3.0,0.01,4,0,0.2,12.0,gray,jsq,4,20322,36.343810640803326,22.429283513759835,234.47531695670833,374.9697008029125,2.7632614900108257,11.0,2.973455072371512,main,
200/200/150/150/100/100/50/50,0.75,30.0,3.0,0.01,4,0,0.2,12.0,gray,jsq,5,20399,36.30279536923496,22.4253989355212,221.8596401414001,335.446342940481,2.792440805921859,11.0,3.0375010266550193,main,
200/200/150/150/100/100/50/50,0.75,30.0,3.0,0.01,4,0,0.2,12.0,gray,jsq,6,20378,37.13365332305742,23.236473202155494,221.65024865837853,386.84767263132375,2.817695554028855,11.0,3.089543135656837,main,
200/200/150/150/100/100/50/50,0.75,30.0,3.0,0.01,4,0,0.2,12.0,gray,jsq,7,20142,34.107335528564924,21.367307583275874,213.00467016134164,327.12188185141986,2.553817892959984,10.0,3.031303674905934,main,
200/200/150/150/100/100/50/50,0.75,30.0,3.0,0.01,4,0,0.2,12.0,gray,jsq,8,20380,36.119783461241795,22.049629254592418,212.7459260801324,367.9402389949419,2.75,11.0,3.114715508660013,main,
200/200/150/150/100/100/50/50,0.75,30.0,3.0,0.01,4,0,0.2,12.0,gray,jsq,9,20356,38.41263506491019,23.4997122591718,241.92106186127793,371.4382619657534,2.9128021222244054,12.0,3.16248787592,main,
200/200/150/150/100/100/50/50,0.75,30.0,3.0,0.01,4,0,0.2,12.0,gray,jsq+lc,0,20488,29.08386817867131,18.54779458298106,167.95920063594406,260.7594618179786,1.9960464662241313,7.0,1.7110744415579469,main,
200/200/150/150/100/100/50/50,0.75,30.0,3.0,0.01,4,0,0.2,12.0,gray,jsq+lc,1,20301,27.899472123077796,17.341125111968836,172.67979278055458,254.27323629126764,1.8748337520319196,7.0,1.7219683747797252,main,
200/200/150/150/100/100/50/50,0.75,30.0,3.0,0.01,4,0,0.2,12.0,gray,jsq+lc,2,20391,26.947809212895525,16.77776969678746,154.23181848453845,227.85441087315084,1.7911823843852681,7.0,1.6845261498302477,main,
200/200/150/150/100/100/50/50,0.75,30.0,3.0,0.01,4,0,0.2,12.0,gray,jsq+lc,3,20225,26.845877019810047,16.84683431542311,154.65226051201455,246.3666183468185,1.7720148331273178,7.0,1.7664204957860585,main,
200/200/150/150/100/100/50/50,0.75,30.0,3.0,0.01,4,0,0.2,12.0,gray,jsq+lc,4,20322,27.313035036345145,17.252146342874752,164.2421346099028,259.10931768197054,1.8279696880228324,7.0,1.6558400749060418,main,
200/200/150/150/100/100/50/50,0.75,30.0,3.0,0.01,4,0,0.2,12.0,gray,jsq+lc,5,20399,28.07350668785697,17.656425930682396,163.18948521935243,267.2472901164337,1.9087210157360655,7.0,1.7717657473143011,main,
200/200/150/150/100/100/50/50,0.75,30.0,3.0,0.01,4,0,0.2,12.0,gray,jsq+lc,6,20378,28.267746738331343,17.689047428259386,166.32245878843793,281.1123778014549,1.8817842771616449,7.0,1.673012793153365,main,
200/200/150/150/100/100/50/50,0.75,30.0,3.0,0.01,4,0,0.2,12.0,gray,jsq+lc,7,20142,25.888658604053912,16.274863116400695,150.01661580491614,236.42291636834665,1.6819580975076953,6.0,1.6860327689434251,main,
200/200/150/150/100/100/50/50,0.75,30.0,3.0,0.01,4,0,0.2,12.0,gray,jsq+lc,8,20380,26.849776249281817,17.0605547347642,151.73408399199832,239.43589140750086,1.7892051030421983,7.0,1.659739834540589,main,
200/200/150/150/100/100/50/50,0.75,30.0,3.0,0.01,4,0,0.2,12.0,gray,jsq+lc,9,20356,29.45510446369582,18.644333338612373,174.9889042714479,282.78745776699867,1.999410493220672,9.0,1.6785389442340608,main,
200/200/150/150/100/100/50/50,0.75,30.0,3.0,0.01,4,0,0.2,12.0,gray,p2c,0,20488,49.32599010345921,26.867453450148737,307.0886085239048,477.2264907106378,3.3834439672003125,13.0,1.2895969044049553,main,
200/200/150/150/100/100/50/50,0.75,30.0,3.0,0.01,4,0,0.2,12.0,gray,p2c,1,20301,45.47216161899018,24.255898223746186,286.1957196159537,392.9724386930245,3.062312201369391,11.0,1.2206214433078832,main,
200/200/150/150/100/100/50/50,0.75,30.0,3.0,0.01,4,0,0.2,12.0,gray,p2c,2,20391,41.933835576307,22.414005799886283,258.0311490765463,370.6441718960189,2.8016281692903733,10.0,1.1989174271381053,main,
200/200/150/150/100/100/50/50,0.75,30.0,3.0,0.01,4,0,0.2,12.0,gray,p2c,3,20225,42.99082776170466,23.103779089169052,262.8326378504141,355.1493190052023,2.858343634116193,10.0,1.2185332220603358,main,
200/200/150/150/100/100/50/50,0.75,30.0,3.0,0.01,4,0,0.2,12.0,gray,p2c,4,20322,47.959461944181875,25.805684233039194,300.09366270032456,439.83633958606816,3.2669520716464917,11.0,1.2120158481338172,main,
200/200/150/150/100/100/50/50,0.75,30.0,3.0,0.01,4,0,0.2,12.0,gray,p2c,5,20399,45.560129265468085,24.26985865550435,290.77535621580205,442.42135459071653,3.088925927741556,11.0,1.2411873265149982,main,
200/200/150/150/100/100/50/50,0.75,30.0,3.0,0.01,4,0,0.2,12.0,gray,p2c,6,20378,45.512163506991854,25.301941531085337,301.1465489811205,432.3661500644107,3.1090882324074984,11.0,1.2061272196982387,main,
200/200/150/150/100/100/50/50,0.75,30.0,3.0,0.01,4,0,0.2,12.0,gray,p2c,7,20142,43.051783898633495,22.840939881606293,267.23802574886173,380.71139306201025,2.8363618309999006,10.0,1.2598635300048882,main,
200/200/150/150/100/100/50/50,0.75,30.0,3.0,0.01,4,0,0.2,12.0,gray,p2c,8,20380,44.388760694972206,24.688341072520714,263.862401163317,396.3598555043294,3.0563297350343475,10.0,1.1855381790194668,main,
200/200/150/150/100/100/50/50,0.75,30.0,3.0,0.01,4,0,0.2,12.0,gray,p2c,9,20356,48.64001216848832,25.96853265339716,308.8986368477348,417.6443920876966,3.2889074474356454,12.0,1.2463753963997921,main,
200/200/150/150/100/100/50/50,0.75,30.0,3.0,0.01,4,0,0.2,12.0,gray,p2c_learned,0,20488,36.58006019736439,24.63601906122248,173.71558852767657,298.46444952999707,3.1117239359625146,13.0,1.3184794856969737,main,
200/200/150/150/100/100/50/50,0.75,30.0,3.0,0.01,4,0,0.2,12.0,gray,p2c_learned,1,20301,34.72306051799373,23.133623730007713,174.61887890835825,292.71823301784457,2.9026156346977983,13.0,1.321039777596282,main,
200/200/150/150/100/100/50/50,0.75,30.0,3.0,0.01,4,0,0.2,12.0,gray,p2c_learned,2,20391,31.17743260441336,21.92152269536507,156.10681079691255,325.43865269590634,2.575744200872934,10.0,1.345397429776397,main,
200/200/150/150/100/100/50/50,0.75,30.0,3.0,0.01,4,0,0.2,12.0,gray,p2c_learned,3,20225,33.66301307399589,21.742703220084536,185.48957007890752,314.37111739744716,2.7501112484548824,12.0,1.3504642318567455,main,
200/200/150/150/100/100/50/50,0.75,30.0,3.0,0.01,4,0,0.2,12.0,gray,p2c_learned,4,20322,32.445134735550944,22.40005069240336,155.53520182278118,313.1431032967298,2.657317193189647,10.0,1.3232861186068208,main,
200/200/150/150/100/100/50/50,0.75,30.0,3.0,0.01,4,0,0.2,12.0,gray,p2c_learned,5,20399,34.31920737073421,23.316161050821904,169.25356672365442,318.4233543078315,2.856757684200206,12.0,1.3448619588275816,main,
200/200/150/150/100/100/50/50,0.75,30.0,3.0,0.01,4,0,0.2,12.0,gray,p2c_learned,6,20378,33.21008201515739,23.79820632327423,157.27331487597152,292.1109443002525,2.80424968102856,11.0,1.3088199236617135,main,
200/200/150/150/100/100/50/50,0.75,30.0,3.0,0.01,4,0,0.2,12.0,gray,p2c_learned,7,20142,30.704334399345605,21.280996811192665,146.90147188400283,270.36599087364146,2.4810843014596364,10.0,1.3570980120226317,main,
200/200/150/150/100/100/50/50,0.75,30.0,3.0,0.01,4,0,0.2,12.0,gray,p2c_learned,8,20380,33.23461901028903,23.79525635028301,153.14410965509114,234.8518397634549,2.8430814524043178,11.0,1.2863116089270061,main,
200/200/150/150/100/100/50/50,0.75,30.0,3.0,0.01,4,0,0.2,12.0,gray,p2c_learned,9,20356,34.75133084815414,24.111539887521793,163.59221073584152,330.78765309268,2.9119669876203575,12.0,1.361501851306492,main,
200/200/150/150/100/100/50/50,0.75,30.0,3.0,0.01,4,0,0.2,12.0,gray,sed,0,20488,41.03793471345514,28.177628347709316,246.4889390576086,407.6149110828539,3.789388910581804,13.0,3.9423392889336384,main,
200/200/150/150/100/100/50/50,0.75,30.0,3.0,0.01,4,0,0.2,12.0,gray,sed,1,20301,39.743175972972544,27.45557471383364,241.07205691412048,426.79755190682846,3.6954829811339343,12.0,3.863295348161248,main,
200/200/150/150/100/100/50/50,0.75,30.0,3.0,0.01,4,0,0.2,12.0,gray,sed,2,20391,38.17010078750016,25.95940522621243,244.01771021764003,445.0996101681556,3.5248393899269286,12.0,3.885050900214695,main,
200/200/150/150/100/100/50/50,0.75,30.0,3.0,0.01,4,0,0.2,12.0,gray,sed,3,20225,37.78345312262776,25.7339711460407,236.92254555956623,391.01910401878933,3.4632880098887515,12.0,3.8525589639114655,main,
200/200/150/150/100/100/50/50,0.75,30.0,3.0,0.01,4,0,0.2,12.0,gray,sed,4,20322,38.55898900235505,26.16607263306525,238.83391179924976,466.4965111038745,3.5452711347308337,12.0,3.861414396295232,main,
200/200/150/150/100/100/50/50,0.75,30.0,3.0,0.01,4,0,0.2,12.0,gray,sed,5,20399,38.96898673360621,26.422127068766343,250.26069649765813,514.741356744144,3.5785577724398254,12.0,3.825125370323928,main,
200/200/150/150/100/100/50/50,0.75,30.0,3.0,0.01,4,0,0.2,12.0,gray,sed,6,20378,39.59657237492693,27.562500324983084,239.01620461161295,450.6633170417381,3.5986357836882914,12.0,3.864591555877131,main,
200/200/150/150/100/100/50/50,0.75,30.0,3.0,0.01,4,0,0.2,12.0,gray,sed,7,20142,37.486554438795515,26.040229151300665,231.135800717119,357.8789916046557,3.437344851553967,12.0,3.8028772568994267,main,
200/200/150/150/100/100/50/50,0.75,30.0,3.0,0.01,4,0,0.2,12.0,gray,sed,8,20380,38.06454352616485,25.945017702536433,242.43298764148807,408.4260091736012,3.5206084396467126,12.0,3.7160218560065776,main,
200/200/150/150/100/100/50/50,0.75,30.0,3.0,0.01,4,0,0.2,12.0,gray,sed,9,20356,40.76336264187721,27.88624433130593,258.6987462810156,432.44400059750234,3.746266457064256,13.0,3.9287700023890544,main,
200/200/150/150/100/100/50/50,0.75,30.0,3.0,0.01,4,0,0.2,12.0,gray,ts,0,20488,36.04344624063335,28.813401126726035,152.49427481558928,298.69216590623773,3.876415462709879,13.0,2.993193500280876,main,
200/200/150/150/100/100/50/50,0.75,30.0,3.0,0.01,4,0,0.2,12.0,gray,ts,1,20301,32.81487198902648,25.9292965510447,138.8242682560499,318.9921836712892,3.453573715580513,12.0,2.8532570397579105,main,
200/200/150/150/100/100/50/50,0.75,30.0,3.0,0.01,4,0,0.2,12.0,gray,ts,2,20391,33.688909409098144,26.98958920516148,147.3960177929963,258.4892371072154,3.712569270756706,12.0,3.1272063483186407,main,
200/200/150/150/100/100/50/50,0.75,30.0,3.0,0.01,4,0,0.2,12.0,gray,ts,3,20225,32.19289089998766,25.517638080355454,134.76611060420927,292.9197133737325,3.432533992583436,11.0,2.9750427070708723,main,
200/200/150/150/100/100/50/50,0.75,30.0,3.0,0.01,4,0,0.2,12.0,gray,ts,4,20322,34.74934518524769,27.895329538761615,146.5131154566408,292.4324599951021,3.7538628087786634,13.0,2.939078301383688,main,
200/200/150/150/100/100/50/50,0.75,30.0,3.0,0.01,4,0,0.2,12.0,gray,ts,5,20399,34.38395957528107,27.671468032055557,134.65953354155423,260.2417893979123,3.742732486886612,12.0,2.8942882045604272,main,
200/200/150/150/100/100/50/50,0.75,30.0,3.0,0.01,4,0,0.2,12.0,gray,ts,6,20378,33.59829068192193,26.908513810234957,140.7422469037457,243.00754683606533,3.569388556286191,12.0,2.8729045818175583,main,
200/200/150/150/100/100/50/50,0.75,30.0,3.0,0.01,4,0,0.2,12.0,gray,ts,7,20142,30.707300994486403,24.617989013012043,123.95790510091723,230.85586107536068,3.2967927713236023,11.0,2.855054929988956,main,
200/200/150/150/100/100/50/50,0.75,30.0,3.0,0.01,4,0,0.2,12.0,gray,ts,8,20380,31.90956573136869,25.61655339770752,135.46263475181985,234.98012015517043,3.435917566241413,12.0,2.8378356015466784,main,
200/200/150/150/100/100/50/50,0.75,30.0,3.0,0.01,4,0,0.2,12.0,gray,ts,9,20356,36.1630490650712,27.77131070796024,173.4913763049487,413.56181178356235,3.825014737669483,14.0,2.96068685172152,main,
200/200/150/150/100/100/50/50,0.75,30.0,3.0,0.01,4,0,0.2,12.0,gray,ts+lc,0,20488,26.995575418307876,20.77668858205861,115.98886138219581,216.35063133115526,2.6581901600937132,11.0,1.9562139677108437,main,
200/200/150/150/100/100/50/50,0.75,30.0,3.0,0.01,4,0,0.2,12.0,gray,ts+lc,1,20301,25.983311176875386,20.17609639103224,112.92771307241445,217.70640287637357,2.506083444165312,10.0,1.8934563903835464,main,
200/200/150/150/100/100/50/50,0.75,30.0,3.0,0.01,4,0,0.2,12.0,gray,ts+lc,2,20391,24.49892154566203,18.70813273352212,103.45910682183106,191.2321201187827,2.3684468638124665,9.0,1.8985185509301328,main,
200/200/150/150/100/100/50/50,0.75,30.0,3.0,0.01,4,0,0.2,12.0,gray,ts+lc,3,20225,24.097145136677142,18.672164245762346,102.4777777360531,202.00809432668217,2.3158467243510508,9.0,1.9578766116247677,main,
200/200/150/150/100/100/50/50,0.75,30.0,3.0,0.01,4,0,0.2,12.0,gray,ts+lc,4,20322,24.68320793959914,18.998899622701515,107.92614981436635,186.4908478993646,2.362464324377522,10.0,1.7979287801000416,main,
200/200/150/150/100/100/50/50,0.75,30.0,3.0,0.01,4,0,0.2,12.0,gray,ts+lc,5,20399,24.89940119525479,19.082950609689675,107.4491775390603,207.2895087493605,2.4101671650571106,10.0,1.9346934430813045,main,
200/200/150/150/100/100/50/50,0.75,30.0,3.0,0.01,4,0,0.2,12.0,gray,ts+lc,6,20378,26.576515788500508,20.770316523661236,110.76937427182705,226.6732705356423,2.6731278830110905,11.0,1.9441291323466832,main,
200/200/150/150/100/100/50/50,0.75,30.0,3.0,0.01,4,0,0.2,12.0,gray,ts+lc,7,20142,23.40575472892304,18.10379034876952,104.61486585957854,180.39571663818546,2.2254989574024426,9.0,1.9839741589924005,main,
200/200/150/150/100/100/50/50,0.75,30.0,3.0,0.01,4,0,0.2,12.0,gray,ts+lc,8,20380,24.577650363848743,19.505985254025582,102.2257041430394,189.11208210574713,2.394749754661433,9.0,1.9587074489116394,main,
200/200/150/150/100/100/50/50,0.75,30.0,3.0,0.01,4,0,0.2,12.0,gray,ts+lc,9,20356,26.55117019103933,19.913410948689148,125.64024653726874,198.68282388733834,2.5557575162114365,12.0,1.905078559289734,main,
200/200/150/150/100/100/50/50,0.75,30.0,3.0,0.01,4,0,0.2,12.0,gray,ts_epoch,0,20488,54.52693898408764,36.00057378654231,312.84698021672585,494.25578470110025,4.845324092151503,21.0,2.271793549650007,main,
200/200/150/150/100/100/50/50,0.75,30.0,3.0,0.01,4,0,0.2,12.0,gray,ts_epoch,1,20301,50.42348148339738,31.87760656648919,286.62645298440026,532.1298122643793,4.412787547411457,19.0,2.0774669554352045,main,
200/200/150/150/100/100/50/50,0.75,30.0,3.0,0.01,4,0,0.2,12.0,gray,ts_epoch,2,20391,51.36747813770504,32.30014754160315,326.20156443554237,648.3809907708264,4.395125300377617,19.0,2.2380167778651896,main,
200/200/150/150/100/100/50/50,0.75,30.0,3.0,0.01,4,0,0.2,12.0,gray,ts_epoch,3,20225,52.3751413554478,32.5127617846217,328.62877036378427,578.7509480644004,4.479901112484549,19.0,2.2771498535947567,main,
200/200/150/150/100/100/50/50,0.75,30.0,3.0,0.01,4,0,0.2,12.0,gray,ts_epoch,4,20322,62.63457699682674,34.82823970309745,455.67203745867175,917.9615336329573,5.298789489223502,27.0,2.865619681586717,main,
200/200/150/150/100/100/50/50,0.75,30.0,3.0,0.01,4,0,0.2,12.0,gray,ts_epoch,5,20399,54.81954161657599,34.77129406026336,322.09721238623456,559.8255733327031,4.906613069268102,21.0,2.3584672552762873,main,
200/200/150/150/100/100/50/50,0.75,30.0,3.0,0.01,4,0,0.2,12.0,gray,ts_epoch,6,20378,51.89756414297109,33.027957728958945,294.02503864224434,465.0226892997075,4.470556482481107,18.0,2.1659182959568613,main,
200/200/150/150/100/100/50/50,0.75,30.0,3.0,0.01,4,0,0.2,12.0,gray,ts_epoch,7,20142,48.31180750635875,30.120375997813696,264.8261629098961,487.769365848612,4.133154602323503,17.0,2.11932503237081,main,
200/200/150/150/100/100/50/50,0.75,30.0,3.0,0.01,4,0,0.2,12.0,gray,ts_epoch,8,20380,51.66638592280771,32.59385051711661,293.08408847261245,604.0718445752094,4.515456329735034,21.0,2.220173686567409,main,
200/200/150/150/100/100/50/50,0.75,30.0,3.0,0.01,4,0,0.2,12.0,gray,ts_epoch,9,20356,52.93853735775922,32.70060432703659,321.99655043983296,728.7195957159506,4.561013951660444,21.0,2.2632868218420845,main,
200/200/150/150/100/100/50/50,0.75,30.0,3.0,0.01,4,0,0.2,12.0,gray,wrandom,0,20488,3173.6581486018463,29.665331920854854,44891.67322215006,48346.22403429504,129.95792659117532,1783.0,1.0296799852142615,main,
200/200/150/150/100/100/50/50,0.75,30.0,3.0,0.01,4,0,0.2,12.0,gray,wrandom,1,20301,3094.8538870179495,25.50709249993588,43874.17201198129,47321.50119748402,124.12757992217132,1725.0,1.0110765427286998,main,
200/200/150/150/100/100/50/50,0.75,30.0,3.0,0.01,4,0,0.2,12.0,gray,wrandom,2,20391,3094.704853666854,26.205254183526705,43352.05724978172,46837.77091300842,126.2838997596979,1792.0999999999985,1.0146837108934776,main,
200/200/150/150/100/100/50/50,0.75,30.0,3.0,0.01,4,0,0.2,12.0,gray,wrandom,3,20225,3133.7989915894173,26.138946056477153,44631.379196242524,47464.032697169445,128.41957972805932,1785.7599999999984,1.0319176500718132,main,
200/200/150/150/100/100/50/50,0.75,30.0,3.0,0.01,4,0,0.2,12.0,gray,wrandom,4,20322,3468.5317995549085,25.072537743767498,46394.02713089656,49756.58551337243,139.33810648558213,1886.7900000000009,0.976164797961689,main,
200/200/150/150/100/100/50/50,0.75,30.0,3.0,0.01,4,0,0.2,12.0,gray,wrandom,5,20399,3415.0885076354048,26.57693976461495,47024.86358308917,50443.36947518716,134.4669346536595,1835.0200000000004,0.980721527763482,main,
200/200/150/150/100/100/50/50,0.75,30.0,3.0,0.01,4,0,0.2,12.0,gray,wrandom,6,20378,3126.012568855336,27.487256149708816,43903.000380293975,47423.09881216459,127.72151339680047,1771.2299999999996,0.97176431250961,main,
200/200/150/150/100/100/50/50,0.75,30.0,3.0,0.01,4,0,0.2,12.0,gray,wrandom,7,20142,3351.500402523625,24.98763918164748,46141.69832212177,49548.513534344165,136.1556945685632,1837.5900000000001,0.9970186105666938,main,
200/200/150/150/100/100/50/50,0.75,30.0,3.0,0.01,4,0,0.2,12.0,gray,wrandom,8,20380,3429.3550551009425,25.37320505140528,46390.86939375747,49832.757696047614,138.0177134445535,1866.2099999999991,1.0012738703499033,main,
200/200/150/150/100/100/50/50,0.75,30.0,3.0,0.01,4,0,0.2,12.0,gray,wrandom,9,20356,3511.9144246613946,26.71047757969669,47607.284526099545,50972.38382715645,143.5578207899391,1906.4500000000007,1.0249751188938752,main,
200/200/150/150/100/100/50/50,0.75,30.0,3.0,0.01,16,0,0.2,12.0,gray,greedy,0,20488,31.078518298252025,23.925276728926193,136.22135780283924,322.4939923040055,3.0480281140179617,11.0,2.3668581473424157,main,
200/200/150/150/100/100/50/50,0.75,30.0,3.0,0.01,16,0,0.2,12.0,gray,greedy,1,20301,42.55003214833517,24.23354418200674,160.0989412219498,3877.633847163047,3.6989803457957735,13.0,2.457666342584126,main,
200/200/150/150/100/100/50/50,0.75,30.0,3.0,0.01,16,0,0.2,12.0,gray,greedy,2,20391,29.896113175999727,23.2501810674961,138.44151487714024,236.86126507980907,3.035898190378108,11.0,2.438698549507434,main,
200/200/150/150/100/100/50/50,0.75,30.0,3.0,0.01,16,0,0.2,12.0,gray,greedy,3,20225,29.899661599875817,22.403973250432863,145.96820619964288,319.2181100408352,2.913671199011125,10.0,2.420779582131713,main,
200/200/150/150/100/100/50/50,0.75,30.0,3.0,0.01,16,0,0.2,12.0,gray,greedy,4,20322,30.711152482453617,23.579920895040907,147.77915075318285,301.7660401340257,3.069481350260801,11.0,2.462312369217492,main,
200/200/150/150/100/100/50/50,0.75,30.0,3.0,0.01,16,0,0.2,12.0,gray,greedy,5,20399,30.017854580391173,22.827742462808942,139.87385912432484,263.73783161010965,2.9821559880386292,10.0,2.520168600197944,main,
200/200/150/150/100/100/50/50,0.75,30.0,3.0,0.01,16,0,0.2,12.0,gray,greedy,6,20378,30.99336785755502,23.53511083154647,145.03823135609446,318.684969315806,3.080429875355776,11.0,2.435702778414717,main,
200/200/150/150/100/100/50/50,0.75,30.0,3.0,0.01,16,0,0.2,12.0,gray,greedy,7,20142,28.726168839135063,22.277707066001184,128.7698670844742,273.7542440173551,2.877122430741734,10.0,2.4575886895980004,main,
200/200/150/150/100/100/50/50,0.75,30.0,3.0,0.01,16,0,0.2,12.0,gray,greedy,8,20380,30.085939021371455,22.353615255132908,137.73340694736535,309.41524485823385,2.9620706575073603,10.0,2.40613192221468,main,
200/200/150/150/100/100/50/50,0.75,30.0,3.0,0.01,16,0,0.2,12.0,gray,greedy,9,20356,31.59585061667495,23.36988413669072,161.55710493225456,353.24735304715955,3.0843485950088425,12.0,2.388383889684694,main,
200/200/150/150/100/100/50/50,0.75,30.0,3.0,0.01,16,0,0.2,12.0,gray,greedy+lc,0,20488,29.867105162087764,22.61950294294479,139.94314247187134,269.4820662627059,2.926347130027333,11.0,2.2786534271899255,main,
200/200/150/150/100/100/50/50,0.75,30.0,3.0,0.01,16,0,0.2,12.0,gray,greedy+lc,1,20301,38.35381420441601,21.837062322202172,148.4516955784585,3844.269465641955,3.252155066252894,11.0,2.3302498142591497,main,
200/200/150/150/100/100/50/50,0.75,30.0,3.0,0.01,16,0,0.2,12.0,gray,greedy+lc,2,20391,26.696784048796655,20.33856260202427,123.53918227681486,231.44854679400302,2.580059830317297,10.0,2.088551620554409,main,
200/200/150/150/100/100/50/50,0.75,30.0,3.0,0.01,16,0,0.2,12.0,gray,greedy+lc,3,20225,27.066410124005365,20.73307456165452,125.0058627354895,244.83623410222597,2.652608158220025,10.0,2.2086099725906014,main,
200/200/150/150/100/100/50/50,0.75,30.0,3.0,0.01,16,0,0.2,12.0,gray,greedy+lc,4,20322,27.821499301940158,20.908491774768166,130.28496603477637,286.70620994673004,2.6752780238165537,10.0,2.1860410372488017,main,
200/200/150/150/100/100/50/50,0.75,30.0,3.0,0.01,16,0,0.2,12.0,gray,greedy+lc,5,20399,27.42189837609825,20.82527025756775,128.36681953811237,240.42740415823476,2.646796411588803,10.0,2.1342979674991778,main,
200/200/150/150/100/100/50/50,0.75,30.0,3.0,0.01,16,0,0.2,12.0,gray,greedy+lc,6,20378,28.744053208882363,21.898493559693755,130.05833927656684,304.1895760710966,2.830797919324762,10.0,2.2238935042206283,main,
200/200/150/150/100/100/50/50,0.75,30.0,3.0,0.01,16,0,0.2,12.0,gray,greedy+lc,7,20142,26.07528496458064,20.088473530801565,121.44830514036323,207.44497320889243,2.4622182504220036,9.0,2.1868491966432924,main,
200/200/150/150/100/100/50/50,0.75,30.0,3.0,0.01,16,0,0.2,12.0,gray,greedy+lc,8,20380,27.658102582748697,20.962039962297396,125.6670845338523,301.82616097230255,2.71261040235525,10.0,2.2166734980462004,main,
200/200/150/150/100/100/50/50,0.75,30.0,3.0,0.01,16,0,0.2,12.0,gray,greedy+lc,9,20356,30.2027592133075,22.456986040262805,146.47166643716506,291.77401703439836,2.910935350756534,12.0,2.2384066177057806,main,
200/200/150/150/100/100/50/50,0.75,30.0,3.0,0.01,16,0,0.2,12.0,gray,jsq,0,20488,38.222363994650614,24.3591982800222,227.64013484237705,324.2632157141416,2.9559742288168684,11.0,3.193430542026743,main,
200/200/150/150/100/100/50/50,0.75,30.0,3.0,0.01,16,0,0.2,12.0,gray,jsq,1,20301,36.79164750273639,22.85616178202865,212.73625919862482,358.2736491235454,2.803113147135609,11.0,3.089428436241443,main,
200/200/150/150/100/100/50/50,0.75,30.0,3.0,0.01,16,0,0.2,12.0,gray,jsq,2,20391,35.339349144186905,21.61260141039989,215.23123693594525,359.86729577741056,2.7286057574420086,11.0,3.1671503123562434,main,
200/200/150/150/100/100/50/50,0.75,30.0,3.0,0.01,16,0,0.2,12.0,gray,jsq,3,20225,34.51749528891272,21.26024169238505,212.86302296791322,339.8319827661118,2.5951545117428925,10.0,3.0936521249680204,main,
200/200/150/150/100/100/50/50,0.75,30.0,3.0,0.01,16,0,0.2,12.0,gray,jsq,4,20322,36.49584639709638,22.007900014175075,225.00541148560387,379.28994919927214,2.749827772857002,11.0,3.0111809271959245,main,
200/200/150/150/100/100/50/50,0.75,30.0,3.0,0.01,16,0,0.2,12.0,gray,jsq,5,20399,36.93414802077933,22.4455469746907,229.60182630181308,384.3803075236234,2.840874552674151,11.0,3.1714618571470727,main,
200/200/150/150/100/100/50/50,0.75,30.0,3.0,0.01,16,0,0.2,12.0,gray,jsq,6,20378,36.88868590406766,23.123860580398947,225.43052258116242,348.01432919846957,2.8109235449995094,11.0,3.155577762354684,main,
200/200/150/150/100/100/50/50,0.75,30.0,3.0,0.01,16,0,0.2,12.0,gray,jsq,7,20142,34.51329231084321,21.334260054078236,210.12786897141953,357.1233177935847,2.566527653659021,10.0,3.035090114963421,main,
200/200/150/150/100/100/50/50,0.75,30.0,3.0,0.01,16,0,0.2,12.0,gray,jsq,8,20380,35.925105578971554,22.205635303647497,213.4612802682911,337.75622925641005,2.747644749754661,11.0,3.0561703681702603,main,
200/200/150/150/100/100/50/50,0.75,30.0,3.0,0.01,16,0,0.2,12.0,gray,jsq,9,20356,38.05393742560238,23.20547542859064,241.1685469677596,403.44615472102146,2.905777166437414,12.0,3.044245682926152,main,
200/200/150/150/100/100/50/50,0.75,30.0,3.0,0.01,16,0,0.2,12.0,gray,jsq+lc,0,20488,34.637181837450186,21.676944465159664,205.92822334830723,332.5539186258453,2.5610601327606406,10.0,2.6387368705362957,main,
200/200/150/150/100/100/50/50,0.75,30.0,3.0,0.01,16,0,0.2,12.0,gray,jsq+lc,1,20301,33.21576652138326,20.79638038525644,192.7419595316131,313.665585071434,2.438500566474558,10.0,2.5678467814507915,main,
200/200/150/150/100/100/50/50,0.75,30.0,3.0,0.01,16,0,0.2,12.0,gray,jsq+lc,2,20391,32.15886940644695,20.271439269905045,190.35507710593652,296.9960690121697,2.358099161394733,9.0,2.475403320461636,main,
200/200/150/150/100/100/50/50,0.75,30.0,3.0,0.01,16,0,0.2,12.0,gray,jsq+lc,3,20225,31.283243928829933,19.91114401555283,185.6886129459346,296.20588124683786,2.2687762669962916,9.0,2.4872864337036527,main,
200/200/150/150/100/100/50/50,0.75,30.0,3.0,0.01,16,0,0.2,12.0,gray,jsq+lc,4,20322,32.969377945874385,20.716364851760538,199.6782199723095,345.1194077241066,2.4232359019781518,9.0,2.4277031479209596,main,
200/200/150/150/100/100/50/50,0.75,30.0,3.0,0.01,16,0,0.2,12.0,gray,jsq+lc,5,20399,33.34943335554155,20.767577255025316,196.39666364963904,323.1592234626131,2.477817540075494,10.0,2.669194842715509,main,
200/200/150/150/100/100/50/50,0.75,30.0,3.0,0.01,16,0,0.2,12.0,gray,jsq+lc,6,20378,33.162787735661574,20.41012057382474,197.33801735654637,322.2319046251806,2.4161841201295515,9.0,2.457351675699445,main,
200/200/150/150/100/100/50/50,0.75,30.0,3.0,0.01,16,0,0.2,12.0,gray,jsq+lc,7,20142,30.799850254107966,19.2240034841884,184.95667180766802,305.5576241707643,2.2172078244464304,9.0,2.4193972434599713,main,
200/200/150/150/100/100/50/50,0.75,30.0,3.0,0.01,16,0,0.2,12.0,gray,jsq+lc,8,20380,32.07534162197769,20.04889908243923,200.6665183242611,305.1072540740518,2.3391560353287537,9.0,2.5405857363915887,main,
200/200/150/150/100/100/50/50,0.75,30.0,3.0,0.01,16,0,0.2,12.0,gray,jsq+lc,9,20356,34.84564037217991,21.929278856154255,204.44111755632517,359.2345265700454,2.578060522696011,10.0,2.5979723196395716,main,
200/200/150/150/100/100/50/50,0.75,30.0,3.0,0.01,16,0,0.2,12.0,gray,p2c,0,20488,47.42365060834469,26.628831501688488,274.91289671494644,423.67239454623535,3.280993752440453,11.0,1.2341084230837414,main,
200/200/150/150/100/100/50/50,0.75,30.0,3.0,0.01,16,0,0.2,12.0,gray,p2c,1,20301,44.44502765942892,24.43191626101182,280.23824193289926,403.134732621658,3.00098517314418,11.0,1.2449961662222566,main,
200/200/150/150/100/100/50/50,0.75,30.0,3.0,0.01,16,0,0.2,12.0,gray,p2c,2,20391,43.94273726862998,24.03502357536169,257.2093140021813,417.97511212224947,2.944338188416458,10.0,1.2786050355422673,main,
200/200/150/150/100/100/50/50,0.75,30.0,3.0,0.01,16,0,0.2,12.0,gray,p2c,3,20225,44.43143430603992,23.268286530349513,269.3602074977425,349.03632041572325,2.9390852904820766,10.0,1.2085214289065471,main,
200/200/150/150/100/100/50/50,0.75,30.0,3.0,0.01,16,0,0.2,12.0,gray,p2c,4,20322,44.48521208964108,24.568137547312574,277.41785763039263,448.45326132001946,3.0113177836827085,10.0,1.274915700952325,main,
200/200/150/150/100/100/50/50,0.75,30.0,3.0,0.01,16,0,0.2,12.0,gray,p2c,5,20399,45.41855479126302,24.373114961742104,274.3476732947027,409.59066898379484,3.1116231187803325,11.0,1.2273238090692786,main,
200/200/150/150/100/100/50/50,0.75,30.0,3.0,0.01,16,0,0.2,12.0,gray,p2c,6,20378,45.9629732082977,24.820083470144194,281.48365710966533,400.93220506629956,3.1237118461085482,11.0,1.2298118576767991,main,
200/200/150/150/100/100/50/50,0.75,30.0,3.0,0.01,16,0,0.2,12.0,gray,p2c,7,20142,42.8603981787133,23.25250955495939,266.5121864948678,434.99017197460995,2.8418727038029985,10.0,1.2219472849339383,main,
200/200/150/150/100/100/50/50,0.75,30.0,3.0,0.01,16,0,0.2,12.0,gray,p2c,8,20380,46.028317019272315,24.90118960237453,281.64256992516397,425.00002958887245,3.1411678115799804,10.0,1.222747245942035,main,
200/200/150/150/100/100/50/50,0.75,30.0,3.0,0.01,16,0,0.2,12.0,gray,p2c,9,20356,46.13902156603082,24.920061195411236,282.3766026978745,402.4670871949996,3.1497347219493026,11.0,1.2772441390281315,main,
200/200/150/150/100/100/50/50,0.75,30.0,3.0,0.01,16,0,0.2,12.0,gray,p2c_learned,0,20488,36.60547207909682,24.168333037970058,192.7625961924947,340.8974202561436,2.9968274111675126,12.0,1.3589271117785007,main,
200/200/150/150/100/100/50/50,0.75,30.0,3.0,0.01,16,0,0.2,12.0,gray,p2c_learned,1,20301,33.15114866286687,22.72705501093064,171.85490522572167,339.3571394936949,2.735628786759273,11.0,1.2962835092966871,main,
200/200/150/150/100/100/50/50,0.75,30.0,3.0,0.01,16,0,0.2,12.0,gray,p2c_learned,2,20391,33.17225072311754,21.633678011749424,184.46603001166127,465.8084802478535,2.687754401451621,11.0,1.3946530831903197,main,
200/200/150/150/100/100/50/50,0.75,30.0,3.0,0.01,16,0,0.2,12.0,gray,p2c_learned,3,20225,35.700806835411115,22.632015563900154,185.7796542614917,366.11115793302474,2.8715451174289246,12.0,1.3363801600376841,main,
200/200/150/150/100/100/50/50,0.75,30.0,3.0,0.01,16,0,0.2,12.0,gray,p2c_learned,4,20322,34.429509589831504,23.458444910554377,181.25476568586558,340.6151687998497,2.831315815372503,11.0,1.3089611138711004,main,
200/200/150/150/100/100/50/50,0.75,30.0,3.0,0.01,16,0,0.2,12.0,gray,p2c_learned,5,20399,33.58969886925593,22.5032188753147,170.03963337805516,312.806348723227,2.788470023040345,11.0,1.2994875229597702,main,
200/200/150/150/100/100/50/50,0.75,30.0,3.0,0.01,16,0,0.2,12.0,gray,p2c_learned,6,20378,33.347741001073025,23.542882721590885,165.2949960845285,359.2539230481858,2.772205319462165,10.0,1.3141466626231064,main,
200/200/150/150/100/100/50/50,0.75,30.0,3.0,0.01,16,0,0.2,12.0,gray,p2c_learned,7,20142,31.880829174086614,21.631462635263166,171.7863474080683,340.02595372111455,2.577400456757025,10.0,1.3545366354915145,main,
200/200/150/150/100/100/50/50,0.75,30.0,3.0,0.01,16,0,0.2,12.0,gray,p2c_learned,8,20380,33.17306973643913,22.63980553075795,174.2830721635301,269.83287959193325,2.745387634936212,11.0,1.2973271436763076,main,
200/200/150/150/100/100/50/50,0.75,30.0,3.0,0.01,16,0,0.2,12.0,gray,p2c_learned,9,20356,35.82712412547729,23.77116358239162,184.71648836236812,323.0623111557091,2.997003340538416,13.0,1.3718885033620647,main,
200/200/150/150/100/100/50/50,0.75,30.0,3.0,0.01,16,0,0.2,12.0,gray,sed,0,20488,40.71308855119934,28.19760098779156,266.0646248188985,470.33584201039463,3.7568820773135494,13.0,3.828986358566198,main,
200/200/150/150/100/100/50/50,0.75,30.0,3.0,0.01,16,0,0.2,12.0,gray,sed,1,20301,39.685315572367756,27.41329353979438,253.41083501870543,470.394903608139,3.6938574454460373,12.0,3.9702886325394995,main,
200/200/150/150/100/100/50/50,0.75,30.0,3.0,0.01,16,0,0.2,12.0,gray,sed,2,20391,38.016347040809585,26.652788516612347,230.8533111223209,399.1597684693711,3.5297435142955225,12.0,3.8676926214897236,main,
200/200/150/150/100/100/50/50,0.75,30.0,3.0,0.01,16,0,0.2,12.0,gray,sed,3,20225,38.079201471626895,26.57623378073737,224.8459169196492,400.1820102140169,3.5331520395550062,12.0,3.743647111403239,main,
200/200/150/150/100/100/50/50,0.75,30.0,3.0,0.01,16,0,0.2,12.0,gray,sed,4,20322,38.70403662504779,26.217743596163245,240.55478907289773,399.2596626079117,3.588426335990552,12.0,3.7744298682003152,main,
200/200/150/150/100/100/50/50,0.75,30.0,3.0,0.01,16,0,0.2,12.0,gray,sed,5,20399,39.24494300342316,27.14047224638172,245.95617999991563,433.63111490477013,3.642188342565812,13.0,3.9142550774283764,main,
200/200/150/150/100/100/50/50,0.75,30.0,3.0,0.01,16,0,0.2,12.0,gray,sed,6,20378,40.079965880946375,27.919631694551583,244.76145723100834,414.3804934801588,3.6301894199627047,12.0,3.8523824791069643,main,
200/200/150/150/100/100/50/50,0.75,30.0,3.0,0.01,16,0,0.2,12.0,gray,sed,7,20142,37.57842933987165,25.932856393867,219.15467005628292,383.55975536032275,3.45055108728031,12.0,3.7928468829946977,main,
200/200/150/150/100/100/50/50,0.75,30.0,3.0,0.01,16,0,0.2,12.0,gray,sed,8,20380,37.95277843092904,25.691726893150246,244.75804420100104,418.79378019350924,3.514376840039254,12.0,3.8284850386339375,main,
200/200/150/150/100/100/50/50,0.75,30.0,3.0,0.01,16,0,0.2,12.0,gray,sed,9,20356,40.818753247742606,28.027398098100065,261.9544077532382,484.33852589969865,3.7673413244252307,13.0,3.7461554463097766,main,
200/200/150/150/100/100/50/50,0.75,30.0,3.0,0.01,16,0,0.2,12.0,gray,ts,0,20488,32.78015500643463,24.130362505349723,153.64529031081952,317.37731135077183,3.265228426395939,12.0,2.572536265850457,main,
200/200/150/150/100/100/50/50,0.75,30.0,3.0,0.01,16,0,0.2,12.0,gray,ts,1,20301,31.93518102088846,23.838358275572347,156.65574824876316,316.68063546292376,3.197527215408108,12.0,2.508038056191889,main,
200/200/150/150/100/100/50/50,0.75,30.0,3.0,0.01,16,0,0.2,12.0,gray,ts,2,20391,29.90504101223233,22.816372530875206,137.50898072389793,247.26624500171144,3.0168211465842774,11.0,2.477477964031486,main,
200/200/150/150/100/100/50/50,0.75,30.0,3.0,0.01,16,0,0.2,12.0,gray,ts,3,20225,28.891251328181774,21.671248886276917,139.2753637821948,274.2841500914561,2.840098887515451,10.0,2.4190785351364164,main,
200/200/150/150/100/100/50/50,0.75,30.0,3.0,0.01,16,0,0.2,12.0,gray,ts,4,20322,29.915435959166285,22.240644064829507,143.5971130163125,304.409719094274,2.901732112981006,11.0,2.368944545832019,main,
200/200/150/150/100/100/50/50,0.75,30.0,3.0,0.01,16,0,0.2,12.0,gray,ts,5,20399,30.00465519126335,22.637461974193585,145.73415873080506,273.53668539503116,2.9562233442815824,11.0,2.5147742901525154,main,
200/200/150/150/100/100/50/50,0.75,30.0,3.0,0.01,16,0,0.2,12.0,gray,ts,6,20378,32.21962006310013,25.002542375849977,148.57916125139502,331.83316489627725,3.34601040337619,12.0,2.5080476041546835,main,
200/200/150/150/100/100/50/50,0.75,30.0,3.0,0.01,16,0,0.2,12.0,gray,ts,7,20142,28.010369999172706,21.42900541846693,133.11811322628589,290.0553168599661,2.7488829311885614,10.0,2.3608844102009137,main,
200/200/150/150/100/100/50/50,0.75,30.0,3.0,0.01,16,0,0.2,12.0,gray,ts,8,20380,29.025093348822246,22.44054077542401,136.19067819901963,236.41565550548194,2.882679097154073,10.0,2.466563218065798,main,
200/200/150/150/100/100/50/50,0.75,30.0,3.0,0.01,16,0,0.2,12.0,gray,ts,9,20356,32.128394945819714,23.379740062391186,162.44690322485357,348.3920055525196,3.111515032422873,12.0,2.4969469252018306,main,
200/200/150/150/100/100/50/50,0.75,30.0,3.0,0.01,16,0,0.2,12.0,gray,ts+lc,0,20488,30.85108400005464,23.284880118168427,144.47636098922544,279.1378701443762,3.071358844201484,12.0,2.3262929844171785,main,
200/200/150/150/100/100/50/50,0.75,30.0,3.0,0.01,16,0,0.2,12.0,gray,ts+lc,1,20301,28.4855882988766,21.153380154355972,140.19339274823395,253.10369877690312,2.756120388158219,11.0,2.182126036293462,main,
200/200/150/150/100/100/50/50,0.75,30.0,3.0,0.01,16,0,0.2,12.0,gray,ts+lc,2,20391,28.180252816188467,21.354436980569602,127.36866273224113,241.32589301161894,2.8043254376931,10.0,2.2708975776546945,main,
200/200/150/150/100/100/50/50,0.75,30.0,3.0,0.01,16,0,0.2,12.0,gray,ts+lc,3,20225,26.99160477716494,20.219483399824156,126.06845133027616,312.8426274398534,2.5839802224969097,10.0,2.2706873874202143,main,
200/200/150/150/100/100/50/50,0.75,30.0,3.0,0.01,16,0,0.2,12.0,gray,ts+lc,4,20322,28.536163235736208,21.5774716648669,135.1342868202193,304.51465061185996,2.785306564314536,10.0,2.2138397951190596,main,
200/200/150/150/100/100/50/50,0.75,30.0,3.0,0.01,16,0,0.2,12.0,gray,ts+lc,5,20399,28.431663290224392,21.403478496758055,133.35224012796593,260.98598410912564,2.7606745428697486,11.0,2.209686041635526,main,
200/200/150/150/100/100/50/50,0.75,30.0,3.0,0.01,16,0,0.2,12.0,gray,ts+lc,6,20378,28.57899405471076,21.852432829740476,134.17807291894394,260.36738667143317,2.8359505348905683,10.0,2.18812971512337,main,
200/200/150/150/100/100/50/50,0.75,30.0,3.0,0.01,16,0,0.2,12.0,gray,ts+lc,7,20142,26.44548603624644,20.26564893167304,124.70190370055563,245.3986946345813,2.578294111806176,9.0,2.217055224862456,main,
200/200/150/150/100/100/50/50,0.75,30.0,3.0,0.01,16,0,0.2,12.0,gray,ts+lc,8,20380,27.24169829680663,20.869978625496444,126.69161912739922,235.26661467657055,2.652306182531894,10.0,2.218263487544557,main,
200/200/150/150/100/100/50/50,0.75,30.0,3.0,0.01,16,0,0.2,12.0,gray,ts+lc,9,20356,30.11117948184462,22.36094153079815,141.45890915241532,307.2198934712518,2.9005698565533504,12.0,2.3527784624192796,main,
200/200/150/150/100/100/50/50,0.75,30.0,3.0,0.01,16,0,0.2,12.0,gray,ts_epoch,0,20488,48.13868272512282,32.13232424650769,253.9317397316242,465.2016229441956,4.0977645450995706,16.0,1.7665400114543486,main,
200/200/150/150/100/100/50/50,0.75,30.0,3.0,0.01,16,0,0.2,12.0,gray,ts_epoch,1,20301,44.06332707080535,28.655330559622882,243.66878351251842,503.787263502115,3.691690064528841,15.0,1.754337794136149,main,
200/200/150/150/100/100/50/50,0.75,30.0,3.0,0.01,16,0,0.2,12.0,gray,ts_epoch,2,20391,46.0021004384819,30.137598377798724,263.4657464625566,482.23372081241786,3.9326663724192046,15.0,1.82205347815163,main,
200/200/150/150/100/100/50/50,0.75,30.0,3.0,0.01,16,0,0.2,12.0,gray,ts_epoch,3,20225,44.09378951146475,28.029466827685923,250.49472789664256,526.2324496171208,3.6795550061804696,15.0,1.7515809099916577,main,
200/200/150/150/100/100/50/50,0.75,30.0,3.0,0.01,16,0,0.2,12.0,gray,ts_epoch,4,20322,44.91286275871823,30.1243608541526,243.7326121874003,465.91184996779657,3.8452416100777485,15.0,1.7149812788374712,main,
200/200/150/150/100/100/50/50,0.75,30.0,3.0,0.01,16,0,0.2,12.0,gray,ts_epoch,5,20399,45.68809801992419,30.38624712028959,248.86144242643357,515.7222238680041,3.9202411882935437,16.0,1.6998864452568014,main,
200/200/150/150/100/100/50/50,0.75,30.0,3.0,0.01,16,0,0.2,12.0,gray,ts_epoch,6,20378,46.21180861287397,30.001190336471417,272.17404304595465,541.1021406591451,3.8940033369319855,15.0,1.8529858072435301,main,
200/200/150/150/100/100/50/50,0.75,30.0,3.0,0.01,16,0,0.2,12.0,gray,ts_epoch,7,20142,42.9810408969876,27.054773431622436,252.96474127884355,577.0829937395334,3.4940422996723264,13.0,1.7243724550500463,main,
200/200/150/150/100/100/50/50,0.75,30.0,3.0,0.01,16,0,0.2,12.0,gray,ts_epoch,8,20380,44.82786192213319,29.747906966623994,252.18295729166024,408.169332980645,3.8834641805691854,15.0,1.7510659188371531,main,
200/200/150/150/100/100/50/50,0.75,30.0,3.0,0.01,16,0,0.2,12.0,gray,ts_epoch,9,20356,48.14131385735773,31.615733064722207,280.5464874801025,433.9263218019821,4.060375319316172,16.0,1.8603531790907666,main,
200/200/150/150/100/100/50/50,0.75,30.0,3.0,0.01,16,0,0.2,12.0,gray,wrandom,0,20488,3630.294314419533,26.72455207922253,48384.43447456998,53021.16964282395,143.29939476766887,1923.130000000001,0.9865021152673605,main,
200/200/150/150/100/100/50/50,0.75,30.0,3.0,0.01,16,0,0.2,12.0,gray,wrandom,1,20301,3452.8274552252697,25.700565435965217,46483.33895803454,49455.23760998987,137.87508004531796,1862.0,1.001065861659128,main,
200/200/150/150/100/100/50/50,0.75,30.0,3.0,0.01,16,0,0.2,12.0,gray,wrandom,2,20391,2718.0444464829416,28.154577785215018,39302.57682865621,42657.30477652707,116.97709773919867,1666.0999999999985,1.0125741263105659,main,
200/200/150/150/100/100/50/50,0.75,30.0,3.0,0.01,16,0,0.2,12.0,gray,wrandom,3,20225,3197.4341717573134,25.621104036854803,44183.99313653559,46921.0557232259,132.26976514215082,1794.0,0.9869637404255704,main,
200/200/150/150/100/100/50/50,0.75,30.0,3.0,0.01,16,0,0.2,12.0,gray,wrandom,4,20322,3460.726254902245,26.866138794561678,46565.67070112344,49817.26130870591,142.0540793229013,1893.7900000000009,0.9764286074542485,main,
200/200/150/150/100/100/50/50,0.75,30.0,3.0,0.01,16,0,0.2,12.0,gray,wrandom,5,20399,3454.2808565187834,26.855155447290002,47158.59162301628,50173.589089523695,143.57850875042894,1915.0,0.9939993902698336,main,
200/200/150/150/100/100/50/50,0.75,30.0,3.0,0.01,16,0,0.2,12.0,gray,wrandom,6,20378,3271.741733838624,26.84883019549744,46332.82263381731,49310.29702227183,127.93262341741094,1783.0,1.0154939251498885,main,
200/200/150/150/100/100/50/50,0.75,30.0,3.0,0.01,16,0,0.2,12.0,gray,wrandom,7,20142,3711.1929862584234,24.087451470283128,49626.92729544072,53107.1168804769,145.93208221626452,1929.5900000000001,1.018763544038169,main,
200/200/150/150/100/100/50/50,0.75,30.0,3.0,0.01,16,0,0.2,12.0,gray,wrandom,8,20380,3823.262313502925,24.155752804968067,50692.8705600727,54600.838363114504,149.29303238469086,1969.2099999999991,1.009512707606381,main,
200/200/150/150/100/100/50/50,0.75,30.0,3.0,0.01,16,0,0.2,12.0,gray,wrandom,9,20356,3475.2370625461203,28.046901661133994,46690.99908741252,50018.723810842,137.84594222833562,1864.0,1.042878070410225,main,
200/200/150/150/100/100/50/50,0.75,30.0,3.0,0.01,64,0,0.2,12.0,gray,greedy,0,20488,37.06074583507888,22.85531144743924,183.48693297231108,2650.8915569850683,3.188793440062476,12.0,2.256248915505045,main,
200/200/150/150/100/100/50/50,0.75,30.0,3.0,0.01,64,0,0.2,12.0,gray,greedy,1,20301,53.00485427791759,21.85890178787986,171.4558857140709,7588.878587898976,3.810896014974632,11.0,2.2759387170071474,main,
200/200/150/150/100/100/50/50,0.75,30.0,3.0,0.01,64,0,0.2,12.0,gray,greedy,2,20391,87.79047356407729,21.506601447073947,294.65260450630944,7475.954491745472,5.656368005492619,14.0,2.2297819401283396,main,
200/200/150/150/100/100/50/50,0.75,30.0,3.0,0.01,64,0,0.2,12.0,gray,greedy,3,20225,107.5809002946871,20.6584271709076,5804.972028841241,7920.5362147121905,6.561582200247218,283.0,2.1348374347266974,main,
200/200/150/150/100/100/50/50,0.75,30.0,3.0,0.01,64,0,0.2,12.0,gray,greedy,4,20322,44.562025095576146,21.06086353265013,175.42206219786192,4599.623615533555,3.4292884558606436,11.0,2.1482737155779397,main,
200/200/150/150/100/100/50/50,0.75,30.0,3.0,0.01,64,0,0.2,12.0,gray,greedy,5,20399,42.18102949843755,21.562371994292562,149.36362321575876,6479.5388582354335,3.4241384381587334,10.0,2.2164504264603293,main,
200/200/150/150/100/100/50/50,0.75,30.0,3.0,0.01,64,0,0.2,12.0,gray,greedy,6,20378,99.17834226081186,23.270443434844523,5560.4976577954,6162.91570815852,6.5813131808813425,304.22999999999956,2.2244279570665255,main,
200/200/150/150/100/100/50/50,0.75,30.0,3.0,0.01,64,0,0.2,12.0,gray,greedy,7,20142,71.0420860846745,20.40813239171868,199.47339697945804,8145.134932444829,4.527157183993645,10.0,2.125968117751255,main,
200/200/150/150/100/100/50/50,0.75,30.0,3.0,0.01,64,0,0.2,12.0,gray,greedy,8,20380,36.98222827713371,20.58712432740606,152.20022131678226,3456.114758238998,3.024386653581943,10.0,2.0897756166508383,main,
200/200/150/150/100/100/50/50,0.75,30.0,3.0,0.01,64,0,0.2,12.0,gray,greedy,9,20356,41.54641358272972,22.304748655778805,198.48556272208583,3423.3409209324377,3.3055118883867163,12.0,2.1615559412921286,main,
200/200/150/150/100/100/50/50,0.75,30.0,3.0,0.01,64,0,0.2,12.0,gray,greedy+lc,0,20488,38.15962935382031,22.02351810555303,169.21950737379697,3076.865176532933,3.188402967590785,11.0,2.2060411172396277,main,
200/200/150/150/100/100/50/50,0.75,30.0,3.0,0.01,64,0,0.2,12.0,gray,greedy+lc,1,20301,57.7880298948531,21.37173690863392,198.0782473927096,7588.878587898976,3.9287227230185704,12.0,2.0958822845604956,main,
200/200/150/150/100/100/50/50,0.75,30.0,3.0,0.01,64,0,0.2,12.0,gray,greedy+lc,2,20391,84.14884105248814,20.816233753663926,264.9471549312086,7495.3060173322165,5.342455004658918,13.0,2.181773556447805,main,
200/200/150/150/100/100/50/50,0.75,30.0,3.0,0.01,64,0,0.2,12.0,gray,greedy+lc,3,20225,95.85058287388557,20.625051006906148,1517.8583759615829,7770.750013302549,5.9236588380716935,74.0,2.1154372909905073,main,
200/200/150/150/100/100/50/50,0.75,30.0,3.0,0.01,64,0,0.2,12.0,gray,greedy+lc,4,20322,43.712203941358624,20.82432555111513,169.03709344741435,4676.672419299216,3.3572483023324478,10.0,2.1913945849516026,main,
200/200/150/150/100/100/50/50,0.75,30.0,3.0,0.01,64,0,0.2,12.0,gray,greedy+lc,5,20399,42.43687412155483,21.197293588144817,148.45008055476373,6581.5492763026405,3.3771263297220453,11.0,2.1652170366576104,main,
200/200/150/150/100/100/50/50,0.75,30.0,3.0,0.01,64,0,0.2,12.0,gray,greedy+lc,6,20378,98.79757436194707,22.93533554372562,5560.4976577954,6162.91570815852,6.582392776523702,304.22999999999956,2.193620967846967,main,
200/200/150/150/100/100/50/50,0.75,30.0,3.0,0.01,64,0,0.2,12.0,gray,greedy+lc,7,20142,70.02962093144326,19.948873173572856,201.4231637266809,8166.376735407732,4.470112203356171,11.0,2.083983561710056,main,
200/200/150/150/100/100/50/50,0.75,30.0,3.0,0.01,64,0,0.2,12.0,gray,greedy+lc,8,20380,36.01766572678905,20.63453886649924,149.327464939607,3445.5649434711313,2.9784102060843964,10.0,2.1577835974775152,main,
200/200/150/150/100/100/50/50,0.75,30.0,3.0,0.01,64,0,0.2,12.0,gray,greedy+lc,9,20356,39.19597045721462,21.568403001112735,180.65429274869928,3347.1025380888727,3.186284142267636,12.0,2.0987981758286347,main,
200/200/150/150/100/100/50/50,0.75,30.0,3.0,0.01,64,0,0.2,12.0,gray,jsq,0,20488,39.1970481540077,24.007016754104882,244.74939836719668,360.92544365536884,2.996290511518938,11.0,3.2063856132231523,main,
200/200/150/150/100/100/50/50,0.75,30.0,3.0,0.01,64,0,0.2,12.0,gray,jsq,1,20301,37.514180139931284,23.09510892353739,229.28445874394043,353.3552656006085,2.8452292990493078,11.0,3.1706206320474224,main,
200/200/150/150/100/100/50/50,0.75,30.0,3.0,0.01,64,0,0.2,12.0,gray,jsq,2,20391,34.59945187099412,21.575202747976974,200.8266887272347,343.6889963895594,2.6528370359472317,10.0,2.9645977573554783,main,
200/200/150/150/100/100/50/50,0.75,30.0,3.0,0.01,64,0,0.2,12.0,gray,jsq,3,20225,35.13025828009108,21.118936739227934,220.92346003262233,373.50028435692406,2.625512978986403,10.0,3.044817616304009,main,
200/200/150/150/100/100/50/50,0.75,30.0,3.0,0.01,64,0,0.2,12.0,gray,jsq,4,20322,35.70393309851065,21.970495424788794,211.09195018453374,342.0571376395279,2.7232063773250665,11.0,2.961732334261332,main,
200/200/150/150/100/100/50/50,0.75,30.0,3.0,0.01,64,0,0.2,12.0,gray,jsq,5,20399,36.23896884290618,22.750511115457783,215.89525074593837,324.8308767961486,2.799794107554292,11.0,3.1934141724943608,main,
200/200/150/150/100/100/50/50,0.75,30.0,3.0,0.01,64,0,0.2,12.0,gray,jsq,6,20378,36.60374400487126,22.958407149009652,219.23216518098243,354.8682784374204,2.7888899793895376,11.0,3.047298884292701,main,
200/200/150/150/100/100/50/50,0.75,30.0,3.0,0.01,64,0,0.2,12.0,gray,jsq,7,20142,34.79744920031798,21.741297089119094,205.64289163450934,336.3171083494815,2.621388144176348,10.0,3.044710063064298,main,
200/200/150/150/100/100/50/50,0.75,30.0,3.0,0.01,64,0,0.2,12.0,gray,jsq,8,20380,35.747630673525556,22.432950250876438,206.52601989546957,317.1631793794569,2.759028459273798,11.0,2.9878528289779487,main,
200/200/150/150/100/100/50/50,0.75,30.0,3.0,0.01,64,0,0.2,12.0,gray,jsq,9,20356,38.227690249262,23.698370848896033,231.6951777906671,351.79369358435025,2.91162310866575,11.0,3.1452555636032704,main,
200/200/150/150/100/100/50/50,0.75,30.0,3.0,0.01,64,0,0.2,12.0,gray,jsq+lc,0,20488,37.222209394952195,23.352283244099326,222.09668973810025,365.1160099166475,2.8466419367434597,11.0,3.013594381471201,main,
200/200/150/150/100/100/50/50,0.75,30.0,3.0,0.01,64,0,0.2,12.0,gray,jsq+lc,1,20301,35.76191134543454,22.18660698468966,210.74977438159337,410.4839790247088,2.678833554997291,10.0,3.0586502878463993,main,
200/200/150/150/100/100/50/50,0.75,30.0,3.0,0.01,64,0,0.2,12.0,gray,jsq+lc,2,20391,34.68255724701211,20.955048746227334,232.59988009791095,427.29790896162723,2.5760384483350496,10.0,2.9176219863937876,main,
200/200/150/150/100/100/50/50,0.75,30.0,3.0,0.01,64,0,0.2,12.0,gray,jsq+lc,3,20225,34.07473692925944,21.417871509534336,193.14105226672814,295.3016058541373,2.557231149567367,10.0,2.909655102801429,main,
200/200/150/150/100/100/50/50,0.75,30.0,3.0,0.01,64,0,0.2,12.0,gray,jsq+lc,4,20322,35.27539233090878,20.985838608668317,222.17866875183987,368.9384466664801,2.632614900108257,10.0,2.942343860340276,main,
200/200/150/150/100/100/50/50,0.75,30.0,3.0,0.01,64,0,0.2,12.0,gray,jsq+lc,5,20399,35.59352152267472,21.76406756680649,210.7835400546031,338.7181163186224,2.7087112113338887,11.0,3.154336706652551,main,
200/200/150/150/100/100/50/50,0.75,30.0,3.0,0.01,64,0,0.2,12.0,gray,jsq+lc,6,20378,36.699596924194935,22.663875221139662,218.10202241926163,333.1896885922972,2.7330945136912357,10.0,2.968201758572226,main,
200/200/150/150/100/100/50/50,0.75,30.0,3.0,0.01,64,0,0.2,12.0,gray,jsq+lc,7,20142,34.40892859291085,20.33830843521134,225.56895795376175,339.6926889478102,2.511667163141694,10.0,2.886204921463603,main,
200/200/150/150/100/100/50/50,0.75,30.0,3.0,0.01,64,0,0.2,12.0,gray,jsq+lc,8,20380,35.393314634857234,21.578428019687124,205.33150274497746,346.1974234009385,2.6771835132482824,10.209999999999127,3.0026705473613156,main,
200/200/150/150/100/100/50/50,0.75,30.0,3.0,0.01,64,0,0.2,12.0,gray,jsq+lc,9,20356,37.35364783233916,23.474018593020674,229.98631557915968,401.8154027965101,2.8032029868343487,11.0,2.9964355327541323,main,
200/200/150/150/100/100/50/50,0.75,30.0,3.0,0.01,64,0,0.2,12.0,gray,p2c,0,20488,48.00767519400505,25.407084592515172,297.6478391868474,407.9730076084711,3.2868996485747757,12.0,1.2172671788955993,main,
200/200/150/150/100/100/50/50,0.75,30.0,3.0,0.01,64,0,0.2,12.0,gray,p2c,1,20301,46.89828608385335,25.468616163152547,285.23731291496546,425.3723239390031,3.2026993744150536,11.0,1.186707019361909,main,
200/200/150/150/100/100/50/50,0.75,30.0,3.0,0.01,64,0,0.2,12.0,gray,p2c,2,20391,43.40695467224792,24.251000220747443,262.2859007886752,395.81572285408765,2.9222205875140994,10.0,1.2561161495206146,main,
200/200/150/150/100/100/50/50,0.75,30.0,3.0,0.01,64,0,0.2,12.0,gray,p2c,3,20225,43.71449262459045,23.351907442872744,273.273586087162,370.103229510145,2.9147589616810876,10.0,1.2200204697683978,main,
200/200/150/150/100/100/50/50,0.75,30.0,3.0,0.01,64,0,0.2,12.0,gray,p2c,4,20322,46.29649765290324,24.24999426305252,295.9730335306948,425.3594337017007,3.096545615589017,11.0,1.1910531388973147,main,
200/200/150/150/100/100/50/50,0.75,30.0,3.0,0.01,64,0,0.2,12.0,gray,p2c,5,20399,48.11308951161984,25.387686419422906,310.352987740663,431.70570446807,3.2471689788715135,11.0,1.2427433872333569,main,
200/200/150/150/100/100/50/50,0.75,30.0,3.0,0.01,64,0,0.2,12.0,gray,p2c,6,20378,47.02276836516227,25.505852776816383,290.3065074459444,398.1869787643383,3.216409853763863,11.0,1.220966496278887,main,
200/200/150/150/100/100/50/50,0.75,30.0,3.0,0.01,64,0,0.2,12.0,gray,p2c,7,20142,41.66669046654094,22.77654650185923,256.99857812509987,379.7294012138668,2.754642041505312,10.0,1.2468118180534558,main,
200/200/150/150/100/100/50/50,0.75,30.0,3.0,0.01,64,0,0.2,12.0,gray,p2c,8,20380,44.993293292628934,24.52703001788059,266.9530991217772,387.9447118621591,3.0914131501472033,11.0,1.1991686734209481,main,
200/200/150/150/100/100/50/50,0.75,30.0,3.0,0.01,64,0,0.2,12.0,gray,p2c,9,20356,45.78294721733772,24.999556691399416,276.1841482362918,408.0833280923173,3.1215366476714483,12.0,1.2486250002049568,main,
200/200/150/150/100/100/50/50,0.75,30.0,3.0,0.01,64,0,0.2,12.0,gray,p2c_learned,0,20488,39.61915119508332,25.5110953395139,202.0795899470087,430.2200746731997,3.2354060913705585,13.0,1.3019745599661319,main,
200/200/150/150/100/100/50/50,0.75,30.0,3.0,0.01,64,0,0.2,12.0,gray,p2c_learned,1,20301,35.07881937141145,23.453812649641748,178.55682475056867,565.6849415758323,2.7635091867395696,11.0,1.2878664331405,main,
200/200/150/150/100/100/50/50,0.75,30.0,3.0,0.01,64,0,0.2,12.0,gray,p2c_learned,2,20391,33.86860048592785,22.634430374431247,174.6667982373512,408.38472864214566,2.7123240645382767,11.0,1.3199291402805098,main,
200/200/150/150/100/100/50/50,0.75,30.0,3.0,0.01,64,0,0.2,12.0,gray,p2c_learned,3,20225,33.45310397368864,22.195039020047602,185.33917082554345,346.856489708977,2.6178491965389368,11.0,1.3069565952434763,main,
200/200/150/150/100/100/50/50,0.75,30.0,3.0,0.01,64,0,0.2,12.0,gray,p2c_learned,4,20322,34.2866072497663,23.39128712632421,185.80463805380717,363.9947173665032,2.76001377817144,12.0,1.282944578845605,main,
200/200/150/150/100/100/50/50,0.75,30.0,3.0,0.01,64,0,0.2,12.0,gray,p2c_learned,5,20399,38.00193161889601,24.493512265067352,219.2107153898269,407.48461281122394,3.1180450022059905,13.0,1.2953539262394629,main,
200/200/150/150/100/100/50/50,0.75,30.0,3.0,0.01,64,0,0.2,12.0,gray,p2c_learned,6,20378,36.647527584191806,23.996398295031085,194.20104380168573,677.2412476887692,2.919079399352243,12.0,1.3692741345171757,main,
200/200/150/150/100/100/50/50,0.75,30.0,3.0,0.01,64,0,0.2,12.0,gray,p2c_learned,7,20142,32.02630152482041,21.568405974198512,179.48186155276977,350.1800209751226,2.4993049349617715,10.0,1.2805035719428888,main,
200/200/150/150/100/100/50/50,0.75,30.0,3.0,0.01,64,0,0.2,12.0,gray,p2c_learned,8,20380,34.79641163529719,23.89761327491069,178.8967117915817,359.632328942062,2.85053974484789,11.0,1.2370633034203946,main,
200/200/150/150/100/100/50/50,0.75,30.0,3.0,0.01,64,0,0.2,12.0,gray,p2c_learned,9,20356,36.8382150442918,23.86986490823917,210.3551654118475,387.9995909008289,2.939870308508548,12.0,1.323917391214533,main,
200/200/150/150/100/100/50/50,0.75,30.0,3.0,0.01,64,0,0.2,12.0,gray,sed,0,20488,41.18368726742735,28.403364799931108,251.74363635539515,499.5414066846081,3.7848984771573604,13.0,3.9454198155747715,main,
200/200/150/150/100/100/50/50,0.75,30.0,3.0,0.01,64,0,0.2,12.0,gray,sed,1,20301,39.32641149572405,27.28797006644612,221.5062403181527,394.15757578832205,3.6538594157923256,13.0,3.889295286462032,main,
200/200/150/150/100/100/50/50,0.75,30.0,3.0,0.01,64,0,0.2,12.0,gray,sed,2,20391,37.749101352808665,26.250014391635546,227.84098708071934,450.59803537627005,3.5745672110244717,12.0,3.8484065738529627,main,
200/200/150/150/100/100/50/50,0.75,30.0,3.0,0.01,64,0,0.2,12.0,gray,sed,3,20225,38.196848705748614,26.252103361862567,242.33273875277334,468.36739270579994,3.5031891223733003,12.0,3.804586811436753,main,
200/200/150/150/100/100/50/50,0.75,30.0,3.0,0.01,64,0,0.2,12.0,gray,sed,4,20322,38.71189666845624,27.071513069010233,233.4650513226264,421.0833968333604,3.6362070662336383,12.0,3.7783417246079396,main,
200/200/150/150/100/100/50/50,0.75,30.0,3.0,0.01,64,0,0.2,12.0,gray,sed,5,20399,39.08862283533217,26.788343393981506,247.05490457256872,444.01724933402187,3.582136379234276,12.0,3.8396422657210643,main,
200/200/150/150/100/100/50/50,0.75,30.0,3.0,0.01,64,0,0.2,12.0,gray,sed,6,20378,39.38538152585964,26.870150642647417,266.90164938869043,422.33834553206384,3.575130042202375,12.0,3.727077482173999,main,
200/200/150/150/100/100/50/50,0.75,30.0,3.0,0.01,64,0,0.2,12.0,gray,sed,7,20142,36.86499163634507,25.80765046517719,216.19275887878382,378.9600209759178,3.3981729718995135,12.0,3.6797523724890144,main,
200/200/150/150/100/100/50/50,0.75,30.0,3.0,0.01,64,0,0.2,12.0,gray,sed,8,20380,38.199169943008506,26.08459006857977,235.55345838778956,409.7792869569829,3.518449460255152,12.0,3.9128793492811638,main,
200/200/150/150/100/100/50/50,0.75,30.0,3.0,0.01,64,0,0.2,12.0,gray,sed,9,20356,40.814673444812335,27.708704389939776,248.4252866810907,512.8465730428983,3.693800353704068,13.0,3.8682186748505503,main,
200/200/150/150/100/100/50/50,0.75,30.0,3.0,0.01,64,0,0.2,12.0,gray,ts,0,20488,31.400244745468548,22.93210250154676,147.05337852934943,321.345513049286,2.9888715345568135,11.0,2.1754776802390086,main,
200/200/150/150/100/100/50/50,0.75,30.0,3.0,0.01,64,0,0.2,12.0,gray,ts,1,20301,36.00897245859348,20.834505520088697,171.18239120101464,3516.759606439047,2.880055169696074,11.0,2.2051160443193045,main,
200/200/150/150/100/100/50/50,0.75,30.0,3.0,0.01,64,0,0.2,12.0,gray,ts,2,20391,50.91712066868324,21.381231847122706,157.54471241238295,7540.992754952306,3.7784807022706097,11.0,2.201166172846403,main,
200/200/150/150/100/100/50/50,0.75,30.0,3.0,0.01,64,0,0.2,12.0,gray,ts,3,20225,30.32068235492046,20.987840186744933,140.74487305219097,360.80481284663546,2.7571817058096415,10.0,2.251207097523081,main,
200/200/150/150/100/100/50/50,0.75,30.0,3.0,0.01,64,0,0.2,12.0,gray,ts,4,20322,30.349284807456357,20.868764761283742,149.96704624335865,323.5278287810491,2.7045566381261685,10.0,2.18193309053916,main,
200/200/150/150/100/100/50/50,0.75,30.0,3.0,0.01,64,0,0.2,12.0,gray,ts,5,20399,33.79332226227935,22.24070282184165,151.34580470070912,361.7870485461829,3.0994656600813766,11.0,2.260840418594837,main,
200/200/150/150/100/100/50/50,0.75,30.0,3.0,0.01,64,0,0.2,12.0,gray,ts,6,20378,30.93442214252524,21.660964721326614,169.31165549251398,375.1560202602217,2.761114927863382,10.0,2.214845413069189,main,
200/200/150/150/100/100/50/50,0.75,30.0,3.0,0.01,64,0,0.2,12.0,gray,ts,7,20142,33.0613495227975,20.22234748427998,150.21464533535095,3189.838700732094,2.8326382682951046,10.0,2.1205807021491188,main,
200/200/150/150/100/100/50/50,0.75,30.0,3.0,0.01,64,0,0.2,12.0,gray,ts,8,20380,34.419881333359115,20.973423606045927,174.67961984217925,4004.2905284091976,2.8670755642787045,10.0,2.3875875528307,main,
200/200/150/150/100/100/50/50,0.75,30.0,3.0,0.01,64,0,0.2,12.0,gray,ts,9,20356,44.39108196732157,22.433181722521844,180.95981945617797,5764.112863409802,3.519502849282767,12.0,2.236975251157949,main,
200/200/150/150/100/100/50/50,0.75,30.0,3.0,0.01,64,0,0.2,12.0,gray,ts+lc,0,20488,31.458749789178484,22.62336005067489,150.96463130196582,353.7290301395989,2.973984771573604,12.0,2.1897326511985082,main,
200/200/150/150/100/100/50/50,0.75,30.0,3.0,0.01,64,0,0.2,12.0,gray,ts+lc,1,20301,35.772153328179044,20.92773005944082,172.00066886787192,3516.759606439047,2.9182306290330526,11.0,2.1962563545872187,main,
200/200/150/150/100/100/50/50,0.75,30.0,3.0,0.01,64,0,0.2,12.0,gray,ts+lc,2,20391,47.360570054928914,20.89090576073005,152.42929746120367,7635.741789207965,3.536707370898926,10.0,2.1182681868931734,main,
200/200/150/150/100/100/50/50,0.75,30.0,3.0,0.01,64,0,0.2,12.0,gray,ts+lc,3,20225,29.42592907870935,20.052612779360324,142.50762675573844,287.0367327455276,2.634116192830655,10.0,2.200768508775546,main,
200/200/150/150/100/100/50/50,0.75,30.0,3.0,0.01,64,0,0.2,12.0,gray,ts+lc,4,20322,30.120313366274107,20.710313242279454,149.86211711494892,350.8767727805301,2.673112882590296,10.0,2.090051773554289,main,
200/200/150/150/100/100/50/50,0.75,30.0,3.0,0.01,64,0,0.2,12.0,gray,ts+lc,5,20399,34.40463725272461,21.78664361440319,153.93630041831904,406.3621584836414,3.110936810627972,11.0,2.2314758589068924,main,
200/200/150/150/100/100/50/50,0.75,30.0,3.0,0.01,64,0,0.2,12.0,gray,ts+lc,6,20378,30.60632333324053,21.596189047673242,154.43285424830205,327.05101470531133,2.7945333202473255,11.0,2.163611386018677,main,
200/200/150/150/100/100/50/50,0.75,30.0,3.0,0.01,64,0,0.2,12.0,gray,ts+lc,7,20142,32.872765966709004,20.546139380433814,150.81780378275437,3189.838700732094,2.827723165524774,10.0,2.044122905465484,main,
200/200/150/150/100/100/50/50,0.75,30.0,3.0,0.01,64,0,0.2,12.0,gray,ts+lc,8,20380,33.515924076006954,20.4690314603706,164.406903199348,4004.2905284091976,2.764180569185476,10.0,2.20932282009138,main,
200/200/150/150/100/100/50/50,0.75,30.0,3.0,0.01,64,0,0.2,12.0,gray,ts+lc,9,20356,44.49626479538449,22.742412806805667,183.57436814163694,5756.564272043026,3.610630772253881,14.0,2.1732338967940246,main,
200/200/150/150/100/100/50/50,0.75,30.0,3.0,0.01,64,0,0.2,12.0,gray,ts_epoch,0,20488,52.5635420491362,29.10307594424477,272.14557138566784,4883.751977163491,4.131442795782897,13.0,1.5356037740111,main,
200/200/150/150/100/100/50/50,0.75,30.0,3.0,0.01,64,0,0.2,12.0,gray,ts_epoch,1,20301,80.82386138356866,27.515089205753185,419.1779616401572,5768.502946298801,5.2708733559923155,19.0,1.5342191448650806,main,
200/200/150/150/100/100/50/50,0.75,30.0,3.0,0.01,64,0,0.2,12.0,gray,ts_epoch,2,20391,70.91646884698615,26.42817779469553,316.0960584698384,4918.354890757501,5.123976264038056,16.0,1.5523839316608752,main,
200/200/150/150/100/100/50/50,0.75,30.0,3.0,0.01,64,0,0.2,12.0,gray,ts_epoch,3,20225,66.38863144568366,26.639334068642384,308.02992642092215,5005.999656381145,4.662793572311496,14.0,1.4585253156225186,main,
200/200/150/150/100/100/50/50,0.75,30.0,3.0,0.01,64,0,0.2,12.0,gray,ts_epoch,4,20322,68.66700626460238,27.844744853760872,493.0277963961507,4630.124862657971,4.803365810451727,17.0,1.5067272100600875,main,
200/200/150/150/100/100/50/50,0.75,30.0,3.0,0.01,64,0,0.2,12.0,gray,ts_epoch,5,20399,61.33766539801967,27.988228454721487,291.6353702964713,4963.240649593416,4.51036815530173,15.0,1.544396647797789,main,
200/200/150/150/100/100/50/50,0.75,30.0,3.0,0.01,64,0,0.2,12.0,gray,ts_epoch,6,20378,91.67965326814773,28.477643141653353,402.8967361767849,7253.358028434998,6.202963980763569,19.0,1.5025325847440214,main,
200/200/150/150/100/100/50/50,0.75,30.0,3.0,0.01,64,0,0.2,12.0,gray,ts_epoch,7,20142,121.85719984560056,26.990525832669476,4316.888875757268,8700.3802528787,7.3332340383278725,198.1800000000003,1.584306613654462,main,
200/200/150/150/100/100/50/50,0.75,30.0,3.0,0.01,64,0,0.2,12.0,gray,ts_epoch,8,20380,74.69321517397223,27.645580008137216,316.97229197228165,5813.299976082547,5.000834151128557,15.209999999999127,1.5047655244635694,main,
200/200/150/150/100/100/50/50,0.75,30.0,3.0,0.01,64,0,0.2,12.0,gray,ts_epoch,9,20356,48.31565851083472,29.200095545857785,242.80144264645457,3148.017146552622,3.862448418156809,15.0,1.5603709110957578,main,
200/200/150/150/100/100/50/50,0.75,30.0,3.0,0.01,64,0,0.2,12.0,gray,wrandom,0,20488,3481.529967190096,28.355727149080412,45766.1554304705,49311.85506277466,140.5981062085123,1907.0,0.9874275450902583,main,
200/200/150/150/100/100/50/50,0.75,30.0,3.0,0.01,64,0,0.2,12.0,gray,wrandom,1,20301,3239.158627240467,26.612244493326997,45589.351464401065,48686.867611853646,131.42653071277277,1774.0,1.0186083965666266,main,
200/200/150/150/100/100/50/50,0.75,30.0,3.0,0.01,64,0,0.2,12.0,gray,wrandom,2,20391,3124.0661181236396,26.95443027148503,43204.260538333045,46379.15214314959,131.1408954931097,1793.0999999999985,0.9993396154612673,main,
200/200/150/150/100/100/50/50,0.75,30.0,3.0,0.01,64,0,0.2,12.0,gray,wrandom,3,20225,3210.035177934113,27.39567070253912,44069.02670191304,47154.02829293092,134.11550061804698,1810.7599999999984,0.98716431972123,main,
200/200/150/150/100/100/50/50,0.75,30.0,3.0,0.01,64,0,0.2,12.0,gray,wrandom,4,20322,3343.9882337952695,26.023885346851294,44925.29701115955,48251.56327363311,135.80124987698062,1848.7900000000009,0.9906306189467335,main,
200/200/150/150/100/100/50/50,0.75,30.0,3.0,0.01,64,0,0.2,12.0,gray,wrandom,5,20399,3316.426118857529,26.56781848099854,46537.94921532329,49961.71637276378,133.1680964753174,1812.0200000000004,0.9827811427171849,main,
200/200/150/150/100/100/50/50,0.75,30.0,3.0,0.01,64,0,0.2,12.0,gray,wrandom,6,20378,3302.4723815026928,27.79486856463098,45098.32358974899,48148.565487167,135.43797232309353,1841.2299999999996,1.0329416275460885,main,
200/200/150/150/100/100/50/50,0.75,30.0,3.0,0.01,64,0,0.2,12.0,gray,wrandom,7,20142,3351.281541056419,25.976095164321087,46061.680863886475,49149.75683023828,135.5233839737861,1846.5900000000001,0.9981287280370281,main,
200/200/150/150/100/100/50/50,0.75,30.0,3.0,0.01,64,0,0.2,12.0,gray,wrandom,8,20380,3434.038546547769,25.998701387717205,47446.360008171876,51635.72692418266,140.08640824337587,1881.2099999999991,1.001057552574705,main,
200/200/150/150/100/100/50/50,0.75,30.0,3.0,0.01,64,0,0.2,12.0,gray,wrandom,9,20356,3363.4812270430557,27.111485672675073,47068.84805615532,50584.75314914389,134.730693652977,1823.4500000000007,1.0066515915176892,main,
200/200/150/150/100/100/50/50,0.75,30.0,3.0,0.05,1,0,0.2,12.0,gray,greedy,0,20488,272.56766870441584,253.0930968199021,959.2852686131339,1892.826753882167,37.58185279187817,106.0,32.76043758609486,main,
200/200/150/150/100/100/50/50,0.75,30.0,3.0,0.05,1,0,0.2,12.0,gray,greedy,1,20301,253.61315544166797,225.56327084480543,1071.0626260432666,2353.0966414676873,34.22668834047584,86.0,32.08811039834558,main,
200/200/150/150/100/100/50/50,0.75,30.0,3.0,0.05,1,0,0.2,12.0,gray,greedy,2,20391,325.59438438115234,193.56444888732582,5879.057195146019,9756.815578835913,34.29562061693885,242.09999999999854,32.094721857563265,main,
200/200/150/150/100/100/50/50,0.75,30.0,3.0,0.05,1,0,0.2,12.0,gray,greedy,3,20225,292.7967728918337,234.9921141270599,2531.867040363982,4014.8757712904303,38.65221260815822,237.7599999999984,32.4570440221571,main,
200/200/150/150/100/100/50/50,0.75,30.0,3.0,0.05,1,0,0.2,12.0,gray,greedy,4,20322,336.4711782995074,232.06817555364978,4344.471460477473,6251.707953664639,38.33018403700423,196.0,32.10288097915999,main,
200/200/150/150/100/100/50/50,0.75,30.0,3.0,0.05,1,0,0.2,12.0,gray,greedy,5,20399,249.16297960601068,234.27642012528338,706.7983042211434,1426.0503074787541,34.06103240354919,84.0,32.518123509836286,main,
200/200/150/150/100/100/50/50,0.75,30.0,3.0,0.05,1,0,0.2,12.0,gray,greedy,6,20378,286.42891796182533,221.61374558083668,2134.7309221482674,6736.827833839926,34.73515555991756,110.0,32.086774820690515,main,
200/200/150/150/100/100/50/50,0.75,30.0,3.0,0.05,1,0,0.2,12.0,gray,greedy,7,20142,223.10299467842125,193.68079489261982,1003.5075125835392,2061.265612440762,30.313821864760204,119.0,31.92398713085824,main,
200/200/150/150/100/100/50/50,0.75,30.0,3.0,0.05,1,0,0.2,12.0,gray,greedy,8,20380,281.95465224121335,202.21010738666223,2879.720827372949,6001.151624875324,34.03763493621197,143.20999999999913,31.72091271686702,main,
200/200/150/150/100/100/50/50,0.75,30.0,3.0,0.05,1,0,0.2,12.0,gray,greedy,9,20356,245.22474889032586,223.09247883577666,771.0711573145729,1361.9442818349644,33.80118883867164,86.0,32.39094538618523,main,
200/200/150/150/100/100/50/50,0.75,30.0,3.0,0.05,1,0,0.2,12.0,gray,greedy+lc,0,20488,31.999201452567284,25.216260172372884,119.69069516951043,244.6871320076929,3.4241507223740726,13.0,1.667762961030048,main,
200/200/150/150/100/100/50/50,0.75,30.0,3.0,0.05,1,0,0.2,12.0,gray,greedy+lc,1,20301,28.1630592182126,21.458404770172024,116.35132814633309,233.96936784466598,2.835328308950298,12.0,1.4874892418810917,main,
200/200/150/150/100/100/50/50,0.75,30.0,3.0,0.05,1,0,0.2,12.0,gray,greedy+lc,2,20391,30.365692209672982,23.653574093653873,127.90194015238403,204.5257073213475,3.341915550978373,14.0,1.551341065068892,main,
200/200/150/150/100/100/50/50,0.75,30.0,3.0,0.05,1,0,0.2,12.0,gray,greedy+lc,3,20225,27.514370100972737,21.38222043321214,107.82880456661191,211.82314473360265,2.8497404202719405,11.0,1.566082313107016,main,
200/200/150/150/100/100/50/50,0.75,30.0,3.0,0.05,1,0,0.2,12.0,gray,greedy+lc,4,20322,29.684489263883233,22.801614689966776,112.01545210641545,227.3705746654042,3.1727192205491583,13.0,1.4814847286083188,main,
200/200/150/150/100/100/50/50,0.75,30.0,3.0,0.05,1,0,0.2,12.0,gray,greedy+lc,5,20399,28.681438480698578,22.897927276360974,107.37429552620496,217.44246108642253,3.0204421785381634,12.0,1.552136531065822,main,
200/200/150/150/100/100/50/50,0.75,30.0,3.0,0.05,1,0,0.2,12.0,gray,greedy+lc,6,20378,31.441513245931407,23.23633901150668,134.64208340461803,588.0650304294792,3.282854058298165,16.0,1.5850336436639858,main,
200/200/150/150/100/100/50/50,0.75,30.0,3.0,0.05,1,0,0.2,12.0,gray,greedy+lc,7,20142,27.928476055726,22.103426234481915,104.09706152278919,210.32381955255914,3.014497070797339,12.0,1.6209544877550148,main,
200/200/150/150/100/100/50/50,0.75,30.0,3.0,0.05,1,0,0.2,12.0,gray,greedy+lc,8,20380,27.814235867818653,22.378886096571016,101.65161923480922,215.7063735702123,2.9623650637880274,11.0,1.465089777107081,main,
200/200/150/150/100/100/50/50,0.75,30.0,3.0,0.05,1,0,0.2,12.0,gray,greedy+lc,9,20356,31.42394711276524,24.271808912969206,130.70538057685616,261.45110790112756,3.362301041461977,15.0,1.5840210132771653,main,
200/200/150/150/100/100/50/50,0.75,30.0,3.0,0.05,1,0,0.2,12.0,gray,jsq,0,20488,122.83765683633588,72.28632695091974,725.7348502098458,971.4312190679531,11.250048809058962,38.0,22.305315052754647,main,
200/200/150/150/100/100/50/50,0.75,30.0,3.0,0.05,1,0,0.2,12.0,gray,jsq,1,20301,117.87737406758212,67.49956692757041,744.2158063423925,1026.7983725735644,10.636865179055219,38.0,21.26094283976279,main,
200/200/150/150/100/100/50/50,0.75,30.0,3.0,0.05,1,0,0.2,12.0,gray,jsq,2,20391,115.76609905253271,69.0859162719839,723.6759895256408,961.3156798398376,10.708498847530773,39.0,21.801510451092483,main,
200/200/150/150/100/100/50/50,0.75,30.0,3.0,0.05,1,0,0.2,12.0,gray,jsq,3,20225,118.75656861530274,65.04454158267059,767.3109310152308,1006.5536138527341,10.474264524103832,39.0,21.157517845059676,main,
200/200/150/150/100/100/50/50,0.75,30.0,3.0,0.05,1,0,0.2,12.0,gray,jsq,4,20322,121.89578665460449,69.79037641854902,774.8295119762251,1086.3268213120296,11.078437161696684,39.0,22.291859151886023,main,
200/200/150/150/100/100/50/50,0.75,30.0,3.0,0.05,1,0,0.2,12.0,gray,jsq,5,20399,121.67999455144783,72.3748550950134,773.1584544135084,1249.588150086533,11.175302710917201,39.0,22.339546435938352,main,
200/200/150/150/100/100/50/50,0.75,30.0,3.0,0.05,1,0,0.2,12.0,gray,jsq,6,20378,121.41214674261622,70.67735905170292,745.6297394064948,979.1951492075967,11.06192953184807,39.0,22.229687097921524,main,
200/200/150/150/100/100/50/50,0.75,30.0,3.0,0.05,1,0,0.2,12.0,gray,jsq,7,20142,111.7689043329519,66.08695016486443,729.2484202205117,1026.1122060314428,10.27872108032966,38.0,21.226807176892358,main,
200/200/150/150/100/100/50/50,0.75,30.0,3.0,0.05,1,0,0.2,12.0,gray,jsq,8,20380,119.32232340164684,68.09401327017417,735.5456613647748,1106.3105951232021,10.842149165848872,39.0,21.581103170539972,main,
200/200/150/150/100/100/50/50,0.75,30.0,3.0,0.05,1,0,0.2,12.0,gray,jsq,9,20356,119.61698871877952,69.39308837690473,806.2806403202,1210.880107329082,10.894723914325015,39.0,22.09358623051486,main,
200/200/150/150/100/100/50/50,0.75,30.0,3.0,0.05,1,0,0.2,12.0,gray,jsq+lc,0,20488,43.912081504306705,22.96327894107364,275.49055823240576,382.2682824078515,2.826923076923077,10.0,0.9766012175460166,main,
200/200/150/150/100/100/50/50,0.75,30.0,3.0,0.05,1,0,0.2,12.0,gray,jsq+lc,1,20301,41.415953498939,20.97825948479226,279.1262799599075,400.2518005800388,2.590562041278755,9.0,0.9535799693585812,main,
200/200/150/150/100/100/50/50,0.75,30.0,3.0,0.05,1,0,0.2,12.0,gray,jsq+lc,2,20391,40.303215292622916,20.18800914260588,251.44782440412817,343.2989694925869,2.505468098670982,9.0,0.9711717570502059,main,
200/200/150/150/100/100/50/50,0.75,30.0,3.0,0.05,1,0,0.2,12.0,gray,jsq+lc,3,20225,39.659442225496036,20.722705918075235,264.0455441016974,344.71290725555883,2.4758961681087763,9.0,0.9162354266281154,main,
200/200/150/150/100/100/50/50,0.75,30.0,3.0,0.05,1,0,0.2,12.0,gray,jsq+lc,4,20322,41.04798994671876,21.17613030547716,258.26095961729686,390.6529605426709,2.5733687629170356,9.0,0.9161156836540981,main,
200/200/150/150/100/100/50/50,0.75,30.0,3.0,0.05,1,0,0.2,12.0,gray,jsq+lc,5,20399,41.571879333027375,21.35757419477713,263.31141080742964,390.3711557758368,2.6083631550566206,9.0,0.9401779284588447,main,
200/200/150/150/100/100/50/50,0.75,30.0,3.0,0.05,1,0,0.2,12.0,gray,jsq+lc,6,20378,41.04299540369972,20.847001318432312,274.0264008378002,416.28591556817827,2.556089900873491,9.0,0.9510906956877467,main,
200/200/150/150/100/100/50/50,0.75,30.0,3.0,0.05,1,0,0.2,12.0,gray,jsq+lc,7,20142,38.35066370802419,19.34920237057014,239.05034545471224,340.3321039564582,2.3175454274649985,8.0,0.9030429156684545,main,
200/200/150/150/100/100/50/50,0.75,30.0,3.0,0.05,1,0,0.2,12.0,gray,jsq+lc,8,20380,41.34388376979369,21.251428055724553,259.86923993489495,341.2058447796373,2.6125613346418057,9.0,0.956751729993059,main,
200/200/150/150/100/100/50/50,0.75,30.0,3.0,0.05,1,0,0.2,12.0,gray,jsq+lc,9,20356,42.567852860427415,21.91773153747345,263.2959341415047,377.92268051772163,2.6781784240518767,10.0,0.9533152230145129,main,
200/200/150/150/100/100/50/50,0.75,30.0,3.0,0.05,1,0,0.2,12.0,gray,p2c,0,20488,60.81330037430838,32.42035970771795,368.2439909297094,528.2108558712115,4.336880124951191,15.0,2.51470250551656,main,
200/200/150/150/100/100/50/50,0.75,30.0,3.0,0.05,1,0,0.2,12.0,gray,p2c,1,20301,59.280009912660205,31.017270231513905,353.9910492579992,449.973037944183,4.221417664154475,14.0,2.4813263067757294,main,
200/200/150/150/100/100/50/50,0.75,30.0,3.0,0.05,1,0,0.2,12.0,gray,p2c,2,20391,56.80281796037257,29.243008052610264,348.4899039524885,442.7493731868078,3.9449266833406895,13.0,2.5287342267137247,main,
200/200/150/150/100/100/50/50,0.75,30.0,3.0,0.05,1,0,0.2,12.0,gray,p2c,3,20225,55.88035919017408,29.092983806616957,341.6701938638315,492.3075165353944,3.8823238566131026,13.0,2.3928658965700396,main,
200/200/150/150/100/100/50/50,0.75,30.0,3.0,0.05,1,0,0.2,12.0,gray,p2c,4,20322,57.28787937505203,30.373243009037765,352.38988985813916,499.653327292044,4.033559689006988,14.0,2.4376913588158846,main,
200/200/150/150/100/100/50/50,0.75,30.0,3.0,0.05,1,0,0.2,12.0,gray,p2c,5,20399,60.227889737528336,31.712177063264235,352.04532274756457,463.13099299392127,4.3026618951909406,14.0,2.4684200352247396,main,
200/200/150/150/100/100/50/50,0.75,30.0,3.0,0.05,1,0,0.2,12.0,gray,p2c,6,20378,61.315801808129265,31.835660234638794,359.4202005468169,539.5929791931698,4.322357444302679,14.0,2.398201877508298,main,
200/200/150/150/100/100/50/50,0.75,30.0,3.0,0.05,1,0,0.2,12.0,gray,p2c,7,20142,53.94639456904253,28.76279883533206,318.19346423391227,417.10817561101845,3.7289742825935854,13.0,2.4401250151202483,main,
200/200/150/150/100/100/50/50,0.75,30.0,3.0,0.05,1,0,0.2,12.0,gray,p2c,8,20380,59.21913419380795,30.72091152588019,376.3849473138962,506.16207791122287,4.175956820412169,14.0,2.3835032313416176,main,
200/200/150/150/100/100/50/50,0.75,30.0,3.0,0.05,1,0,0.2,12.0,gray,p2c,9,20356,59.62468451114634,31.74560637380175,369.9893645487189,501.5322345860425,4.2287286303792495,15.0,2.4856584080140025,main,
200/200/150/150/100/100/50/50,0.75,30.0,3.0,0.05,1,0,0.2,12.0,gray,p2c_learned,0,20488,42.278900332411844,30.259885146592502,208.4368876386022,336.7069880194539,3.9380124951190942,15.0,2.321578543013074,main,
200/200/150/150/100/100/50/50,0.75,30.0,3.0,0.05,1,0,0.2,12.0,gray,p2c_learned,1,20301,39.87635325429508,27.862982260733915,198.13488157712555,319.2928928396894,3.6875523373232846,14.0,2.217423092634932,main,
200/200/150/150/100/100/50/50,0.75,30.0,3.0,0.05,1,0,0.2,12.0,gray,p2c_learned,2,20391,39.380444221293914,27.900030646144103,184.5856757418738,404.2213639898941,3.576626943259281,14.0,2.4119578694529697,main,
200/200/150/150/100/100/50/50,0.75,30.0,3.0,0.05,1,0,0.2,12.0,gray,p2c_learned,3,20225,37.68278607353869,26.498332177126827,197.37535831679045,298.7749390511298,3.3975278121137205,13.0,2.2652225251696065,main,
200/200/150/150/100/100/50/50,0.75,30.0,3.0,0.05,1,0,0.2,12.0,gray,p2c_learned,4,20322,40.180810728052194,29.115866544429103,170.0550513186054,304.68679551965545,3.6813797854541876,14.0,2.307176935764049,main,
200/200/150/150/100/100/50/50,0.75,30.0,3.0,0.05,1,0,0.2,12.0,gray,p2c_learned,5,20399,38.897687946924776,27.716441405058134,176.8341627691348,304.41386660087977,3.6238541104956123,13.0,2.3199129782857937,main,
200/200/150/150/100/100/50/50,0.75,30.0,3.0,0.05,1,0,0.2,12.0,gray,p2c_learned,6,20378,40.358595533602255,28.998548863517826,188.3721823450722,287.6516510336107,3.6898616154676613,13.0,2.2727310284616755,main,
200/200/150/150/100/100/50/50,0.75,30.0,3.0,0.05,1,0,0.2,12.0,gray,p2c_learned,7,20142,37.300700329883234,26.16771799987383,178.35955570450682,298.79564189463804,3.387846291331546,12.0,2.3569847096448573,main,
200/200/150/150/100/100/50/50,0.75,30.0,3.0,0.05,1,0,0.2,12.0,gray,p2c_learned,8,20380,39.188763906794826,28.285819471147278,179.02589915361648,282.27560612005976,3.6709028459273796,13.0,2.277493316009063,main,
200/200/150/150/100/100/50/50,0.75,30.0,3.0,0.05,1,0,0.2,12.0,gray,p2c_learned,9,20356,40.78792035272635,29.771674618939592,185.96778574986848,287.2753836540086,3.7885144429160937,14.0,2.4014112663555744,main,
200/200/150/150/100/100/50/50,0.75,30.0,3.0,0.05,1,0,0.2,12.0,gray,sed,0,20488,143.64956075014874,100.60475247976441,827.0114942698889,1542.7136265707436,14.807887543928153,40.13000000000102,30.139523923175815,main,
200/200/150/150/100/100/50/50,0.75,30.0,3.0,0.05,1,0,0.2,12.0,gray,sed,1,20301,142.50695911798223,97.88446934608253,826.8967444567643,1227.5380090720812,14.773754987439043,41.0,29.492672678838456,main,
200/200/150/150/100/100/50/50,0.75,30.0,3.0,0.05,1,0,0.2,12.0,gray,sed,2,20391,137.4849048067971,97.27272295415368,782.8322823776723,1161.5107826749245,14.288852925310186,40.0,29.62872164077066,main,
200/200/150/150/100/100/50/50,0.75,30.0,3.0,0.05,1,0,0.2,12.0,gray,sed,3,20225,133.65148309279658,97.5589390319751,809.4701974741128,1133.6759661017481,14.308034610630408,39.0,29.29816866956014,main,
200/200/150/150/100/100/50/50,0.75,30.0,3.0,0.05,1,0,0.2,12.0,gray,sed,4,20322,139.3835888792865,99.47781030853031,789.1460934629713,1301.5084688324139,14.790621001869894,41.0,30.225116656341477,main,
200/200/150/150/100/100/50/50,0.75,30.0,3.0,0.05,1,0,0.2,12.0,gray,sed,5,20399,140.40071760657835,102.17092002780603,732.1404778443895,1122.3017162485685,15.11005441443208,40.0,30.35384570804763,main,
200/200/150/150/100/100/50/50,0.75,30.0,3.0,0.05,1,0,0.2,12.0,gray,sed,6,20378,141.4550257360196,98.97515588032758,851.531377742281,1215.787077533859,14.699970556482482,40.0,29.879655564114806,main,
200/200/150/150/100/100/50/50,0.75,30.0,3.0,0.05,1,0,0.2,12.0,gray,sed,7,20142,137.78736796018106,97.03435034200169,871.9626673980356,1296.4796964603333,14.356816602124914,39.0,29.682074778826692,main,
200/200/150/150/100/100/50/50,0.75,30.0,3.0,0.05,1,0,0.2,12.0,gray,sed,8,20380,135.9157085977445,95.07114875403744,796.3267533557539,1158.2146591990104,14.46766437684004,40.0,29.63213765001886,main,
200/200/150/150/100/100/50/50,0.75,30.0,3.0,0.05,1,0,0.2,12.0,gray,sed,9,20356,141.0045749575402,101.38329853331473,797.9335357495562,1208.8510465033062,14.692817842405187,40.0,29.737973766824776,main,
200/200/150/150/100/100/50/50,0.75,30.0,3.0,0.05,1,0,0.2,12.0,gray,ts,0,20488,294.0315847432961,227.16204141540254,2283.704949989135,6312.320881561187,35.44679812573214,153.0,31.982014759235803,main,
200/200/150/150/100/100/50/50,0.75,30.0,3.0,0.05,1,0,0.2,12.0,gray,ts,1,20301,344.5496658643451,196.06635005985495,6144.683883654902,10946.43718171698,33.65696271119649,210.0,31.72961607570497,main,
200/200/150/150/100/100/50/50,0.75,30.0,3.0,0.05,1,0,0.2,12.0,gray,ts,2,20391,327.528714139486,194.61666783758957,6138.27562811999,10797.299296936368,33.67137462606052,210.09999999999854,31.721471697751063,main,
200/200/150/150/100/100/50/50,0.75,30.0,3.0,0.05,1,0,0.2,12.0,gray,ts,3,20225,235.56661120838294,221.02536875266486,701.6486578192307,1099.221722631131,33.306304079110014,82.0,31.586006349493648,main,
200/200/150/150/100/100/50/50,0.75,30.0,3.0,0.05,1,0,0.2,12.0,gray,ts,4,20322,217.53270056273058,199.94429645459277,694.2776197209728,1212.902410237608,30.09260899517764,72.0,31.895383390429018,main,
200/200/150/150/100/100/50/50,0.75,30.0,3.0,0.05,1,0,0.2,12.0,gray,ts,5,20399,429.15022993775267,206.17764301723085,9405.56463537791,13021.659637631235,40.33874209520074,443.02000000000044,31.92701463315737,main,
200/200/150/150/100/100/50/50,0.75,30.0,3.0,0.05,1,0,0.2,12.0,gray,ts,6,20378,263.31973214010014,250.05698240955888,730.633372112885,1047.0799541736303,37.214496025125136,94.0,32.21701103097472,main,
200/200/150/150/100/100/50/50,0.75,30.0,3.0,0.05,1,0,0.2,12.0,gray,ts,7,20142,477.13656073828525,213.29874299632934,9356.562361621225,14293.05008394493,41.117217753946974,339.59000000000015,31.4691299339173,main,
200/200/150/150/100/100/50/50,0.75,30.0,3.0,0.05,1,0,0.2,12.0,gray,ts,8,20380,375.0732602445311,214.74667135567228,5907.626957977047,9297.848190499779,39.51918547595682,316.2099999999991,31.75857339928438,main,
200/200/150/150/100/100/50/50,0.75,30.0,3.0,0.05,1,0,0.2,12.0,gray,ts,9,20356,269.13890346122685,202.3115051620561,2380.62976139043,5761.113916419396,32.302760856749856,153.0,31.916560704507013,main,
200/200/150/150/100/100/50/50,0.75,30.0,3.0,0.05,1,0,0.2,12.0,gray,ts+lc,0,20488,31.900266847870963,24.78125824263433,120.91884076607411,198.13673265238015,3.3991116751269037,14.0,1.5963799621581194,main,
200/200/150/150/100/100/50/50,0.75,30.0,3.0,0.05,1,0,0.2,12.0,gray,ts+lc,1,20301,29.358261757572155,22.541994671951393,118.0050902522396,255.10067175659375,3.0640362543717057,12.0,1.5916451919765149,main,
200/200/150/150/100/100/50/50,0.75,30.0,3.0,0.05,1,0,0.2,12.0,gray,ts+lc,2,20391,28.270464317489353,21.450198218314398,109.77097842370759,387.87333891274477,2.9392869403168063,12.0,1.5670071620451365,main,
200/200/150/150/100/100/50/50,0.75,30.0,3.0,0.05,1,0,0.2,12.0,gray,ts+lc,3,20225,28.97600713479335,22.61732994914567,113.16344551878245,221.25234893240943,3.0767367119901112,12.0,1.6130529052268845,main,
200/200/150/150/100/100/50/50,0.75,30.0,3.0,0.05,1,0,0.2,12.0,gray,ts+lc,4,20322,28.204344588022366,22.37677578277797,106.7155362570658,185.56888279864427,2.918167503198504,12.0,1.5329787754223267,main,
200/200/150/150/100/100/50/50,0.75,30.0,3.0,0.05,1,0,0.2,12.0,gray,ts+lc,5,20399,30.947896577953326,24.568487608426892,117.82429026966413,243.63331939759829,3.3817834207559194,13.0,1.5976008296044562,main,
200/200/150/150/100/100/50/50,0.75,30.0,3.0,0.05,1,0,0.2,12.0,gray,ts+lc,6,20378,29.624909848661517,22.956858755142306,117.9316088211513,237.2688953634744,3.1339189321817646,12.0,1.6946572763132455,main,
200/200/150/150/100/100/50/50,0.75,30.0,3.0,0.05,1,0,0.2,12.0,gray,ts+lc,7,20142,28.136134557670477,22.283626344473895,106.33475065030704,224.55546201216927,3.0140502432727634,12.0,1.5868777303474642,main,
200/200/150/150/100/100/50/50,0.75,30.0,3.0,0.05,1,0,0.2,12.0,gray,ts+lc,8,20380,27.123987668970386,21.650117116637446,97.04571889077799,223.37777483393268,2.7920510304219825,11.0,1.5277662305532718,main,
200/200/150/150/100/100/50/50,0.75,30.0,3.0,0.05,1,0,0.2,12.0,gray,ts+lc,9,20356,31.632945491329405,24.072368186180526,139.4454507709337,323.1128916889418,3.3637748084102967,14.0,1.6258763138904042,main,
200/200/150/150/100/100/50/50,0.75,30.0,3.0,0.05,1,0,0.2,12.0,gray,ts_epoch,0,20488,93.96112152754681,54.04230368335128,604.189182693087,962.834198131131,9.381589222959782,47.0,5.013344100829929,main,
200/200/150/150/100/100/50/50,0.75,30.0,3.0,0.05,1,0,0.2,12.0,gray,ts_epoch,1,20301,84.69083917466895,49.471534826984964,524.665107450108,928.8442968364449,8.379488695138171,41.0,4.639003637962578,main,
200/200/150/150/100/100/50/50,0.75,30.0,3.0,0.05,1,0,0.2,12.0,gray,ts_epoch,2,20391,78.28783960770835,44.883543345077825,573.2579522361325,1485.6237021439215,7.374920307979011,37.0,4.1543122182229375,main,
200/200/150/150/100/100/50/50,0.75,30.0,3.0,0.05,1,0,0.2,12.0,gray,ts_epoch,3,20225,82.72943773531559,45.67365344828289,541.7467646965221,940.7586374015084,8.095920889987639,44.0,4.558364454867364,main,
200/200/150/150/100/100/50/50,0.75,30.0,3.0,0.05,1,0,0.2,12.0,gray,ts_epoch,4,20322,89.1979527292352,51.122598629167015,548.1319630874476,1172.6265763002768,8.968113374667848,48.0,4.922534728850108,main,
200/200/150/150/100/100/50/50,0.75,30.0,3.0,0.05,1,0,0.2,12.0,gray,ts_epoch,5,20399,91.33144464054587,45.816018535706604,654.8402299598642,1278.9429514606168,8.949115152703564,52.0,4.89371958158692,main,
200/200/150/150/100/100/50/50,0.75,30.0,3.0,0.05,1,0,0.2,12.0,gray,ts_epoch,6,20378,87.1103254758397,47.970544975110215,625.9861886289418,1444.4182449579455,8.52473255471587,46.22999999999956,4.656873785575888,main,
200/200/150/150/100/100/50/50,0.75,30.0,3.0,0.05,1,0,0.2,12.0,gray,ts_epoch,7,20142,106.91928593027325,60.93410974566371,668.33116132945,1382.8429207205008,11.663092046470062,61.0,5.726445206409229,main,
200/200/150/150/100/100/50/50,0.75,30.0,3.0,0.05,1,0,0.2,12.0,gray,ts_epoch,8,20380,87.4441223975275,49.18174310174006,584.9491452686616,1300.643294936579,8.848282630029441,47.0,4.948216421930682,main,
200/200/150/150/100/100/50/50,0.75,30.0,3.0,0.05,1,0,0.2,12.0,gray,ts_epoch,9,20356,88.11790482657024,51.168183871163286,540.9547779046278,922.4870036173486,8.766555315386126,47.0,4.8184725959878,main,
200/200/150/150/100/100/50/50,0.75,30.0,3.0,0.05,1,0,0.2,12.0,gray,wrandom,0,20488,3459.184003077132,27.320512900930183,47421.51074038185,50969.94124888364,138.0089808668489,1890.0,0.9713787318832465,main,
200/200/150/150/100/100/50/50,0.75,30.0,3.0,0.05,1,0,0.2,12.0,gray,wrandom,1,20301,3348.4801486368992,26.326149888436845,45821.52980315784,49567.44151305407,137.39909364070735,1832.0,1.0240282290625582,main,
200/200/150/150/100/100/50/50,0.75,30.0,3.0,0.05,1,0,0.2,12.0,gray,wrandom,2,20391,3115.6344849613506,26.88295114959871,42856.65137193849,46404.4785896502,134.0655191015644,1808.0999999999985,1.0173123892731037,main,
200/200/150/150/100/100/50/50,0.75,30.0,3.0,0.05,1,0,0.2,12.0,gray,wrandom,3,20225,3367.233573532406,24.432616893534487,46048.83912293317,49414.458547237475,135.12800988875154,1839.7599999999984,1.015220037624484,main,
200/200/150/150/100/100/50/50,0.75,30.0,3.0,0.05,1,0,0.2,12.0,gray,wrandom,4,20322,3252.4899291237816,25.99508492625624,44901.872548127394,48106.327864703446,132.87068201948628,1817.7900000000009,1.0117180389293945,main,
200/200/150/150/100/100/50/50,0.75,30.0,3.0,0.05,1,0,0.2,12.0,gray,wrandom,5,20399,3591.166459614548,25.971141651901064,49070.460708029364,52589.78851120485,144.73724202166773,1901.0200000000004,1.0132182965288288,main,
200/200/150/150/100/100/50/50,0.75,30.0,3.0,0.05,1,0,0.2,12.0,gray,wrandom,6,20378,3450.932461628979,26.43810727998286,46584.20141184815,49956.85804711806,140.80743939542643,1894.2299999999996,1.006938161786843,main,
200/200/150/150/100/100/50/50,0.75,30.0,3.0,0.05,1,0,0.2,12.0,gray,wrandom,7,20142,3320.9436573428966,25.89970228937677,46356.36246604606,49844.45798060134,133.15847482871612,1828.5900000000001,0.9942701344382996,main,
200/200/150/150/100/100/50/50,0.75,30.0,3.0,0.05,1,0,0.2,12.0,gray,wrandom,8,20380,3585.819130363948,26.024188444875307,47541.231837510684,51108.71401857101,145.66368989205102,1944.2099999999991,1.0228599509740102,main,
200/200/150/150/100/100/50/50,0.75,30.0,3.0,0.05,1,0,0.2,12.0,gray,wrandom,9,20356,3035.248004794249,27.202711868183016,43300.28595782595,46442.29966035694,123.07673413244252,1736.0,0.9858491486446415,main,
200/200/150/150/100/100/50/50,0.75,30.0,3.0,0.05,4,0,0.2,12.0,gray,greedy,0,20488,88.15133879385074,72.7886137933842,381.51990312396777,1119.1810997068221,10.906872315501758,34.0,12.906853180671483,main,
200/200/150/150/100/100/50/50,0.75,30.0,3.0,0.05,4,0,0.2,12.0,gray,greedy,1,20301,90.22669410411994,68.77870249275819,470.8446168281739,1481.6327912883926,11.085315994285995,40.0,13.42608919893137,main,
200/200/150/150/100/100/50/50,0.75,30.0,3.0,0.05,4,0,0.2,12.0,gray,greedy,2,20391,85.16597692101516,65.2146493142709,507.59292742956825,1683.523131538761,10.290814575057624,35.0,13.29696746932597,main,
200/200/150/150/100/100/50/50,0.75,30.0,3.0,0.05,4,0,0.2,12.0,gray,greedy,3,20225,86.38127341272188,63.401704763791145,467.2765443794723,2509.0803012491906,10.148380716934486,35.0,12.916525912742946,main,
200/200/150/150/100/100/50/50,0.75,30.0,3.0,0.05,4,0,0.2,12.0,gray,greedy,4,20322,76.0505723237908,63.33400850381388,327.8672626423473,709.005884227961,9.347111504773153,30.0,11.459379062307208,main,
200/200/150/150/100/100/50/50,0.75,30.0,3.0,0.05,4,0,0.2,12.0,gray,greedy,5,20399,81.48543537614111,63.24496530240431,397.7991605822071,934.5241107626923,9.98656796901809,35.0,12.94818012648799,main,
200/200/150/150/100/100/50/50,0.75,30.0,3.0,0.05,4,0,0.2,12.0,gray,greedy,6,20378,81.27041450077908,67.43156479777835,327.498870617107,849.4919971011242,10.230444597114536,34.0,12.480832282379996,main,
200/200/150/150/100/100/50/50,0.75,30.0,3.0,0.05,4,0,0.2,12.0,gray,greedy,7,20142,80.35288545284936,65.9552883632788,353.7901475860285,804.8919184036066,10.169844106841426,32.0,12.022255886651767,main,
200/200/150/150/100/100/50/50,0.75,30.0,3.0,0.05,4,0,0.2,12.0,gray,greedy,8,20380,83.69076268398622,63.93016343063529,572.9799304906514,1032.9736369875175,10.1801766437684,37.0,12.797832648542634,main,
200/200/150/150/100/100/50/50,0.75,30.0,3.0,0.05,4,0,0.2,12.0,gray,greedy,9,20356,86.63356309125295,71.21119790330432,373.77199913548554,890.5813984887766,10.947288268815091,35.0,13.506896140456863,main,
200/200/150/150/100/100/50/50,0.75,30.0,3.0,0.05,4,0,0.2,12.0,gray,greedy+lc,0,20488,38.10772506834401,30.125127462385493,155.5944717043721,272.3689429912373,4.160923467395548,17.0,4.525204042534383,main,
200/200/150/150/100/100/50/50,0.75,30.0,3.0,0.05,4,0,0.2,12.0,gray,greedy+lc,1,20301,37.38677210967156,28.33592198647139,162.8036001716815,348.33911137669725,4.091177774493867,17.0,4.828642125740674,main,
200/200/150/150/100/100/50/50,0.75,30.0,3.0,0.05,4,0,0.2,12.0,gray,greedy+lc,2,20391,36.00399136267475,26.99168919922812,151.56963862937607,389.6800908879744,3.8863223971359915,17.0,4.9982497192804685,main,
200/200/150/150/100/100/50/50,0.75,30.0,3.0,0.05,4,0,0.2,12.0,gray,greedy+lc,3,20225,36.12862814432193,27.497105949370493,150.6206955231288,277.8693971501169,3.953522867737948,16.0,4.9567779437929955,main,
200/200/150/150/100/100/50/50,0.75,30.0,3.0,0.05,4,0,0.2,12.0,gray,greedy+lc,4,20322,35.63166491055887,27.34314806518867,147.71387710160977,283.56150470664386,3.8715185513236885,16.0,4.705502977827393,main,
200/200/150/150/100/100/50/50,0.75,30.0,3.0,0.05,4,0,0.2,12.0,gray,greedy+lc,5,20399,34.173933199856364,26.47542024780236,141.7996048354111,287.6379663154216,3.7076327270944653,14.0,3.948311253331914,main,
200/200/150/150/100/100/50/50,0.75,30.0,3.0,0.05,4,0,0.2,12.0,gray,greedy+lc,6,20378,38.73323059716067,30.02951848772728,153.5806251627543,623.9173497061225,4.186622828540583,16.0,5.1283593931518805,main,
200/200/150/150/100/100/50/50,0.75,30.0,3.0,0.05,4,0,0.2,12.0,gray,greedy+lc,7,20142,34.9295395630452,27.161627846070235,142.75683229771045,262.50774612019967,3.810545129579982,16.0,4.76159835600752,main,
200/200/150/150/100/100/50/50,0.75,30.0,3.0,0.05,4,0,0.2,12.0,gray,greedy+lc,8,20380,36.14130103977727,28.10783776887682,146.66900764674415,349.5187972557268,3.995632973503435,16.0,4.445979551037256,main,
200/200/150/150/100/100/50/50,0.75,30.0,3.0,0.05,4,0,0.2,12.0,gray,greedy+lc,9,20356,37.09383217501989,28.371351852188198,161.12210310634939,283.32380990057237,3.96865788956573,17.0,4.441597444529856,main,
200/200/150/150/100/100/50/50,0.75,30.0,3.0,0.05,4,0,0.2,12.0,gray,jsq,0,20488,126.40637437548547,75.60331519693707,764.4639299160236,1099.4007394056098,11.573994533385397,40.0,22.223551027752105,main,
200/200/150/150/100/100/50/50,0.75,30.0,3.0,0.05,4,0,0.2,12.0,gray,jsq,1,20301,121.7104987942196,66.476744789421,796.8779637163727,1038.5045391014587,10.718141963450076,40.0,21.218795398145858,main,
200/200/150/150/100/100/50/50,0.75,30.0,3.0,0.05,4,0,0.2,12.0,gray,jsq,2,20391,115.86926329863984,68.59928004057458,718.7890087791238,1173.5108036235465,10.669314893825707,38.0,21.851307505995315,main,
200/200/150/150/100/100/50/50,0.75,30.0,3.0,0.05,4,0,0.2,12.0,gray,jsq,3,20225,113.35221130661863,65.56211088875585,784.239321915117,1232.369751006086,10.259035846724352,38.0,20.880221181719946,main,
200/200/150/150/100/100/50/50,0.75,30.0,3.0,0.05,4,0,0.2,12.0,gray,jsq,4,20322,117.87145154839946,71.7524101567033,728.8076633091446,1016.5000325106829,10.874421808877079,37.0,22.04661024221511,main,
200/200/150/150/100/100/50/50,0.75,30.0,3.0,0.05,4,0,0.2,12.0,gray,jsq,5,20399,119.93375146240979,68.74976094255203,842.8963985122217,1232.130429263834,10.859846070885828,39.0,21.717997648430014,main,
200/200/150/150/100/100/50/50,0.75,30.0,3.0,0.05,4,0,0.2,12.0,gray,jsq,6,20378,121.95198712978159,71.42525657010879,766.4114947362156,1231.0445780438092,11.073559721268035,39.0,22.13244375237297,main,
200/200/150/150/100/100/50/50,0.75,30.0,3.0,0.05,4,0,0.2,12.0,gray,jsq,7,20142,113.55081861646786,63.333801014369584,756.065401368691,1081.4857768634993,10.14422599543243,38.0,20.649913086455044,main,
200/200/150/150/100/100/50/50,0.75,30.0,3.0,0.05,4,0,0.2,12.0,gray,jsq,8,20380,117.62847275313624,68.57905364726413,701.7759222606152,1073.1448851000348,10.75387634936212,38.0,21.215050740625482,main,
200/200/150/150/100/100/50/50,0.75,30.0,3.0,0.05,4,0,0.2,12.0,gray,jsq,9,20356,125.6005143640263,74.1273731569354,790.4954205076359,1168.3611903925614,11.362350167026921,40.0,22.637203576449032,main,
200/200/150/150/100/100/50/50,0.75,30.0,3.0,0.05,4,0,0.2,12.0,gray,jsq+lc,0,20488,53.9237947977867,35.20367620591092,293.4026998143227,409.1628488895352,4.452167122217884,16.0,6.889684645652055,main,
200/200/150/150/100/100/50/50,0.75,30.0,3.0,0.05,4,0,0.2,12.0,gray,jsq+lc,1,20301,53.405516985290404,31.45527611194865,309.14667033859365,475.5576241369926,4.341313235801192,17.0,6.925660700368661,main,
200/200/150/150/100/100/50/50,0.75,30.0,3.0,0.05,4,0,0.2,12.0,gray,jsq+lc,2,20391,50.613529602231225,32.9009951726853,268.2036080439339,432.4174279219468,4.108969643470158,15.0,6.961868884873493,main,
200/200/150/150/100/100/50/50,0.75,30.0,3.0,0.05,4,0,0.2,12.0,gray,jsq+lc,3,20225,50.67434584624754,31.200709729802156,300.5326907396581,504.3994979198181,4.00929542645241,15.0,6.56880759969141,main,
200/200/150/150/100/100/50/50,0.75,30.0,3.0,0.05,4,0,0.2,12.0,gray,jsq+lc,4,20322,51.24125886011493,32.11925757539014,279.08518174832454,433.6970333199794,4.135567365416789,15.0,6.474311079314862,main,
200/200/150/150/100/100/50/50,0.75,30.0,3.0,0.05,4,0,0.2,12.0,gray,jsq+lc,5,20399,52.55287292326467,32.71417823561773,294.4293961370703,457.928403256103,4.263885484582578,16.0,6.766417259779111,main,
200/200/150/150/100/100/50/50,0.75,30.0,3.0,0.05,4,0,0.2,12.0,gray,jsq+lc,6,20378,53.19665687811795,32.88705998395791,327.58160331582076,543.9721196627901,4.288448326626754,16.0,6.8878073157531725,main,
200/200/150/150/100/100/50/50,0.75,30.0,3.0,0.05,4,0,0.2,12.0,gray,jsq+lc,7,20142,48.1422259372666,31.126197965718696,261.7199752114047,439.80845783977765,3.8539866944692682,14.0,6.257898038222651,main,
200/200/150/150/100/100/50/50,0.75,30.0,3.0,0.05,4,0,0.2,12.0,gray,jsq+lc,8,20380,49.40380802119869,30.820680732249528,269.2638083281103,390.16031242170726,4.074975466143278,16.0,6.459743659803769,main,
200/200/150/150/100/100/50/50,0.75,30.0,3.0,0.05,4,0,0.2,12.0,gray,jsq+lc,9,20356,52.64617620154382,33.65848765196722,305.40445466381027,474.48002223891586,4.252112399292592,16.0,6.805165773723783,main,
200/200/150/150/100/100/50/50,0.75,30.0,3.0,0.05,4,0,0.2,12.0,gray,p2c,0,20488,61.791148813586304,33.527065080515506,351.41587415326524,542.0911126042993,4.449873096446701,15.0,2.4106804494763403,main,
200/200/150/150/100/100/50/50,0.75,30.0,3.0,0.05,4,0,0.2,12.0,gray,p2c,1,20301,58.70533430149847,29.975246244791975,372.49902848323126,565.6786772161878,4.076942022560465,14.0,2.3787563384069483,main,
200/200/150/150/100/100/50/50,0.75,30.0,3.0,0.05,4,0,0.2,12.0,gray,p2c,2,20391,55.526908276272785,28.606756201877914,332.6398060654542,412.6732837719598,3.890834191555098,13.0,2.4706499792192096,main,
200/200/150/150/100/100/50/50,0.75,30.0,3.0,0.05,4,0,0.2,12.0,gray,p2c,3,20225,55.304777586693646,29.915710149268193,329.5073863077275,448.4893327888427,3.843114956736712,13.0,2.413526016137759,main,
200/200/150/150/100/100/50/50,0.75,30.0,3.0,0.05,4,0,0.2,12.0,gray,p2c,4,20322,59.56672828726725,30.92296736392086,355.9396946321267,466.14693760132144,4.179116228717646,15.0,2.3850794498152506,main,
200/200/150/150/100/100/50/50,0.75,30.0,3.0,0.05,4,0,0.2,12.0,gray,p2c,5,20399,60.2254159086755,30.423917303668446,360.9560424932091,462.45487801566065,4.2527084661012795,14.0,2.367503110047264,main,
200/200/150/150/100/100/50/50,0.75,30.0,3.0,0.05,4,0,0.2,12.0,gray,p2c,6,20378,58.093489195893355,30.576755683777712,353.2699205748846,459.7910927815827,4.046422612621455,13.0,2.3556313599881866,main,
200/200/150/150/100/100/50/50,0.75,30.0,3.0,0.05,4,0,0.2,12.0,gray,p2c,7,20142,55.866097121607375,28.738956564364315,329.91504163154474,435.2616933336909,3.8581570846986395,13.0,2.4577213250832095,main,
200/200/150/150/100/100/50/50,0.75,30.0,3.0,0.05,4,0,0.2,12.0,gray,p2c,8,20380,58.735697043634715,31.27759283834486,361.16135568026283,498.80282917497607,4.163002944062806,14.0,2.4006622520239196,main,
200/200/150/150/100/100/50/50,0.75,30.0,3.0,0.05,4,0,0.2,12.0,gray,p2c,9,20356,59.12563302514416,32.21309019343721,372.32998381479155,518.7895141439143,4.182059343682452,14.0,2.4552838596082234,main,
200/200/150/150/100/100/50/50,0.75,30.0,3.0,0.05,4,0,0.2,12.0,gray,p2c_learned,0,20488,42.95822613018976,29.884389387266452,222.15201254670492,434.42969391916114,3.820968371729793,14.0,2.1838438631579518,main,
200/200/150/150/100/100/50/50,0.75,30.0,3.0,0.05,4,0,0.2,12.0,gray,p2c_learned,1,20301,41.31133883864516,28.112023034161382,219.16169148665432,329.3653296417919,3.6571597458253287,14.0,2.133848627830279,main,
200/200/150/150/100/100/50/50,0.75,30.0,3.0,0.05,4,0,0.2,12.0,gray,p2c_learned,2,20391,39.16029876606092,26.983050289183907,208.83765178177865,372.8947288478913,3.4783973321563435,13.0,2.2439128625149043,main,
200/200/150/150/100/100/50/50,0.75,30.0,3.0,0.05,4,0,0.2,12.0,gray,p2c_learned,3,20225,39.79753995095492,26.18666435389727,205.737357897474,397.24350294136246,3.476736711990111,14.0,2.18553239998206,main,
200/200/150/150/100/100/50/50,0.75,30.0,3.0,0.05,4,0,0.2,12.0,gray,p2c_learned,4,20322,40.174959517254436,27.914639350024473,204.61103137502738,434.70082807725663,3.543253616770003,13.0,2.2056659733026964,main,
200/200/150/150/100/100/50/50,0.75,30.0,3.0,0.05,4,0,0.2,12.0,gray,p2c_learned,5,20399,41.470448109069835,28.098217350372323,206.70984073959627,383.33779658482797,3.641747144467866,14.0,2.2117932467054824,main,
200/200/150/150/100/100/50/50,0.75,30.0,3.0,0.05,4,0,0.2,12.0,gray,p2c_learned,6,20378,40.38858448858267,28.44112489548678,214.73653479231356,363.2029662161906,3.6326921189518107,13.0,2.2051392176984566,main,
200/200/150/150/100/100/50/50,0.75,30.0,3.0,0.05,4,0,0.2,12.0,gray,p2c_learned,7,20142,38.65638701253197,26.452698052731982,212.1042082075838,399.387432136787,3.3605898123324396,13.0,2.2308530420953687,main,
200/200/150/150/100/100/50/50,0.75,30.0,3.0,0.05,4,0,0.2,12.0,gray,p2c_learned,8,20380,39.96473288855731,28.172932973679288,191.92373301085726,341.9256900749093,3.5926889106967614,13.0,2.174713638443122,main,
200/200/150/150/100/100/50/50,0.75,30.0,3.0,0.05,4,0,0.2,12.0,gray,p2c_learned,9,20356,42.076481466590856,29.2418753832262,223.78082669395675,437.1550552805438,3.736588720770289,14.0,2.285454508405504,main,
200/200/150/150/100/100/50/50,0.75,30.0,3.0,0.05,4,0,0.2,12.0,gray,sed,0,20488,147.0432355595865,104.25524538728027,835.1511086041653,1208.214063581753,15.148233112065599,41.0,30.637099285147347,main,
200/200/150/150/100/100/50/50,0.75,30.0,3.0,0.05,4,0,0.2,12.0,gray,sed,1,20301,144.0917665963705,99.04971737365287,837.21030198733,1180.5532485046842,14.799812817102605,41.0,29.991748961367772,main,
200/200/150/150/100/100/50/50,0.75,30.0,3.0,0.05,4,0,0.2,12.0,gray,sed,2,20391,137.6799667846867,96.4972861858513,770.052175426772,1065.7565167404464,14.577656809376686,41.0,29.967217946292457,main,
200/200/150/150/100/100/50/50,0.75,30.0,3.0,0.05,4,0,0.2,12.0,gray,sed,3,20225,136.8574363362567,96.86828232607958,747.1421178780241,1448.7412050150012,14.42734239802225,39.0,29.50959070401736,main,
200/200/150/150/100/100/50/50,0.75,30.0,3.0,0.05,4,0,0.2,12.0,gray,sed,4,20322,145.6187583640056,100.6382390393048,850.7638041408244,1484.257637119638,15.071794114752485,42.0,30.462993067909977,main,
200/200/150/150/100/100/50/50,0.75,30.0,3.0,0.05,4,0,0.2,12.0,gray,sed,5,20399,144.16180360467044,101.50558399981513,892.5866670515779,1512.2400924851688,15.140987303299182,42.0,30.645157151671185,main,
200/200/150/150/100/100/50/50,0.75,30.0,3.0,0.05,4,0,0.2,12.0,gray,sed,6,20378,139.090787526036,100.04213377249283,768.671978350676,1177.3856379446515,14.595053489056825,40.0,29.73845835930352,main,
200/200/150/150/100/100/50/50,0.75,30.0,3.0,0.05,4,0,0.2,12.0,gray,sed,7,20142,140.35570944371344,97.67803308198353,809.9660943820872,1202.9289258277092,14.65490020851951,40.0,29.76410247453709,main,
200/200/150/150/100/100/50/50,0.75,30.0,3.0,0.05,4,0,0.2,12.0,gray,sed,8,20380,138.14787846452774,98.50929078782578,772.534410730849,1136.057440927234,14.617075564278705,40.0,30.149294478355657,main,
200/200/150/150/100/100/50/50,0.75,30.0,3.0,0.05,4,0,0.2,12.0,gray,sed,9,20356,147.18793704479705,106.42005539138921,789.4847761473704,1060.6078466316042,15.258154843780703,41.0,30.671206162571075,main,
200/200/150/150/100/100/50/50,0.75,30.0,3.0,0.05,4,0,0.2,12.0,gray,ts,0,20488,124.51458805130389,64.85178579917239,1744.524954175209,5522.139201993315,11.65443186255369,68.13000000000102,12.264165684863087,main,
200/200/150/150/100/100/50/50,0.75,30.0,3.0,0.05,4,0,0.2,12.0,gray,ts,1,20301,80.8346057816381,65.45038439194428,332.51674663391736,643.2632761503734,10.073838727156298,33.0,12.26413147848643,main,
200/200/150/150/100/100/50/50,0.75,30.0,3.0,0.05,4,0,0.2,12.0,gray,ts,2,20391,77.26224768117312,63.65370429396222,314.9911261154084,548.7678648079029,9.805257221323133,33.0,12.707438676830582,main,
200/200/150/150/100/100/50/50,0.75,30.0,3.0,0.05,4,0,0.2,12.0,gray,ts,3,20225,83.27220976623998,63.71739129661336,418.56530800153166,1301.2727002823526,10.00415327564895,34.0,13.247501752463503,main,
200/200/150/150/100/100/50/50,0.75,30.0,3.0,0.05,4,0,0.2,12.0,gray,ts,4,20322,73.49090051068289,60.78044403448857,317.2046871307456,570.2164152966603,9.191713414034052,31.0,11.423822651401782,main,
200/200/150/150/100/100/50/50,0.75,30.0,3.0,0.05,4,0,0.2,12.0,gray,ts,5,20399,111.21572369158122,69.65784125211539,841.8296226809007,4233.474522285952,11.706358154811511,43.0,12.604742873908583,main,
200/200/150/150/100/100/50/50,0.75,30.0,3.0,0.05,4,0,0.2,12.0,gray,ts,6,20378,73.37648601072208,59.753614827948276,304.7617654344121,559.3604260181384,9.111590931396604,30.0,11.835041366978121,main,
200/200/150/150/100/100/50/50,0.75,30.0,3.0,0.05,4,0,0.2,12.0,gray,ts,7,20142,71.18692650050058,54.78954198269115,316.466581515972,1050.5977395545287,8.5784927018171,30.0,11.364547983699472,main,
200/200/150/150/100/100/50/50,0.75,30.0,3.0,0.05,4,0,0.2,12.0,gray,ts,8,20380,75.12086670213759,59.91193522355931,311.086607073911,585.3669606587795,9.466192345436703,34.0,11.785653829812933,main,
200/200/150/150/100/100/50/50,0.75,30.0,3.0,0.05,4,0,0.2,12.0,gray,ts,9,20356,101.55455280871404,87.98550313039667,432.1752308196474,840.8945339718946,13.024415405777166,39.0,14.799829365070437,main,
200/200/150/150/100/100/50/50,0.75,30.0,3.0,0.05,4,0,0.2,12.0,gray,ts+lc,0,20488,38.97608775664853,29.42380997131222,166.57584653671537,326.1075458236076,4.1381784459195625,17.0,4.8251452138730455,main,
200/200/150/150/100/100/50/50,0.75,30.0,3.0,0.05,4,0,0.2,12.0,gray,ts+lc,1,20301,37.17257926857826,27.811403834906656,164.8971566865498,370.46797832125026,4.030441850155165,17.0,4.68073581700919,main,
200/200/150/150/100/100/50/50,0.75,30.0,3.0,0.05,4,0,0.2,12.0,gray,ts+lc,2,20391,35.833794091548455,27.09726614278729,150.6480812704865,373.439899782721,3.82884605953607,16.0,5.063421853419996,main,
200/200/150/150/100/100/50/50,0.75,30.0,3.0,0.05,4,0,0.2,12.0,gray,ts+lc,3,20225,36.04346668860079,28.151891381067884,143.9946153689786,268.8916993338234,4.027095179233622,16.0,4.898020386242405,main,
200/200/150/150/100/100/50/50,0.75,30.0,3.0,0.05,4,0,0.2,12.0,gray,ts+lc,4,20322,38.04272955890342,29.203750398732353,156.21393702897657,330.5751482585294,4.13335301643539,16.0,4.965749237449435,main,
200/200/150/150/100/100/50/50,0.75,30.0,3.0,0.05,4,0,0.2,12.0,gray,ts+lc,5,20399,39.846886545272355,30.90227902843168,169.16210080605754,285.03862581478927,4.531153487916074,18.0,5.330975740109503,main,
200/200/150/150/100/100/50/50,0.75,30.0,3.0,0.05,4,0,0.2,12.0,gray,ts+lc,6,20378,37.71594252684856,29.805636026867035,156.27830250070832,304.41227570838294,4.2027186181175775,16.0,4.871537908603737,main,
200/200/150/150/100/100/50/50,0.75,30.0,3.0,0.05,4,0,0.2,12.0,gray,ts+lc,7,20142,33.292775263183884,25.74536338624611,140.1314497899215,320.0907299794146,3.6466090755634992,15.0,3.8538393474600396,main,
200/200/150/150/100/100/50/50,0.75,30.0,3.0,0.05,4,0,0.2,12.0,gray,ts+lc,8,20380,34.634185481944115,27.04732153898881,142.87479431153304,263.8420549794742,3.8070166830225713,15.0,4.355671218152282,main,
200/200/150/150/100/100/50/50,0.75,30.0,3.0,0.05,4,0,0.2,12.0,gray,ts+lc,9,20356,38.91643102943444,29.958972480633506,163.6757893519237,316.3852694005827,4.2835036352918054,19.0,5.094774022684137,main,
200/200/150/150/100/100/50/50,0.75,30.0,3.0,0.05,4,0,0.2,12.0,gray,ts_epoch,0,20488,59.648852003422164,37.477555212573236,383.53892907127374,776.8959742748935,5.455046856696603,22.0,2.572486719841641,main,
200/200/150/150/100/100/50/50,0.75,30.0,3.0,0.05,4,0,0.2,12.0,gray,ts_epoch,1,20301,55.695007826610016,35.48816107926811,338.551949554315,716.3055382915347,5.034825870646766,21.0,2.3125982331203043,main,
200/200/150/150/100/100/50/50,0.75,30.0,3.0,0.05,4,0,0.2,12.0,gray,ts_epoch,2,20391,53.50253440709596,34.424861279770624,291.07100376406345,485.2854640252221,4.87425825118925,20.0,2.2939638103680355,main,
200/200/150/150/100/100/50/50,0.75,30.0,3.0,0.05,4,0,0.2,12.0,gray,ts_epoch,3,20225,60.240365873320265,36.215771775268024,416.0444496441069,805.0657333585181,5.374140914709518,25.0,2.801993873950811,main,
200/200/150/150/100/100/50/50,0.75,30.0,3.0,0.05,4,0,0.2,12.0,gray,ts_epoch,4,20322,64.4624536981108,36.76618035669854,469.3186902239853,973.9058749047961,5.681478200964472,30.0,2.9307590837451567,main,
200/200/150/150/100/100/50/50,0.75,30.0,3.0,0.05,4,0,0.2,12.0,gray,ts_epoch,5,20399,60.2727623037824,39.008107809763715,371.24420072299165,855.1343924103759,5.536987107211138,23.0,2.5931311349489627,main,
200/200/150/150/100/100/50/50,0.75,30.0,3.0,0.05,4,0,0.2,12.0,gray,ts_epoch,6,20378,55.098536478575,35.477466286122585,325.66101279182294,577.8177885751317,4.95823927765237,20.0,2.2132942574746446,main,
200/200/150/150/100/100/50/50,0.75,30.0,3.0,0.05,4,0,0.2,12.0,gray,ts_epoch,7,20142,56.47040148691322,35.175098566348154,342.9997657256005,647.5185016523039,5.148346738159071,22.0,2.53849406316509,main,
200/200/150/150/100/100/50/50,0.75,30.0,3.0,0.05,4,0,0.2,12.0,gray,ts_epoch,8,20380,55.677147627868884,34.727535606297266,367.707971127242,689.6782591801822,4.949263984298332,21.0,2.3708824941000515,main,
200/200/150/150/100/100/50/50,0.75,30.0,3.0,0.05,4,0,0.2,12.0,gray,ts_epoch,9,20356,61.34664370601047,38.15947846447454,341.9466667364203,650.8678308079429,5.682255845942229,26.0,2.627005762951986,main,
200/200/150/150/100/100/50/50,0.75,30.0,3.0,0.05,4,0,0.2,12.0,gray,wrandom,0,20488,3173.6581486018463,29.665331920854854,44891.67322215006,48346.22403429504,129.95792659117532,1783.0,1.0296799852142615,main,
200/200/150/150/100/100/50/50,0.75,30.0,3.0,0.05,4,0,0.2,12.0,gray,wrandom,1,20301,3094.8538870179495,25.50709249993588,43874.17201198129,47321.50119748402,124.12757992217132,1725.0,1.0110765427286998,main,
200/200/150/150/100/100/50/50,0.75,30.0,3.0,0.05,4,0,0.2,12.0,gray,wrandom,2,20391,3094.704853666854,26.205254183526705,43352.05724978172,46837.77091300842,126.2838997596979,1792.0999999999985,1.0146837108934776,main,
200/200/150/150/100/100/50/50,0.75,30.0,3.0,0.05,4,0,0.2,12.0,gray,wrandom,3,20225,3133.7989915894173,26.138946056477153,44631.379196242524,47464.032697169445,128.41957972805932,1785.7599999999984,1.0319176500718132,main,
200/200/150/150/100/100/50/50,0.75,30.0,3.0,0.05,4,0,0.2,12.0,gray,wrandom,4,20322,3468.5317995549085,25.072537743767498,46394.02713089656,49756.58551337243,139.33810648558213,1886.7900000000009,0.976164797961689,main,
200/200/150/150/100/100/50/50,0.75,30.0,3.0,0.05,4,0,0.2,12.0,gray,wrandom,5,20399,3415.0885076354048,26.57693976461495,47024.86358308917,50443.36947518716,134.4669346536595,1835.0200000000004,0.980721527763482,main,
200/200/150/150/100/100/50/50,0.75,30.0,3.0,0.05,4,0,0.2,12.0,gray,wrandom,6,20378,3126.012568855336,27.487256149708816,43903.000380293975,47423.09881216459,127.72151339680047,1771.2299999999996,0.97176431250961,main,
200/200/150/150/100/100/50/50,0.75,30.0,3.0,0.05,4,0,0.2,12.0,gray,wrandom,7,20142,3351.500402523625,24.98763918164748,46141.69832212177,49548.513534344165,136.1556945685632,1837.5900000000001,0.9970186105666938,main,
200/200/150/150/100/100/50/50,0.75,30.0,3.0,0.05,4,0,0.2,12.0,gray,wrandom,8,20380,3429.3550551009425,25.37320505140528,46390.86939375747,49832.757696047614,138.0177134445535,1866.2099999999991,1.0012738703499033,main,
200/200/150/150/100/100/50/50,0.75,30.0,3.0,0.05,4,0,0.2,12.0,gray,wrandom,9,20356,3511.9144246613946,26.71047757969669,47607.284526099545,50972.38382715645,143.5578207899391,1906.4500000000007,1.0249751188938752,main,
200/200/150/150/100/100/50/50,0.75,30.0,3.0,0.05,16,0,0.2,12.0,gray,greedy,0,20488,61.75733224391237,45.16293132442861,314.86215641672436,989.8860260178159,6.9497266692698165,27.0,8.966509897840686,main,
200/200/150/150/100/100/50/50,0.75,30.0,3.0,0.05,16,0,0.2,12.0,gray,greedy,1,20301,64.26134502182857,40.570567471495345,301.8892756359062,3998.9620938963103,6.722575242598887,27.0,7.9974187300912645,main,
200/200/150/150/100/100/50/50,0.75,30.0,3.0,0.05,16,0,0.2,12.0,gray,greedy,2,20391,51.15450414348173,39.13455818369371,225.10380303172656,514.0009658117058,5.994801628169291,23.0,8.476572271724395,main,
200/200/150/150/100/100/50/50,0.75,30.0,3.0,0.05,16,0,0.2,12.0,gray,greedy,3,20225,53.50897363090245,39.732331085238215,268.3296130761265,509.04556585817596,6.16336217552534,23.0,8.653533308383054,main,
200/200/150/150/100/100/50/50,0.75,30.0,3.0,0.05,16,0,0.2,12.0,gray,greedy,4,20322,81.7197161229064,43.605182645507945,417.2356740304719,4298.530119846805,7.783781123905127,27.0,8.744476151838743,main,
200/200/150/150/100/100/50/50,0.75,30.0,3.0,0.05,16,0,0.2,12.0,gray,greedy,5,20399,63.21351972564786,46.67758582927917,317.1839297144357,710.2296840212792,7.379087210157361,27.0,9.693748473886707,main,
200/200/150/150/100/100/50/50,0.75,30.0,3.0,0.05,16,0,0.2,12.0,gray,greedy,6,20378,67.46200122183411,44.20872651060748,681.872228941598,1438.2289173058532,7.065217391304348,29.0,9.048921897342348,main,
200/200/150/150/100/100/50/50,0.75,30.0,3.0,0.05,16,0,0.2,12.0,gray,greedy,7,20142,50.843723279439935,38.237377724644084,241.3130437479849,532.3913982436939,5.831645318240493,22.0,7.866588465869682,main,
200/200/150/150/100/100/50/50,0.75,30.0,3.0,0.05,16,0,0.2,12.0,gray,greedy,8,20380,55.76357646230131,40.01505945367035,254.96486769659063,1723.953897208328,6.269479882237488,26.0,8.271549921504722,main,
200/200/150/150/100/100/50/50,0.75,30.0,3.0,0.05,16,0,0.2,12.0,gray,greedy,9,20356,59.69658363999496,42.31396647039354,317.91465220889216,1390.6333199154765,6.605472587934761,29.0,8.041700074438651,main,
200/200/150/150/100/100/50/50,0.75,30.0,3.0,0.05,16,0,0.2,12.0,gray,greedy+lc,0,20488,51.408004596782185,38.29552319507368,238.2287240457788,562.910324864673,5.746241702459977,23.0,8.248556330632123,main,
200/200/150/150/100/100/50/50,0.75,30.0,3.0,0.05,16,0,0.2,12.0,gray,greedy+lc,1,20301,59.23006242134486,35.66058127668725,283.32007193841946,4030.759175700345,5.911482192995419,22.0,7.0080829927722235,main,
200/200/150/150/100/100/50/50,0.75,30.0,3.0,0.05,16,0,0.2,12.0,gray,greedy+lc,2,20391,44.68936490105258,33.026484000822975,201.32950729526198,403.7975429244551,5.030209406110539,21.0,7.130713711399838,main,
200/200/150/150/100/100/50/50,0.75,30.0,3.0,0.05,16,0,0.2,12.0,gray,greedy+lc,3,20225,83.32671452416756,34.63566473646296,1821.9351260703265,4294.4611336474745,6.643263288009889,73.0,7.647116992833048,main,
200/200/150/150/100/100/50/50,0.75,30.0,3.0,0.05,16,0,0.2,12.0,gray,greedy+lc,4,20322,52.114425387627186,35.652055876299826,236.69064855335822,1614.1034341308925,5.6092412164157075,24.0,7.568781719084075,main,
200/200/150/150/100/100/50/50,0.75,30.0,3.0,0.05,16,0,0.2,12.0,gray,greedy+lc,5,20399,46.352283610857,34.81308579582887,232.76212785048108,644.1921988138346,5.075935094857591,20.0,6.32514870019249,main,
200/200/150/150/100/100/50/50,0.75,30.0,3.0,0.05,16,0,0.2,12.0,gray,greedy+lc,6,20378,48.40594739436472,35.50506471063386,242.56217583596927,498.35921072652525,5.266463833545981,21.0,7.105967452122458,main,
200/200/150/150/100/100/50/50,0.75,30.0,3.0,0.05,16,0,0.2,12.0,gray,greedy+lc,7,20142,43.264734611140604,32.71855827979664,204.53233972026703,593.6409001265645,4.783934068116373,19.0,6.428259298900961,main,
200/200/150/150/100/100/50/50,0.75,30.0,3.0,0.05,16,0,0.2,12.0,gray,greedy+lc,8,20380,48.56325487241592,34.67715887611433,234.4897224912368,864.4543381150361,5.386702649656526,22.0,7.366581785761574,main,
200/200/150/150/100/100/50/50,0.75,30.0,3.0,0.05,16,0,0.2,12.0,gray,greedy+lc,9,20356,52.06757778496247,37.57645723811365,252.7819247589442,1176.2840580516392,5.629691491452152,23.0,7.379666902269619,main,
200/200/150/150/100/100/50/50,0.75,30.0,3.0,0.05,16,0,0.2,12.0,gray,jsq,0,20488,124.68063354421179,72.0378410722331,801.2225980977149,1195.13529124233,11.220665755564232,39.0,22.056594033689024,main,
200/200/150/150/100/100/50/50,0.75,30.0,3.0,0.05,16,0,0.2,12.0,gray,jsq,1,20301,118.84677408496063,69.6072998865489,793.2684382182806,1075.3473199291088,10.918181370375844,39.0,21.971048438150035,main,
200/200/150/150/100/100/50/50,0.75,30.0,3.0,0.05,16,0,0.2,12.0,gray,jsq,2,20391,112.14720004638939,66.52149169106636,701.9683928263148,1054.6788695767377,10.350595851110784,37.0,21.171943483797428,main,
200/200/150/150/100/100/50/50,0.75,30.0,3.0,0.05,16,0,0.2,12.0,gray,jsq,3,20225,118.68863659669029,67.04058386819689,763.0626001433085,1173.2922139356629,10.675451174289247,39.0,21.831123920175806,main,
200/200/150/150/100/100/50/50,0.75,30.0,3.0,0.05,16,0,0.2,12.0,gray,jsq,4,20322,123.34514581543979,74.1944567191153,804.4472343066868,1160.9227643777765,11.222419053242792,39.0,22.447114875801464,main,
200/200/150/150/100/100/50/50,0.75,30.0,3.0,0.05,16,0,0.2,12.0,gray,jsq,5,20399,122.54264757106901,69.73293527337354,776.3861264204253,1104.1237718005525,11.027746458159713,40.0,21.691043802836944,main,
200/200/150/150/100/100/50/50,0.75,30.0,3.0,0.05,16,0,0.2,12.0,gray,jsq,6,20378,123.14926900313787,72.43670384870926,779.6726935978024,1086.4617032403212,11.139316910393562,39.0,22.29043767581445,main,
200/200/150/150/100/100/50/50,0.75,30.0,3.0,0.05,16,0,0.2,12.0,gray,jsq,7,20142,108.19983768971467,63.1378761757988,698.8354671826299,948.1933062952123,9.825588322907358,37.0,20.0421934917246,main,
200/200/150/150/100/100/50/50,0.75,30.0,3.0,0.05,16,0,0.2,12.0,gray,jsq,8,20380,116.31915286848763,68.08849525263616,728.2366180671509,966.6170597419107,10.7351324828263,39.0,21.464733885689636,main,
200/200/150/150/100/100/50/50,0.75,30.0,3.0,0.05,16,0,0.2,12.0,gray,jsq,9,20356,121.19356422479343,73.28760613513019,757.2746411221386,1124.9338634399899,11.189084299469444,38.0,22.50826943661108,main,
200/200/150/150/100/100/50/50,0.75,30.0,3.0,0.05,16,0,0.2,12.0,gray,jsq+lc,0,20488,92.51746837545468,55.989615955520655,609.3655116660718,989.0806919991393,8.375634517766498,32.0,16.236686294766656,main,
200/200/150/150/100/100/50/50,0.75,30.0,3.0,0.05,16,0,0.2,12.0,gray,jsq+lc,1,20301,87.12329818632749,52.61431913600845,501.4526909248218,815.9322414716544,7.9319245357371555,31.0,15.628147947033606,main,
200/200/150/150/100/100/50/50,0.75,30.0,3.0,0.05,16,0,0.2,12.0,gray,jsq+lc,2,20391,85.06451982885606,50.29673851450411,548.3531333488073,873.6061069039304,7.613260752292678,32.0,15.496079454581128,main,
200/200/150/150/100/100/50/50,0.75,30.0,3.0,0.05,16,0,0.2,12.0,gray,jsq+lc,3,20225,82.90785856420105,48.09301963376278,541.5527502843568,812.4857776094162,7.413992583436341,30.0,14.801808704705511,main,
200/200/150/150/100/100/50/50,0.75,30.0,3.0,0.05,16,0,0.2,12.0,gray,jsq+lc,4,20322,85.24131919731254,49.71862052744758,536.441701238816,814.6279491462402,7.586802480070859,29.0,14.784345945480915,main,
200/200/150/150/100/100/50/50,0.75,30.0,3.0,0.05,16,0,0.2,12.0,gray,jsq+lc,5,20399,90.87836295779697,53.21853217312977,573.7726343731209,962.5216633022624,8.215647825873818,33.0,16.1842264835124,main,
200/200/150/150/100/100/50/50,0.75,30.0,3.0,0.05,16,0,0.2,12.0,gray,jsq+lc,6,20378,90.32700117930047,53.05547191484017,564.4587495622643,922.9511301786762,8.025125134949455,31.0,16.089448567602872,main,
200/200/150/150/100/100/50/50,0.75,30.0,3.0,0.05,16,0,0.2,12.0,gray,jsq+lc,7,20142,82.57135868563012,50.18922682185911,539.8608912644379,853.627938599734,7.478006156290339,30.0,15.17134100696623,main,
200/200/150/150/100/100/50/50,0.75,30.0,3.0,0.05,16,0,0.2,12.0,gray,jsq+lc,8,20380,85.03837633438461,49.66144602525446,522.5274945824204,754.1270568977784,7.75549558390579,30.0,14.886415910306113,main,
200/200/150/150/100/100/50/50,0.75,30.0,3.0,0.05,16,0,0.2,12.0,gray,jsq+lc,9,20356,93.4099589654892,54.24672704180278,602.9249028019846,940.8906834699995,8.212615445077619,33.0,16.2084934081449,main,
200/200/150/150/100/100/50/50,0.75,30.0,3.0,0.05,16,0,0.2,12.0,gray,p2c,0,20488,60.44531635755479,32.379247926559884,369.0681248600347,502.1216597877225,4.332682545880515,15.0,2.472783925743982,main,
200/200/150/150/100/100/50/50,0.75,30.0,3.0,0.05,16,0,0.2,12.0,gray,p2c,1,20301,54.92689886904798,29.162868832926847,336.71379782676246,462.9104442576303,3.8719767499137974,13.0,2.476337034702826,main,
200/200/150/150/100/100/50/50,0.75,30.0,3.0,0.05,16,0,0.2,12.0,gray,p2c,2,20391,56.13558004052164,28.822598924668874,349.67056139278577,482.27370352345696,3.8778382619783236,13.0,2.449194086826109,main,
200/200/150/150/100/100/50/50,0.75,30.0,3.0,0.05,16,0,0.2,12.0,gray,p2c,3,20225,57.55987348424572,29.940804951853472,363.5909982508093,471.3211277827585,3.989814585908529,14.0,2.410996929284799,main,
200/200/150/150/100/100/50/50,0.75,30.0,3.0,0.05,16,0,0.2,12.0,gray,p2c,4,20322,59.60617683899146,30.640827679004,349.2682427865045,507.56106513796465,4.172227142997737,14.0,2.421056585342246,main,
200/200/150/150/100/100/50/50,0.75,30.0,3.0,0.05,16,0,0.2,12.0,gray,p2c,5,20399,61.30130920557763,31.43069445397373,370.0763375674176,486.5055765824444,4.336241972645718,14.0,2.510939433309792,main,
200/200/150/150/100/100/50/50,0.75,30.0,3.0,0.05,16,0,0.2,12.0,gray,p2c,6,20378,57.913467130107776,30.846356501283978,355.66738940701487,484.8994383529293,4.094955343998429,15.0,2.4213487129996984,main,
200/200/150/150/100/100/50/50,0.75,30.0,3.0,0.05,16,0,0.2,12.0,gray,p2c,7,20142,54.80687329950913,29.757219995572015,311.9286693726025,460.3224388858048,3.835716413464403,12.0,2.4670296966875713,main,
200/200/150/150/100/100/50/50,0.75,30.0,3.0,0.05,16,0,0.2,12.0,gray,p2c,8,20380,57.54804173844443,30.48157491503023,349.6618641533353,493.86381768949906,4.093228655544651,13.0,2.4139498820644487,main,
200/200/150/150/100/100/50/50,0.75,30.0,3.0,0.05,16,0,0.2,12.0,gray,p2c,9,20356,58.582914963448786,32.835348339193885,337.8601148093542,478.2615989606572,4.1828944782865,14.0,2.4888178847822453,main,
200/200/150/150/100/100/50/50,0.75,30.0,3.0,0.05,16,0,0.2,12.0,gray,p2c_learned,0,20488,44.85781215641185,29.634282405610612,245.96685283147798,425.7189966123776,3.843127684498243,15.0,2.1988415837879516,main,
200/200/150/150/100/100/50/50,0.75,30.0,3.0,0.05,16,0,0.2,12.0,gray,p2c_learned,1,20301,39.65156796637631,26.77001868031681,215.53893921582912,501.75477256040256,3.486281463967292,13.0,2.134397677534195,main,
200/200/150/150/100/100/50/50,0.75,30.0,3.0,0.05,16,0,0.2,12.0,gray,p2c_learned,2,20391,39.99966425746088,26.19726120002852,226.29670864939672,490.3658031457861,3.4303369133441226,14.0,2.170869609167938,main,
200/200/150/150/100/100/50/50,0.75,30.0,3.0,0.05,16,0,0.2,12.0,gray,p2c_learned,3,20225,41.8914152784512,26.93269830536238,222.18454684036257,510.50074158223,3.5343386897404203,13.0,2.0295231687760475,main,
200/200/150/150/100/100/50/50,0.75,30.0,3.0,0.05,16,0,0.2,12.0,gray,p2c_learned,4,20322,41.36439706267773,27.859977243452683,231.68424241399995,526.0074325977162,3.5749926188367285,13.0,2.1325469684134077,main,
200/200/150/150/100/100/50/50,0.75,30.0,3.0,0.05,16,0,0.2,12.0,gray,p2c_learned,5,20399,41.36898900517896,27.04211064401818,227.08438416802653,516.5253291157296,3.608657287121918,14.0,2.079573702083191,main,
200/200/150/150/100/100/50/50,0.75,30.0,3.0,0.05,16,0,0.2,12.0,gray,p2c_learned,6,20378,41.092854348371596,28.711852467958376,233.2417732560316,393.7981223455503,3.6608597507115515,13.0,2.1236777668948372,main,
200/200/150/150/100/100/50/50,0.75,30.0,3.0,0.05,16,0,0.2,12.0,gray,p2c_learned,7,20142,38.826592103212754,25.990800992294893,218.61014735900974,432.90236164825654,3.3420216463111907,13.0,2.106346155235668,main,
200/200/150/150/100/100/50/50,0.75,30.0,3.0,0.05,16,0,0.2,12.0,gray,p2c_learned,8,20380,39.33572400873468,26.74601476867222,208.87996075193627,398.22007642181387,3.4176153091265946,13.0,2.1615882753464506,main,
200/200/150/150/100/100/50/50,0.75,30.0,3.0,0.05,16,0,0.2,12.0,gray,p2c_learned,9,20356,42.95457880428749,28.951402967317463,234.27701861352716,425.23489377982645,3.797553546865789,15.0,2.1585810252256428,main,
200/200/150/150/100/100/50/50,0.75,30.0,3.0,0.05,16,0,0.2,12.0,gray,sed,0,20488,149.35233958867548,105.43361631314241,799.7960598416287,1212.0508550343977,15.410777040218665,41.0,30.745844994429785,main,
200/200/150/150/100/100/50/50,0.75,30.0,3.0,0.05,16,0,0.2,12.0,gray,sed,1,20301,143.88400554693354,99.04054422670328,866.4939082578691,1261.0299523741003,14.756662233387518,41.0,29.562851095936114,main,
200/200/150/150/100/100/50/50,0.75,30.0,3.0,0.05,16,0,0.2,12.0,gray,sed,2,20391,136.047352432919,97.85590343023287,788.438878368194,1200.2562247127805,14.454465205237605,41.0,29.898424794483336,main,
200/200/150/150/100/100/50/50,0.75,30.0,3.0,0.05,16,0,0.2,12.0,gray,sed,3,20225,137.12000894925902,97.36749320076754,762.0782081891554,1120.732269792083,14.519802224969098,40.0,29.989190649925323,main,
200/200/150/150/100/100/50/50,0.75,30.0,3.0,0.05,16,0,0.2,12.0,gray,sed,4,20322,139.73012998070064,97.97073370217868,817.6155734204749,1171.8488272533643,14.633254600925106,40.0,29.508602767538754,main,
200/200/150/150/100/100/50/50,0.75,30.0,3.0,0.05,16,0,0.2,12.0,gray,sed,5,20399,141.4576777298954,101.4179592276898,804.6829896248618,1427.134144769875,14.984852198637189,40.0,30.18760786767512,main,
200/200/150/150/100/100/50/50,0.75,30.0,3.0,0.05,16,0,0.2,12.0,gray,sed,6,20378,139.59865428746053,97.52272652363736,807.5941479776109,1253.423764130399,14.521739130434783,41.0,29.52519400953248,main,
200/200/150/150/100/100/50/50,0.75,30.0,3.0,0.05,16,0,0.2,12.0,gray,sed,7,20142,135.48021591413186,95.46741577236872,795.906721186475,1224.6182422377083,14.204994538774699,39.0,29.499466209544224,main,
200/200/150/150/100/100/50/50,0.75,30.0,3.0,0.05,16,0,0.2,12.0,gray,sed,8,20380,142.66467041136622,99.21034388339933,864.2036788451572,1301.255182444962,14.974435721295388,41.0,30.50879839749034,main,
200/200/150/150/100/100/50/50,0.75,30.0,3.0,0.05,16,0,0.2,12.0,gray,sed,9,20356,138.4805122462685,102.09710266956051,733.8483022231522,1196.9116709125683,14.700825309491059,40.0,29.771566111541976,main,
200/200/150/150/100/100/50/50,0.75,30.0,3.0,0.05,16,0,0.2,12.0,gray,ts,0,20488,58.06874274290833,44.43345688249201,283.8711808000664,505.02703612358573,6.779187817258883,26.0,8.667515119501974,main,
200/200/150/150/100/100/50/50,0.75,30.0,3.0,0.05,16,0,0.2,12.0,gray,ts,1,20301,51.124766162613184,39.50973600122509,242.550205196296,421.11475491587095,5.890251711738338,23.0,7.429903128813492,main,
200/200/150/150/100/100/50/50,0.75,30.0,3.0,0.05,16,0,0.2,12.0,gray,ts,2,20391,48.76737318890002,37.330929909286326,215.90629768073154,479.6849664267542,5.579275170418322,22.0,7.32992070930157,main,
200/200/150/150/100/100/50/50,0.75,30.0,3.0,0.05,16,0,0.2,12.0,gray,ts,3,20225,52.30031578885444,38.547395450425626,261.51721772475446,568.651422904506,6.0468726823238566,23.0,8.134542189137298,main,
200/200/150/150/100/100/50/50,0.75,30.0,3.0,0.05,16,0,0.2,12.0,gray,ts,4,20322,60.776891664045245,43.21314726837966,343.80455264108764,1276.676279097471,6.848833776203129,27.0,9.649513047211276,main,
200/200/150/150/100/100/50/50,0.75,30.0,3.0,0.05,16,0,0.2,12.0,gray,ts,5,20399,56.47725264516762,43.41682233067612,255.6087468651294,586.8478781716619,6.7334673268297465,26.0,8.899565375525496,main,
200/200/150/150/100/100/50/50,0.75,30.0,3.0,0.05,16,0,0.2,12.0,gray,ts,6,20378,53.856273787005094,41.65972962925224,229.04120280461208,601.2735449667263,6.3601923643144564,24.0,8.416706599293295,main,
200/200/150/150/100/100/50/50,0.75,30.0,3.0,0.05,16,0,0.2,12.0,gray,ts,7,20142,52.518845567318536,40.36749514741178,246.2297928056256,491.8374900874823,6.078740939330752,23.0,8.784328529202483,main,
200/200/150/150/100/100/50/50,0.75,30.0,3.0,0.05,16,0,0.2,12.0,gray,ts,8,20380,51.32476594513762,39.11797430014907,233.4110024228842,473.93490269112107,5.95721295387635,23.0,8.05947274608678,main,
200/200/150/150/100/100/50/50,0.75,30.0,3.0,0.05,16,0,0.2,12.0,gray,ts,9,20356,60.15371805546532,46.59458366565605,290.76518600916114,586.1065896054978,7.112497543721752,28.0,9.469114951023101,main,
200/200/150/150/100/100/50/50,0.75,30.0,3.0,0.05,16,0,0.2,12.0,gray,ts+lc,0,20488,50.40461267934226,37.86092336905655,225.57683144072405,451.0309171070279,5.706950409996096,22.0,8.153075281634028,main,
200/200/150/150/100/100/50/50,0.75,30.0,3.0,0.05,16,0,0.2,12.0,gray,ts+lc,1,20301,48.86375261503395,35.5376463349657,227.1314089788845,416.9771067091941,5.5245554406186885,23.0,7.843004076682703,main,
200/200/150/150/100/100/50/50,0.75,30.0,3.0,0.05,16,0,0.2,12.0,gray,ts+lc,2,20391,49.66104868941656,34.882267681688006,251.6215410263907,1193.8043542675334,5.436467068804865,23.0,7.708848022971845,main,
200/200/150/150/100/100/50/50,0.75,30.0,3.0,0.05,16,0,0.2,12.0,gray,ts+lc,3,20225,41.561921474264,30.703791822014992,190.89221491027052,384.0443467265036,4.575179233621755,19.0,6.0617803489393305,main,
200/200/150/150/100/100/50/50,0.75,30.0,3.0,0.05,16,0,0.2,12.0,gray,ts+lc,4,20322,44.67166933989822,33.844263965054466,194.7014512205774,409.30241760761913,4.882196634189548,19.0,6.655198090464739,main,
200/200/150/150/100/100/50/50,0.75,30.0,3.0,0.05,16,0,0.2,12.0,gray,ts+lc,5,20399,47.48246336357005,35.61910782994282,215.75941902828913,502.74379530544536,5.507524878670523,23.0,7.863052074821818,main,
200/200/150/150/100/100/50/50,0.75,30.0,3.0,0.05,16,0,0.2,12.0,gray,ts+lc,6,20378,47.44159859017007,35.18331381657269,230.53359727527027,512.4999630337072,5.201933457650408,21.0,7.123951023806212,main,
200/200/150/150/100/100/50/50,0.75,30.0,3.0,0.05,16,0,0.2,12.0,gray,ts+lc,7,20142,44.64956571225913,33.37701844467755,216.95926303456864,483.72088991552164,4.974332241088273,20.0,6.994498517167365,main,
200/200/150/150/100/100/50/50,0.75,30.0,3.0,0.05,16,0,0.2,12.0,gray,ts+lc,8,20380,45.79626314456013,33.734160369508714,202.4042760295575,590.4659376295008,5.054465161923455,21.0,6.781853174846892,main,
200/200/150/150/100/100/50/50,0.75,30.0,3.0,0.05,16,0,0.2,12.0,gray,ts+lc,9,20356,51.14981525592394,37.854109817423875,234.96203916063797,442.20943037705524,5.800795834152093,23.0,8.051725118441372,main,
200/200/150/150/100/100/50/50,0.75,30.0,3.0,0.05,16,0,0.2,12.0,gray,ts_epoch,0,20488,54.11387676753531,35.84114992976417,300.8209830614846,568.772811830707,4.808717297930496,20.0,2.095439953253728,main,
200/200/150/150/100/100/50/50,0.75,30.0,3.0,0.05,16,0,0.2,12.0,gray,ts_epoch,1,20301,49.58179615585909,31.104888661044328,307.5648474567476,653.7439950826347,4.332594453475198,18.0,1.9888774603329726,main,
200/200/150/150/100/100/50/50,0.75,30.0,3.0,0.05,16,0,0.2,12.0,gray,ts_epoch,2,20391,53.17787127773615,32.63808518097022,308.4865550888402,919.0386050762799,4.7359619439949,17.0,2.120452382306766,main,
200/200/150/150/100/100/50/50,0.75,30.0,3.0,0.05,16,0,0.2,12.0,gray,ts_epoch,3,20225,50.12608566303696,30.596107444207377,319.26816159814877,656.9336605532378,4.334684796044499,19.0,2.0555807464182307,main,
200/200/150/150/100/100/50/50,0.75,30.0,3.0,0.05,16,0,0.2,12.0,gray,ts_epoch,4,20322,51.73822647564449,33.40326640204072,340.7165415830603,592.6910579585098,4.615293770298199,19.0,2.0821309495649105,main,
200/200/150/150/100/100/50/50,0.75,30.0,3.0,0.05,16,0,0.2,12.0,gray,ts_epoch,5,20399,54.497138583998414,33.623629377157016,328.0700107323964,801.1432915356304,4.922790332859454,22.0,2.1630839125089567,main,
200/200/150/150/100/100/50/50,0.75,30.0,3.0,0.05,16,0,0.2,12.0,gray,ts_epoch,6,20378,53.04373397456923,34.13828219239301,333.9508412510227,636.1287482489836,4.695652173913044,19.0,2.184606548554013,main,
200/200/150/150/100/100/50/50,0.75,30.0,3.0,0.05,16,0,0.2,12.0,gray,ts_epoch,7,20142,48.594126170125115,31.33306118339263,300.21959862625454,667.2896556256437,4.326084797934664,18.0,2.041531762627268,main,
200/200/150/150/100/100/50/50,0.75,30.0,3.0,0.05,16,0,0.2,12.0,gray,ts_epoch,8,20380,50.38679821173695,32.423726307839296,281.63868557191296,501.09717300279266,4.529833169774289,19.0,1.9674951061431727,main,
200/200/150/150/100/100/50/50,0.75,30.0,3.0,0.05,16,0,0.2,12.0,gray,ts_epoch,9,20356,52.72839290696265,33.75309721778819,290.38776445823527,661.3371265497352,4.639418353311063,20.0,2.059449620463518,main,
200/200/150/150/100/100/50/50,0.75,30.0,3.0,0.05,16,0,0.2,12.0,gray,wrandom,0,20488,3630.294314419533,26.72455207922253,48384.43447456998,53021.16964282395,143.29939476766887,1923.130000000001,0.9865021152673605,main,
200/200/150/150/100/100/50/50,0.75,30.0,3.0,0.05,16,0,0.2,12.0,gray,wrandom,1,20301,3452.8274552252697,25.700565435965217,46483.33895803454,49455.23760998987,137.87508004531796,1862.0,1.001065861659128,main,
200/200/150/150/100/100/50/50,0.75,30.0,3.0,0.05,16,0,0.2,12.0,gray,wrandom,2,20391,2718.0444464829416,28.154577785215018,39302.57682865621,42657.30477652707,116.97709773919867,1666.0999999999985,1.0125741263105659,main,
200/200/150/150/100/100/50/50,0.75,30.0,3.0,0.05,16,0,0.2,12.0,gray,wrandom,3,20225,3197.4341717573134,25.621104036854803,44183.99313653559,46921.0557232259,132.26976514215082,1794.0,0.9869637404255704,main,
200/200/150/150/100/100/50/50,0.75,30.0,3.0,0.05,16,0,0.2,12.0,gray,wrandom,4,20322,3460.726254902245,26.866138794561678,46565.67070112344,49817.26130870591,142.0540793229013,1893.7900000000009,0.9764286074542485,main,
200/200/150/150/100/100/50/50,0.75,30.0,3.0,0.05,16,0,0.2,12.0,gray,wrandom,5,20399,3454.2808565187834,26.855155447290002,47158.59162301628,50173.589089523695,143.57850875042894,1915.0,0.9939993902698336,main,
200/200/150/150/100/100/50/50,0.75,30.0,3.0,0.05,16,0,0.2,12.0,gray,wrandom,6,20378,3271.741733838624,26.84883019549744,46332.82263381731,49310.29702227183,127.93262341741094,1783.0,1.0154939251498885,main,
200/200/150/150/100/100/50/50,0.75,30.0,3.0,0.05,16,0,0.2,12.0,gray,wrandom,7,20142,3711.1929862584234,24.087451470283128,49626.92729544072,53107.1168804769,145.93208221626452,1929.5900000000001,1.018763544038169,main,
200/200/150/150/100/100/50/50,0.75,30.0,3.0,0.05,16,0,0.2,12.0,gray,wrandom,8,20380,3823.262313502925,24.155752804968067,50692.8705600727,54600.838363114504,149.29303238469086,1969.2099999999991,1.009512707606381,main,
200/200/150/150/100/100/50/50,0.75,30.0,3.0,0.05,16,0,0.2,12.0,gray,wrandom,9,20356,3475.2370625461203,28.046901661133994,46690.99908741252,50018.723810842,137.84594222833562,1864.0,1.042878070410225,main,
200/200/150/150/100/100/50/50,0.75,30.0,3.0,0.05,64,0,0.2,12.0,gray,greedy,0,20488,87.1849828042262,45.36569845485383,1616.248549918681,3252.187096689038,7.790950800468567,48.13000000000102,8.830985477689818,main,
200/200/150/150/100/100/50/50,0.75,30.0,3.0,0.05,64,0,0.2,12.0,gray,greedy,1,20301,104.23863894448452,39.29814523143804,946.081557600733,7649.599748562236,8.126446973055515,33.0,8.505463963751483,main,
200/200/150/150/100/100/50/50,0.75,30.0,3.0,0.05,64,0,0.2,12.0,gray,greedy,2,20391,239.11421159078716,39.62745931942102,8518.58438057923,9040.628401062555,14.907263008189888,414.0,7.985622163784596,main,
200/200/150/150/100/100/50/50,0.75,30.0,3.0,0.05,64,0,0.2,12.0,gray,greedy,3,20225,132.4269949236759,39.87498092790176,2233.347617551654,7377.156506643535,9.710111248454883,99.0,8.120183163269989,main,
200/200/150/150/100/100/50/50,0.75,30.0,3.0,0.05,64,0,0.2,12.0,gray,greedy,4,20322,73.59735439046811,38.54914212556171,591.2662450762117,4585.815742897944,6.725027064265328,28.0,8.035879842049498,main,
200/200/150/150/100/100/50/50,0.75,30.0,3.0,0.05,64,0,0.2,12.0,gray,greedy,5,20399,70.24978608807285,40.67750931494274,389.40908644591843,6504.6601471639415,6.887984705132604,26.0,8.482265424067617,main,
200/200/150/150/100/100/50/50,0.75,30.0,3.0,0.05,64,0,0.2,12.0,gray,greedy,6,20378,138.57336905142495,41.98254857916339,5884.1215224564685,6183.168500178617,10.724359603493964,310.0,8.551555474656075,main,
200/200/150/150/100/100/50/50,0.75,30.0,3.0,0.05,64,0,0.2,12.0,gray,greedy,7,20142,115.34624978449025,36.81944818163707,759.1003259944592,8132.017436505759,8.604507993247939,33.590000000000146,7.262938999935665,main,
200/200/150/150/100/100/50/50,0.75,30.0,3.0,0.05,64,0,0.2,12.0,gray,greedy,8,20380,86.41845247299473,39.77710912087318,1519.3047312387807,3634.373418870154,7.550637880274779,70.20999999999913,8.454425356629331,main,
200/200/150/150/100/100/50/50,0.75,30.0,3.0,0.05,64,0,0.2,12.0,gray,greedy,9,20356,83.99195012268514,41.40643083563145,878.7046108780802,3953.7832476476615,7.341275299665946,32.45000000000073,8.153650207218842,main,
200/200/150/150/100/100/50/50,0.75,30.0,3.0,0.05,64,0,0.2,12.0,gray,greedy+lc,0,20488,69.36037191918479,42.42661890015853,360.9873426130925,3108.1903143869145,6.803836392034362,25.0,8.612069984379328,main,
200/200/150/150/100/100/50/50,0.75,30.0,3.0,0.05,64,0,0.2,12.0,gray,greedy+lc,1,20301,163.80190405843604,40.70809225781247,5019.459780061473,7680.583780351645,10.598591202403822,194.0,8.339350392152145,main,
200/200/150/150/100/100/50/50,0.75,30.0,3.0,0.05,64,0,0.2,12.0,gray,greedy+lc,2,20391,244.93083639906777,41.08791091898212,9437.204354458023,10046.43265366101,15.421362365749596,462.0,9.146481728457742,main,
200/200/150/150/100/100/50/50,0.75,30.0,3.0,0.05,64,0,0.2,12.0,gray,greedy+lc,3,20225,108.56043395092966,36.06626217376308,840.4900059567872,7470.909232854781,8.27124845488257,30.0,7.302565275455409,main,
200/200/150/150/100/100/50/50,0.75,30.0,3.0,0.05,64,0,0.2,12.0,gray,greedy+lc,4,20322,79.71366332243018,37.1811279774068,852.5947180499087,4637.173644901638,6.884214152150379,32.0,7.790898774645308,main,
200/200/150/150/100/100/50/50,0.75,30.0,3.0,0.05,64,0,0.2,12.0,gray,greedy+lc,5,20399,72.16008804638398,39.24395646065548,427.2151217309425,6544.805706138574,6.910044610029903,28.0,8.546676550066445,main,
200/200/150/150/100/100/50/50,0.75,30.0,3.0,0.05,64,0,0.2,12.0,gray,greedy+lc,6,20378,139.06152893324378,41.71336419079186,5884.1215224564685,6183.168500178617,10.690892138580823,310.0,8.225139120232656,main,
200/200/150/150/100/100/50/50,0.75,30.0,3.0,0.05,64,0,0.2,12.0,gray,greedy+lc,7,20142,105.76545606257068,35.63635337947968,623.1069261588522,8070.558249746829,7.963608380498461,29.0,7.440341543618535,main,
200/200/150/150/100/100/50/50,0.75,30.0,3.0,0.05,64,0,0.2,12.0,gray,greedy+lc,8,20380,72.63818044035997,40.509882073114234,551.8222164648107,3697.2185351105545,7.014671246319922,28.0,8.812123203621798,main,
200/200/150/150/100/100/50/50,0.75,30.0,3.0,0.05,64,0,0.2,12.0,gray,greedy+lc,9,20356,92.78280624404678,39.94124884839145,1645.9396800308289,4378.601542398123,7.641285124778935,64.0,8.267881802879224,main,
200/200/150/150/100/100/50/50,0.75,30.0,3.0,0.05,64,0,0.2,12.0,gray,jsq,0,20488,118.56053487381728,71.94323611545684,745.3871957104564,1013.0932622076101,10.984039437719641,38.0,21.993902141119143,main,
200/200/150/150/100/100/50/50,0.75,30.0,3.0,0.05,64,0,0.2,12.0,gray,jsq,1,20301,125.44848210920934,71.88828665244884,833.2857219309204,1208.9536602405544,11.148810403428403,40.0,22.244106547854145,main,
200/200/150/150/100/100/50/50,0.75,30.0,3.0,0.05,64,0,0.2,12.0,gray,jsq,2,20391,112.73126678013384,64.8999102239678,731.8209023826535,1088.236079387699,10.4782011671816,39.0,21.500492679811884,main,
200/200/150/150/100/100/50/50,0.75,30.0,3.0,0.05,64,0,0.2,12.0,gray,jsq,3,20225,109.85382475625005,62.26672121199073,702.0069313041787,1019.0992192520482,10.123016069221261,37.0,20.87265876368937,main,
200/200/150/150/100/100/50/50,0.75,30.0,3.0,0.05,64,0,0.2,12.0,gray,jsq,4,20322,121.76476599578514,69.74573609720736,816.7634450781666,1108.4525719481571,11.06254305678575,39.0,22.154031960673464,main,
200/200/150/150/100/100/50/50,0.75,30.0,3.0,0.05,64,0,0.2,12.0,gray,jsq,5,20399,118.05532638056089,68.70043661905001,714.3357178538375,984.9396510060404,10.774057551840777,37.0,21.6984928712056,main,
200/200/150/150/100/100/50/50,0.75,30.0,3.0,0.05,64,0,0.2,12.0,gray,jsq,6,20378,123.33107491533292,70.57239915800828,813.5718783771121,1081.1786024136838,11.063597997840809,40.0,22.19223900461182,main,
200/200/150/150/100/100/50/50,0.75,30.0,3.0,0.05,64,0,0.2,12.0,gray,jsq,7,20142,115.93671423314142,66.81623463989084,711.526660630031,914.146319381636,10.565435408598947,38.0,21.114796522660313,main,
200/200/150/150/100/100/50/50,0.75,30.0,3.0,0.05,64,0,0.2,12.0,gray,jsq,8,20380,120.99379961961927,68.07399289103967,735.916399236275,1065.8715630959146,10.869627085377822,40.0,21.633951489884367,main,
200/200/150/150/100/100/50/50,0.75,30.0,3.0,0.05,64,0,0.2,12.0,gray,jsq,9,20356,125.21981572408245,76.08373331646234,787.6613100748335,1086.642014085575,11.522155629789742,38.0,22.643781375419746,main,
200/200/150/150/100/100/50/50,0.75,30.0,3.0,0.05,64,0,0.2,12.0,gray,jsq+lc,0,20488,117.6102013847413,69.98693162891544,766.1573942115268,1137.632597992921,10.7368703631394,38.0,21.25459369915169,main,
200/200/150/150/100/100/50/50,0.75,30.0,3.0,0.05,64,0,0.2,12.0,gray,jsq+lc,1,20301,113.02926929090488,64.06572210605788,757.2128874114412,1213.2131879242875,9.995911531451652,37.0,19.920684144561044,main,
200/200/150/150/100/100/50/50,0.75,30.0,3.0,0.05,64,0,0.2,12.0,gray,jsq+lc,2,20391,100.03080712475494,58.01496841786502,640.2062465949056,917.7579941486202,9.23240645382767,35.099999999998545,19.119819287747596,main,
200/200/150/150/100/100/50/50,0.75,30.0,3.0,0.05,64,0,0.2,12.0,gray,jsq+lc,3,20225,104.128457522071,57.285900904219034,729.2521281872497,1070.6382361370017,9.272039555006181,35.0,18.875908006280998,main,
200/200/150/150/100/100/50/50,0.75,30.0,3.0,0.05,64,0,0.2,12.0,gray,jsq+lc,4,20322,111.57397961991785,66.04358595798399,752.2621080311563,1016.3619763223246,10.184430666273004,37.0,20.80630222249264,main,
200/200/150/150/100/100/50/50,0.75,30.0,3.0,0.05,64,0,0.2,12.0,gray,jsq+lc,5,20399,111.05338940854115,63.65213006394299,730.2206362032101,1090.3304018609963,10.245159076425315,36.0,20.42063217265421,main,
200/200/150/150/100/100/50/50,0.75,30.0,3.0,0.05,64,0,0.2,12.0,gray,jsq+lc,6,20378,109.9399480134473,62.87952833534227,725.3556542942351,1041.166525358656,9.924281087447246,35.0,20.051493610943748,main,
200/200/150/150/100/100/50/50,0.75,30.0,3.0,0.05,64,0,0.2,12.0,gray,jsq+lc,7,20142,105.77201082727898,61.124684534091585,704.9826099831009,1024.7716986923258,9.593585542647205,36.0,19.534235109182536,main,
200/200/150/150/100/100/50/50,0.75,30.0,3.0,0.05,64,0,0.2,12.0,gray,jsq+lc,8,20380,112.54543894918085,64.15707741314324,734.3759094237627,1045.801481520025,10.307311089303239,38.0,20.27554438249706,main,
200/200/150/150/100/100/50/50,0.75,30.0,3.0,0.05,64,0,0.2,12.0,gray,jsq+lc,9,20356,115.85189258901076,67.44501105676726,734.8988614255862,1119.0870414498113,10.49066614266064,36.0,21.20893135080715,main,
200/200/150/150/100/100/50/50,0.75,30.0,3.0,0.05,64,0,0.2,12.0,gray,p2c,0,20488,62.499844952261284,33.443755957202725,367.0198452244997,508.31560286714813,4.494386958219446,15.0,2.448899291813635,main,
200/200/150/150/100/100/50/50,0.75,30.0,3.0,0.05,64,0,0.2,12.0,gray,p2c,1,20301,60.8335656606392,31.898072344155537,360.8559490075969,544.4559274260625,4.285847987783853,14.0,2.4441386949578945,main,
200/200/150/150/100/100/50/50,0.75,30.0,3.0,0.05,64,0,0.2,12.0,gray,p2c,2,20391,56.61150184532116,30.202314131621222,323.4249587955549,475.34069495695417,3.9892599676327793,13.0,2.44891154412523,main,
200/200/150/150/100/100/50/50,0.75,30.0,3.0,0.05,64,0,0.2,12.0,gray,p2c,3,20225,57.13887000711798,28.685276610499244,346.09354562543274,475.0992810770387,3.9173794808405438,14.0,2.3407999433295945,main,
200/200/150/150/100/100/50/50,0.75,30.0,3.0,0.05,64,0,0.2,12.0,gray,p2c,4,20322,58.374843387200194,31.295390500742926,345.66136911515713,496.87390758774325,4.1329101466391105,13.0,2.4259095033823423,main,
200/200/150/150/100/100/50/50,0.75,30.0,3.0,0.05,64,0,0.2,12.0,gray,p2c,5,20399,59.08250355771339,31.285561410367535,350.0408247453072,475.3907152100319,4.178195009559292,14.0,2.37461601896101,main,
200/200/150/150/100/100/50/50,0.75,30.0,3.0,0.05,64,0,0.2,12.0,gray,p2c,6,20378,58.641439348389504,31.49132360733109,327.34077595449423,482.776296779106,4.1622337815291,14.0,2.58172724107928,main,
200/200/150/150/100/100/50/50,0.75,30.0,3.0,0.05,64,0,0.2,12.0,gray,p2c,7,20142,56.24012871474801,29.369327459090933,351.134148163647,479.2947864062169,3.9085492999702116,13.0,2.43267333773324,main,
200/200/150/150/100/100/50/50,0.75,30.0,3.0,0.05,64,0,0.2,12.0,gray,p2c,8,20380,60.0416576735875,31.802991055879026,352.83696191576286,492.1718138833915,4.246368989205103,14.0,2.3992805722012562,main,
200/200/150/150/100/100/50/50,0.75,30.0,3.0,0.05,64,0,0.2,12.0,gray,p2c,9,20356,62.037446459448056,33.29012574767365,351.5478206441335,515.849916917308,4.417419925329141,15.0,2.45960904425798,main,
200/200/150/150/100/100/50/50,0.75,30.0,3.0,0.05,64,0,0.2,12.0,gray,p2c_learned,0,20488,45.74704401587925,30.45941697411436,262.6421678562525,583.0109023173853,3.8807594689574385,15.0,2.0193038065661373,main,
200/200/150/150/100/100/50/50,0.75,30.0,3.0,0.05,64,0,0.2,12.0,gray,p2c_learned,1,20301,42.95063138515129,28.351544353505176,239.46450249660955,501.81179202514454,3.6064233289000542,14.0,2.0214479250868025,main,
200/200/150/150/100/100/50/50,0.75,30.0,3.0,0.05,64,0,0.2,12.0,gray,p2c_learned,2,20391,42.51676818827215,26.845316833972177,245.31931017707026,701.7654651865706,3.5319503702613897,14.0,2.045174449176143,main,
200/200/150/150/100/100/50/50,0.75,30.0,3.0,0.05,64,0,0.2,12.0,gray,p2c_learned,3,20225,40.62568689693131,26.395311615772243,241.54028240348524,421.2561777948105,3.378096415327565,13.0,2.039747511740169,main,
200/200/150/150/100/100/50/50,0.75,30.0,3.0,0.05,64,0,0.2,12.0,gray,p2c_learned,4,20322,42.89962958926443,28.2812829501502,236.81517718301714,711.4377508598127,3.6029918315126466,14.0,2.0438282595135666,main,
200/200/150/150/100/100/50/50,0.75,30.0,3.0,0.05,64,0,0.2,12.0,gray,p2c_learned,5,20399,46.04560813066648,29.629968337085977,273.291859565711,635.2346764864578,3.9855385067895486,16.0,1.9063496638409991,main,
200/200/150/150/100/100/50/50,0.75,30.0,3.0,0.05,64,0,0.2,12.0,gray,p2c_learned,6,20378,44.04412705499871,27.841172120021795,258.07266163321736,608.3193777741545,3.692609677102758,15.0,2.008598327207753,main,
200/200/150/150/100/100/50/50,0.75,30.0,3.0,0.05,64,0,0.2,12.0,gray,p2c_learned,7,20142,39.63903428171682,26.33883038152618,226.3926045615449,465.9889531425185,3.340780458742925,14.0,2.0070835620044507,main,
200/200/150/150/100/100/50/50,0.75,30.0,3.0,0.05,64,0,0.2,12.0,gray,p2c_learned,8,20380,43.02130087250798,29.024750914951714,234.49953083757683,607.5076316925405,3.7049558390579,14.0,1.9300581273583224,main,
200/200/150/150/100/100/50/50,0.75,30.0,3.0,0.05,64,0,0.2,12.0,gray,p2c_learned,9,20356,44.36378359129582,28.87996061777276,264.42473037250846,467.2387348764139,3.7571723324818236,16.0,1.9835145296899794,main,
200/200/150/150/100/100/50/50,0.75,30.0,3.0,0.05,64,0,0.2,12.0,gray,sed,0,20488,150.6926179755738,104.81851698467804,852.7515149726466,1269.7101905454629,15.3444455290902,41.0,31.006095217083114,main,
200/200/150/150/100/100/50/50,0.75,30.0,3.0,0.05,64,0,0.2,12.0,gray,sed,1,20301,138.6239742699275,97.74899293282147,795.0007217808377,1363.5215609578065,14.580069947293238,40.0,29.435782560250665,main,
200/200/150/150/100/100/50/50,0.75,30.0,3.0,0.05,64,0,0.2,12.0,gray,sed,2,20391,139.36257609746818,99.07920913233781,826.6271738954445,1257.123528281433,14.567554313177382,42.0,30.020481012675358,main,
200/200/150/150/100/100/50/50,0.75,30.0,3.0,0.05,64,0,0.2,12.0,gray,sed,3,20225,135.01979086170454,97.09359136348183,757.1082421333182,1129.7942359417123,14.217206427688504,39.0,28.954058928416842,main,
200/200/150/150/100/100/50/50,0.75,30.0,3.0,0.05,64,0,0.2,12.0,gray,sed,4,20322,140.0493919338493,99.98289412578742,787.3531883218142,1176.1477011537877,14.810599350457633,40.0,30.112337065151493,main,
200/200/150/150/100/100/50/50,0.75,30.0,3.0,0.05,64,0,0.2,12.0,gray,sed,5,20399,141.25400379109533,97.86618850381679,811.172019902616,1202.0341121474182,14.628020981420658,40.0,29.753525435976677,main,
200/200/150/150/100/100/50/50,0.75,30.0,3.0,0.05,64,0,0.2,12.0,gray,sed,6,20378,142.20594110713546,99.44060740199134,862.9815995439728,1324.2021684556205,14.665668858572971,40.0,30.055748757752685,main,
200/200/150/150/100/100/50/50,0.75,30.0,3.0,0.05,64,0,0.2,12.0,gray,sed,7,20142,136.47139047875095,94.52769793394822,766.2320189422429,1086.5011303907395,14.156886108628736,40.0,29.309751226498577,main,
200/200/150/150/100/100/50/50,0.75,30.0,3.0,0.05,64,0,0.2,12.0,gray,sed,8,20380,139.2021656976436,96.82818690832607,815.2377422267883,1126.4932068931062,14.515456329735034,40.0,29.223858276908906,main,
200/200/150/150/100/100/50/50,0.75,30.0,3.0,0.05,64,0,0.2,12.0,gray,sed,9,20356,143.86378590003397,102.08105634700271,800.0448304249028,1251.1572368627558,14.853065435252505,41.0,29.86496115068105,main,
200/200/150/150/100/100/50/50,0.75,30.0,3.0,0.05,64,0,0.2,12.0,gray,ts,0,20488,68.63606062865311,45.88163588320748,474.3403017206636,1905.3793885248085,7.148525966419367,28.0,9.74393211822436,main,
200/200/150/150/100/100/50/50,0.75,30.0,3.0,0.05,64,0,0.2,12.0,gray,ts,1,20301,70.33788136524339,39.5043650348903,349.0586765588546,5629.337573788527,6.768582828432097,26.0,8.542230947302187,main,
200/200/150/150/100/100/50/50,0.75,30.0,3.0,0.05,64,0,0.2,12.0,gray,ts,2,20391,139.4646941871064,40.5928495441259,4788.570636004084,8252.629083563052,9.723995880535531,179.09999999999854,8.618401818471078,main,
200/200/150/150/100/100/50/50,0.75,30.0,3.0,0.05,64,0,0.2,12.0,gray,ts,3,20225,107.22537639860059,39.52997184691398,2620.154793320812,4819.967467277034,8.436687268232385,117.0,8.727159256401388,main,
200/200/150/150/100/100/50/50,0.75,30.0,3.0,0.05,64,0,0.2,12.0,gray,ts,4,20322,54.75289495564639,39.884293323419584,300.5252100597198,509.58313011676097,6.009890758783584,23.0,8.324662048355918,main,
200/200/150/150/100/100/50/50,0.75,30.0,3.0,0.05,64,0,0.2,12.0,gray,ts,5,20399,59.98989602879336,40.30757368444782,384.64289222234555,1051.5155620866337,6.575175253688906,27.0,8.79685412069526,main,
200/200/150/150/100/100/50/50,0.75,30.0,3.0,0.05,64,0,0.2,12.0,gray,ts,6,20378,52.31086765506247,37.820050682302764,250.45396466947275,567.5033233037987,5.743743252527235,22.0,7.87423316046951,main,
200/200/150/150/100/100/50/50,0.75,30.0,3.0,0.05,64,0,0.2,12.0,gray,ts,7,20142,63.01781988759268,36.833243384697845,261.37429559995235,5515.950366015378,6.192433720583854,24.0,7.642424147726576,main,
200/200/150/150/100/100/50/50,0.75,30.0,3.0,0.05,64,0,0.2,12.0,gray,ts,8,20380,52.8142473658548,37.128913500914074,283.14615260746376,628.9526038898935,5.6931795878312075,23.0,7.871108483324024,main,
200/200/150/150/100/100/50/50,0.75,30.0,3.0,0.05,64,0,0.2,12.0,gray,ts,9,20356,67.9141827725045,40.995814717383894,470.4758497254566,4832.309521749761,6.717085871487522,29.0,8.475962935409306,main,
200/200/150/150/100/100/50/50,0.75,30.0,3.0,0.05,64,0,0.2,12.0,gray,ts+lc,0,20488,56.39805529826032,41.57995300286643,279.33299932964366,661.1352204644761,6.16063061304178,24.0,8.202355878202354,main,
200/200/150/150/100/100/50/50,0.75,30.0,3.0,0.05,64,0,0.2,12.0,gray,ts+lc,1,20301,67.02376278800945,38.94186788871323,320.6570253525154,5121.917310831568,6.524407664647062,25.0,8.235718144931434,main,
200/200/150/150/100/100/50/50,0.75,30.0,3.0,0.05,64,0,0.2,12.0,gray,ts+lc,2,20391,63.50415516916513,37.99381494446763,236.72901895305714,7985.388351884096,6.440733657005541,24.0,7.957332383519012,main,
200/200/150/150/100/100/50/50,0.75,30.0,3.0,0.05,64,0,0.2,12.0,gray,ts+lc,3,20225,55.43272562656991,37.74135787148403,263.4397953558338,3057.251317172806,6.08929542645241,24.0,8.580408556099151,main,
200/200/150/150/100/100/50/50,0.75,30.0,3.0,0.05,64,0,0.2,12.0,gray,ts+lc,4,20322,60.835133972575576,39.49243276481518,339.7377868760453,2266.8979252238755,6.259374077354591,26.0,8.35127428354167,main,
200/200/150/150/100/100/50/50,0.75,30.0,3.0,0.05,64,0,0.2,12.0,gray,ts+lc,5,20399,77.31554600525155,41.9239408209755,719.3565042221803,2713.6573023846936,7.455806657189078,36.0,9.194527066057411,main,
200/200/150/150/100/100/50/50,0.75,30.0,3.0,0.05,64,0,0.2,12.0,gray,ts+lc,6,20378,53.01792777385967,37.73465956088451,274.7688611355393,770.6620293765084,5.84149573068996,22.0,8.039425987923225,main,
200/200/150/150/100/100/50/50,0.75,30.0,3.0,0.05,64,0,0.2,12.0,gray,ts+lc,7,20142,59.72967352491897,35.34935113132498,272.7788227979365,4658.680540867254,5.947175057094628,24.0,7.191432872070129,main,
200/200/150/150/100/100/50/50,0.75,30.0,3.0,0.05,64,0,0.2,12.0,gray,ts+lc,8,20380,56.408757800228024,38.70931512025378,313.85439084132764,643.8002623870647,6.058047105004907,24.0,8.768583727148801,main,
200/200/150/150/100/100/50/50,0.75,30.0,3.0,0.05,64,0,0.2,12.0,gray,ts+lc,9,20356,60.20426035054423,40.38932370043757,316.3960507665515,3505.1311868193284,6.265425427392415,23.0,8.078166722628595,main,
200/200/150/150/100/100/50/50,0.75,30.0,3.0,0.05,64,0,0.2,12.0,gray,ts_epoch,0,20488,61.9326946769396,34.04217035351742,313.07968368880506,3999.7236577470485,5.138471300273331,18.0,1.8390039649943315,main,
200/200/150/150/100/100/50/50,0.75,30.0,3.0,0.05,64,0,0.2,12.0,gray,ts_epoch,1,20301,94.06039065389285,31.20646968694274,516.0543451213825,5996.831480763782,6.227919806906064,24.0,1.9014429273688378,main,
200/200/150/150/100/100/50/50,0.75,30.0,3.0,0.05,64,0,0.2,12.0,gray,ts_epoch,2,20391,90.51540599611096,31.15368147799913,474.08624363547125,5613.816402053312,6.505271933696238,23.099999999998545,1.9665688418059197,main,
200/200/150/150/100/100/50/50,0.75,30.0,3.0,0.05,64,0,0.2,12.0,gray,ts_epoch,3,20225,78.85440222598803,28.692295045622984,364.8325532237517,5624.57618783262,5.519604449938195,17.0,1.7378001398263814,main,
200/200/150/150/100/100/50/50,0.75,30.0,3.0,0.05,64,0,0.2,12.0,gray,ts_epoch,4,20322,88.43097281941809,30.44173918390669,1333.637545140537,4750.800461714796,6.041482137584883,35.0,1.824157343341687,main,
200/200/150/150/100/100/50/50,0.75,30.0,3.0,0.05,64,0,0.2,12.0,gray,ts_epoch,5,20399,76.0764568070031,31.527242222258778,328.8897408769917,7325.333325603107,5.606794450708368,18.0,1.846774726072816,main,
200/200/150/150/100/100/50/50,0.75,30.0,3.0,0.05,64,0,0.2,12.0,gray,ts_epoch,6,20378,89.02124568845728,30.9896479550833,572.501008953628,6836.220253511087,6.187996859358131,22.229999999999563,1.844625500847899,main,
200/200/150/150/100/100/50/50,0.75,30.0,3.0,0.05,64,0,0.2,12.0,gray,ts_epoch,7,20142,165.96628934762003,31.170748000260318,7882.169502921401,9738.491444446916,9.949607784728428,371.0,1.9450421267301334,main,
200/200/150/150/100/100/50/50,0.75,30.0,3.0,0.05,64,0,0.2,12.0,gray,ts_epoch,8,20380,108.29565955621047,30.802832100444988,4506.120506472294,6181.06002739339,7.059666339548577,220.0,1.8262982367181375,main,
200/200/150/150/100/100/50/50,0.75,30.0,3.0,0.05,64,0,0.2,12.0,gray,ts_epoch,9,20356,57.20047226230051,32.139726145099075,309.15029861712384,3672.2971262421233,4.655285910787974,19.0,1.8280544403595307,main,
200/200/150/150/100/100/50/50,0.75,30.0,3.0,0.05,64,0,0.2,12.0,gray,wrandom,0,20488,3481.529967190096,28.355727149080412,45766.1554304705,49311.85506277466,140.5981062085123,1907.0,0.9874275450902583,main,
200/200/150/150/100/100/50/50,0.75,30.0,3.0,0.05,64,0,0.2,12.0,gray,wrandom,1,20301,3239.158627240467,26.612244493326997,45589.351464401065,48686.867611853646,131.42653071277277,1774.0,1.0186083965666266,main,
200/200/150/150/100/100/50/50,0.75,30.0,3.0,0.05,64,0,0.2,12.0,gray,wrandom,2,20391,3124.0661181236396,26.95443027148503,43204.260538333045,46379.15214314959,131.1408954931097,1793.0999999999985,0.9993396154612673,main,
200/200/150/150/100/100/50/50,0.75,30.0,3.0,0.05,64,0,0.2,12.0,gray,wrandom,3,20225,3210.035177934113,27.39567070253912,44069.02670191304,47154.02829293092,134.11550061804698,1810.7599999999984,0.98716431972123,main,
200/200/150/150/100/100/50/50,0.75,30.0,3.0,0.05,64,0,0.2,12.0,gray,wrandom,4,20322,3343.9882337952695,26.023885346851294,44925.29701115955,48251.56327363311,135.80124987698062,1848.7900000000009,0.9906306189467335,main,
200/200/150/150/100/100/50/50,0.75,30.0,3.0,0.05,64,0,0.2,12.0,gray,wrandom,5,20399,3316.426118857529,26.56781848099854,46537.94921532329,49961.71637276378,133.1680964753174,1812.0200000000004,0.9827811427171849,main,
200/200/150/150/100/100/50/50,0.75,30.0,3.0,0.05,64,0,0.2,12.0,gray,wrandom,6,20378,3302.4723815026928,27.79486856463098,45098.32358974899,48148.565487167,135.43797232309353,1841.2299999999996,1.0329416275460885,main,
200/200/150/150/100/100/50/50,0.75,30.0,3.0,0.05,64,0,0.2,12.0,gray,wrandom,7,20142,3351.281541056419,25.976095164321087,46061.680863886475,49149.75683023828,135.5233839737861,1846.5900000000001,0.9981287280370281,main,
200/200/150/150/100/100/50/50,0.75,30.0,3.0,0.05,64,0,0.2,12.0,gray,wrandom,8,20380,3434.038546547769,25.998701387717205,47446.360008171876,51635.72692418266,140.08640824337587,1881.2099999999991,1.001057552574705,main,
200/200/150/150/100/100/50/50,0.75,30.0,3.0,0.05,64,0,0.2,12.0,gray,wrandom,9,20356,3363.4812270430557,27.111485672675073,47068.84805615532,50584.75314914389,134.730693652977,1823.4500000000007,1.0066515915176892,main,
200/200/150/150/100/100/50/50,0.75,30.0,3.0,0.2,1,0,0.2,12.0,gray,greedy,0,20488,2237.69352083719,968.514985828218,27732.63399787879,31402.70907146408,195.5998633346349,1377.130000000001,32.940514801645975,main,
200/200/150/150/100/100/50/50,0.75,30.0,3.0,0.2,1,0,0.2,12.0,gray,greedy,1,20301,2182.829439815001,913.0547169370847,27460.413313188896,31132.343155073515,188.1646224323925,1134.0,32.31273691912067,main,
200/200/150/150/100/100/50/50,0.75,30.0,3.0,0.2,1,0,0.2,12.0,gray,greedy,2,20391,3902.2525587513073,919.5082331951667,45907.35722552972,49705.72476737826,248.5480358981904,1908.0999999999985,32.34642564130303,main,
200/200/150/150/100/100/50/50,0.75,30.0,3.0,0.2,1,0,0.2,12.0,gray,greedy,3,20225,3812.75270109734,786.247079378473,47951.01476382074,52761.69419200655,235.05938195302843,1908.7599999999984,30.149562748695026,main,
200/200/150/150/100/100/50/50,0.75,30.0,3.0,0.2,1,0,0.2,12.0,gray,greedy,4,20322,1101.1032346184106,1033.1616803617135,5190.745328902801,8426.569369916617,153.0970869008956,360.0,32.02728653947066,main,
200/200/150/150/100/100/50/50,0.75,30.0,3.0,0.2,1,0,0.2,12.0,gray,greedy,5,20399,1966.0559502146323,875.4604794619443,25365.014477736342,29617.566484928815,168.84518848963185,1059.0200000000004,32.49875234161387,main,
200/200/150/150/100/100/50/50,0.75,30.0,3.0,0.2,1,0,0.2,12.0,gray,greedy,6,20378,1211.0646899593373,1052.052432368825,6207.321011666763,9552.345270135027,157.8110216900579,452.22999999999956,32.434911336541155,main,
200/200/150/150/100/100/50/50,0.75,30.0,3.0,0.2,1,0,0.2,12.0,gray,greedy,7,20142,1052.8102736995443,851.970289603333,5771.678865197782,8504.249924206757,133.27455069010028,436.0,31.911003723115545,main,
200/200/150/150/100/100/50/50,0.75,30.0,3.0,0.2,1,0,0.2,12.0,gray,greedy,8,20380,1001.9570949030812,781.5682703103795,5027.852717408603,7587.818165895155,131.87914622178607,409.0,32.381613761374524,main,
200/200/150/150/100/100/50/50,0.75,30.0,3.0,0.2,1,0,0.2,12.0,gray,greedy,9,20356,2348.3433789953015,1017.0362422063963,25984.048456335804,29672.970575765346,211.14094124582434,1311.4500000000007,32.950810858861416,main,
200/200/150/150/100/100/50/50,0.75,30.0,3.0,0.2,1,0,0.2,12.0,gray,greedy+lc,0,20488,47.01865625985207,36.40896469632793,198.11409397570512,400.58010795979516,5.5071749316673175,22.0,2.2308519355346803,main,
200/200/150/150/100/100/50/50,0.75,30.0,3.0,0.2,1,0,0.2,12.0,gray,greedy+lc,1,20301,48.23477697169848,35.42996816025834,221.82459572426262,649.5530213682474,5.805526821338851,27.0,2.192417248379916,main,
200/200/150/150/100/100/50/50,0.75,30.0,3.0,0.2,1,0,0.2,12.0,gray,greedy+lc,2,20391,53.69122373207995,43.007726156382375,197.82441998623432,644.3767868864508,6.931979795007601,27.0,2.6675786720342445,main,
200/200/150/150/100/100/50/50,0.75,30.0,3.0,0.2,1,0,0.2,12.0,gray,greedy+lc,3,20225,116.73173946477726,32.506954466089866,3586.1254705783804,7539.82542303878,8.214833127317677,147.0,3.2030926627591407,main,
200/200/150/150/100/100/50/50,0.75,30.0,3.0,0.2,1,0,0.2,12.0,gray,greedy+lc,4,20322,40.71176265978559,30.44609006665233,162.87770893516847,633.6703958132804,4.722566676508218,21.0,1.8295237596456997,main,
200/200/150/150/100/100/50/50,0.75,30.0,3.0,0.2,1,0,0.2,12.0,gray,greedy+lc,5,20399,53.38191729033058,36.65587455765795,237.90681412427162,1784.2527234070542,5.956419432325114,27.0,2.516181513377071,main,
200/200/150/150/100/100/50/50,0.75,30.0,3.0,0.2,1,0,0.2,12.0,gray,greedy+lc,6,20378,104.02696445110908,40.86237105150392,2444.9850767595062,6702.88668845848,8.396162528216705,91.0,3.0699787452665825,main,
200/200/150/150/100/100/50/50,0.75,30.0,3.0,0.2,1,0,0.2,12.0,gray,greedy+lc,7,20142,250.86520726010227,38.51610050224963,8913.415007698011,13781.363764098636,14.412173567669546,385.59000000000015,3.892590586997011,main,
200/200/150/150/100/100/50/50,0.75,30.0,3.0,0.2,1,0,0.2,12.0,gray,greedy+lc,8,20380,63.30735984230904,33.829359932264325,420.263010694999,3769.9190439681383,6.014965652600589,27.0,2.5103770865661685,main,
200/200/150/150/100/100/50/50,0.75,30.0,3.0,0.2,1,0,0.2,12.0,gray,greedy+lc,9,20356,43.6645119343912,33.28782036040812,191.7835685276634,547.4758632405722,5.062635095303596,23.0,2.175987276006553,main,
200/200/150/150/100/100/50/50,0.75,30.0,3.0,0.2,1,0,0.2,12.0,gray,jsq,0,20488,479.008578141067,271.0814331044746,2920.227884798449,3519.927709880022,44.601522842639596,141.0,23.569237979419057,main,
200/200/150/150/100/100/50/50,0.75,30.0,3.0,0.2,1,0,0.2,12.0,gray,jsq,1,20301,372.5541665248882,202.37532485532483,2490.1330817003072,3777.446316747756,36.34215063297375,132.0,19.594894254371667,main,
200/200/150/150/100/100/50/50,0.75,30.0,3.0,0.2,1,0,0.2,12.0,gray,jsq,2,20391,368.44241318253364,203.90664695832683,2416.003917843992,3415.2718075346197,36.64268549850424,134.0,20.49550184496724,main,
200/200/150/150/100/100/50/50,0.75,30.0,3.0,0.2,1,0,0.2,12.0,gray,jsq,3,20225,396.50995894170103,223.7199061509152,2708.1719338937282,3614.825035916877,38.59238566131026,132.0,20.875781483816017,main,
200/200/150/150/100/100/50/50,0.75,30.0,3.0,0.2,1,0,0.2,12.0,gray,jsq,4,20322,394.94100451863085,229.85418498237297,2654.2606331548377,3817.3124985920813,39.25258340714497,134.79000000000087,21.0876003397723,main,
200/200/150/150/100/100/50/50,0.75,30.0,3.0,0.2,1,0,0.2,12.0,gray,jsq,5,20399,400.6190459644126,209.25923328475983,2821.190486416463,3548.81370717962,38.15804696308643,137.0,20.328122231584583,main,
200/200/150/150/100/100/50/50,0.75,30.0,3.0,0.2,1,0,0.2,12.0,gray,jsq,6,20378,405.27034813608566,220.43477883520234,2731.517471719955,3398.8878575041153,38.716851506526645,137.0,20.212134323290776,main,
200/200/150/150/100/100/50/50,0.75,30.0,3.0,0.2,1,0,0.2,12.0,gray,jsq,7,20142,397.9962902164023,194.05298017783502,2711.6115442520418,3396.537442636783,35.70107238605898,135.0,19.575059715120865,main,
200/200/150/150/100/100/50/50,0.75,30.0,3.0,0.2,1,0,0.2,12.0,gray,jsq,8,20380,392.75094707127175,202.01598912496354,2831.520562074739,3716.369386560401,36.4107948969578,138.0,19.652101421481518,main,
200/200/150/150/100/100/50/50,0.75,30.0,3.0,0.2,1,0,0.2,12.0,gray,jsq,9,20356,447.8335130759814,239.29213515058302,3004.8375212036194,3782.6694296680894,42.042198860286895,142.0,22.395392652372408,main,
200/200/150/150/100/100/50/50,0.75,30.0,3.0,0.2,1,0,0.2,12.0,gray,jsq+lc,0,20488,101.40131152471015,39.276222645067804,630.0891511758855,772.7666796417584,6.566233893010542,25.0,1.474775577929153,main,
200/200/150/150/100/100/50/50,0.75,30.0,3.0,0.2,1,0,0.2,12.0,gray,jsq+lc,1,20301,95.92977645446567,35.97531936533915,632.9295364098293,808.5928097908003,6.179892616127284,24.0,1.475602839617821,main,
200/200/150/150/100/100/50/50,0.75,30.0,3.0,0.2,1,0,0.2,12.0,gray,jsq+lc,2,20391,90.89409988901733,33.167657702554365,608.066082866408,841.2046756361236,5.7289000049041245,22.0,1.3731224211146076,main,
200/200/150/150/100/100/50/50,0.75,30.0,3.0,0.2,1,0,0.2,12.0,gray,jsq+lc,3,20225,89.87143433404151,32.88117245884692,564.5337983554945,717.1280436967184,5.61601977750309,22.0,1.2844571318783302,main,
200/200/150/150/100/100/50/50,0.75,30.0,3.0,0.2,1,0,0.2,12.0,gray,jsq+lc,4,20322,91.10246128458698,34.46443522702447,591.8150902053214,809.811844302373,5.774726896958961,22.0,1.3150067452845993,main,
200/200/150/150/100/100/50/50,0.75,30.0,3.0,0.2,1,0,0.2,12.0,gray,jsq+lc,5,20399,99.21744579232808,37.622290002993,691.002158069796,866.0735159699282,6.380018628364136,25.0,1.4486037761519006,main,
200/200/150/150/100/100/50/50,0.75,30.0,3.0,0.2,1,0,0.2,12.0,gray,jsq+lc,6,20378,92.5564636106112,34.927500881989374,586.3533137398998,759.6663040795333,5.925360683089607,22.0,1.360690092616875,main,
200/200/150/150/100/100/50/50,0.75,30.0,3.0,0.2,1,0,0.2,12.0,gray,jsq+lc,7,20142,90.18465004108167,32.02802288148865,568.1949128771707,724.8790641266063,5.60376328070698,22.0,1.3251432832551928,main,
200/200/150/150/100/100/50/50,0.75,30.0,3.0,0.2,1,0,0.2,12.0,gray,jsq+lc,8,20380,92.31560981193915,34.41281492413317,593.6250464128028,753.1168474139548,5.890431795878312,23.0,1.327654999983857,main,
200/200/150/150/100/100/50/50,0.75,30.0,3.0,0.2,1,0,0.2,12.0,gray,jsq+lc,9,20356,95.81613621190775,38.82416218633678,606.1071551558125,763.3784060696091,6.229416388288465,23.0,1.3781835913832894,main,
200/200/150/150/100/100/50/50,0.75,30.0,3.0,0.2,1,0,0.2,12.0,gray,p2c,0,20488,108.34380957642594,53.098907710378285,671.9000732290773,906.3505286519057,7.981159703240921,27.0,2.4404446696531066,main,
200/200/150/150/100/100/50/50,0.75,30.0,3.0,0.2,1,0,0.2,12.0,gray,p2c,1,20301,101.67880247308268,49.31446954941521,624.1643548441367,905.0292150575314,7.517807004581055,26.0,2.488305469510247,main,
200/200/150/150/100/100/50/50,0.75,30.0,3.0,0.2,1,0,0.2,12.0,gray,p2c,2,20391,96.33469909721562,47.04166867873383,562.5985147507951,794.2689813261829,7.104752096513168,25.0,2.6026619973015235,main,
200/200/150/150/100/100/50/50,0.75,30.0,3.0,0.2,1,0,0.2,12.0,gray,p2c,3,20225,97.16861887341285,44.1360313743715,614.9347500087239,771.8118304627104,7.023386897404203,26.0,2.4263830159431716,main,
200/200/150/150/100/100/50/50,0.75,30.0,3.0,0.2,1,0,0.2,12.0,gray,p2c,4,20322,96.56969563404566,46.361521496322666,567.8905420841004,721.4432613869169,7.062050979234328,25.0,2.431136008889277,main,
200/200/150/150/100/100/50/50,0.75,30.0,3.0,0.2,1,0,0.2,12.0,gray,p2c,5,20399,105.78493481649124,47.545663595347065,657.6876489154122,1011.3827549615567,7.725868915142899,27.0,2.4976088256171405,main,
200/200/150/150/100/100/50/50,0.75,30.0,3.0,0.2,1,0,0.2,12.0,gray,p2c,6,20378,103.7540172248762,46.10164319530696,635.8339896627732,843.6991719973364,7.452448719206988,26.0,2.500436237623211,main,
200/200/150/150/100/100/50/50,0.75,30.0,3.0,0.2,1,0,0.2,12.0,gray,p2c,7,20142,95.25378799793826,45.354099569879125,578.9717269393198,858.7287783393372,6.974183298580082,26.0,2.48536804931544,main,
200/200/150/150/100/100/50/50,0.75,30.0,3.0,0.2,1,0,0.2,12.0,gray,p2c,8,20380,99.75551420139223,45.95043443255875,638.3866393518426,1027.6452424579345,7.227183513248282,27.0,2.4314715345067217,main,
200/200/150/150/100/100/50/50,0.75,30.0,3.0,0.2,1,0,0.2,12.0,gray,p2c,9,20356,106.41015900732334,48.804881845979864,675.7663843154255,936.0353666081253,7.69050894085282,27.0,2.531587718926891,main,
200/200/150/150/100/100/50/50,0.75,30.0,3.0,0.2,1,0,0.2,12.0,gray,p2c_learned,0,20488,64.42767129364614,44.27802462525676,334.1798056578779,524.5492707050342,6.395499804763764,24.0,2.1750038845970483,main,
200/200/150/150/100/100/50/50,0.75,30.0,3.0,0.2,1,0,0.2,12.0,gray,p2c_learned,1,20301,63.33924613690368,38.80726000465273,402.4174425346345,1589.100284923989,6.059602975222895,25.0,2.249253529257662,main,
200/200/150/150/100/100/50/50,0.75,30.0,3.0,0.2,1,0,0.2,12.0,gray,p2c_learned,2,20391,86.57186979282474,39.17805014155107,1008.3236302902468,4175.252687676476,7.069344318571919,33.099999999998545,2.422758793214693,main,
200/200/150/150/100/100/50/50,0.75,30.0,3.0,0.2,1,0,0.2,12.0,gray,p2c_learned,3,20225,57.25940683622302,37.612675233514636,321.6122037776399,579.7391759230333,5.670655129789864,23.0,2.1564174890811385,main,
200/200/150/150/100/100/50/50,0.75,30.0,3.0,0.2,1,0,0.2,12.0,gray,p2c_learned,4,20322,62.31365709327775,38.905887597538324,359.85471152067885,896.7038735917904,6.008709772660171,24.0,2.2750911570189483,main,
200/200/150/150/100/100/50/50,0.75,30.0,3.0,0.2,1,0,0.2,12.0,gray,p2c_learned,5,20399,60.83931260454342,39.314961026457595,367.8182584174399,805.0506569626307,6.0297073385950295,24.0,2.225985525081844,main,
200/200/150/150/100/100/50/50,0.75,30.0,3.0,0.2,1,0,0.2,12.0,gray,p2c_learned,6,20378,62.82155403007777,40.10715601181403,333.0975162598829,1060.9732743134305,6.056286190990283,24.0,2.2417188497565386,main,
200/200/150/150/100/100/50/50,0.75,30.0,3.0,0.2,1,0,0.2,12.0,gray,p2c_learned,7,20142,56.602612466433214,37.82883744773358,271.0042550171019,603.0265227069447,5.664829709065634,23.0,2.3691877437989834,main,
200/200/150/150/100/100/50/50,0.75,30.0,3.0,0.2,1,0,0.2,12.0,gray,p2c_learned,8,20380,66.80023937715758,39.37965712902436,389.50678987845413,2346.845705830156,6.146957801766438,23.0,2.2926222033993504,main,
200/200/150/150/100/100/50/50,0.75,30.0,3.0,0.2,1,0,0.2,12.0,gray,p2c_learned,9,20356,62.12232225376868,41.70968669735586,338.7545825934859,519.7815860136244,6.175280015720181,24.0,2.3448112584340937,main,
200/200/150/150/100/100/50/50,0.75,30.0,3.0,0.2,1,0,0.2,12.0,gray,sed,0,20488,555.4540409691394,409.65556596740885,2834.9025183201766,4395.497934506992,59.72759664193674,142.0,31.257142786831352,main,
200/200/150/150/100/100/50/50,0.75,30.0,3.0,0.2,1,0,0.2,12.0,gray,sed,1,20301,531.4915320495024,386.86424562471086,2927.025437058003,3949.982525270078,57.59514309639919,140.0,30.369780351188453,main,
200/200/150/150/100/100/50/50,0.75,30.0,3.0,0.2,1,0,0.2,12.0,gray,sed,2,20391,493.0104116581794,371.1573927558725,3009.0721702399264,3842.2682272882957,54.92761512431955,135.0,29.709332917430444,main,
200/200/150/150/100/100/50/50,0.75,30.0,3.0,0.2,1,0,0.2,12.0,gray,sed,3,20225,522.4684311990652,387.07851236617864,2731.264793435126,3568.101153263671,57.50032138442521,135.0,30.81470379024097,main,
200/200/150/150/100/100/50/50,0.75,30.0,3.0,0.2,1,0,0.2,12.0,gray,sed,4,20322,493.9914111203749,361.7011169967714,2657.067415108743,3995.574510073961,53.81719318964669,137.0,28.3802740969793,main,
200/200/150/150/100/100/50/50,0.75,30.0,3.0,0.2,1,0,0.2,12.0,gray,sed,5,20399,529.9497082857356,399.7897297445192,2884.1648004260796,3535.3592101464956,58.839550958380315,138.0,31.1454648992461,main,
200/200/150/150/100/100/50/50,0.75,30.0,3.0,0.2,1,0,0.2,12.0,gray,sed,6,20378,540.9679840851603,391.7957076774412,3001.810877560847,4227.084024883193,57.814309549514185,142.0,30.43035680351116,main,
200/200/150/150/100/100/50/50,0.75,30.0,3.0,0.2,1,0,0.2,12.0,gray,sed,7,20142,525.7358379550833,349.2504108449888,2932.537874312817,4069.4854032989883,54.306424386853344,138.0,29.21990523735228,main,
200/200/150/150/100/100/50/50,0.75,30.0,3.0,0.2,1,0,0.2,12.0,gray,sed,8,20380,517.2875083851164,382.93973606174836,2803.941479376373,4089.074231272843,57.52350343473994,140.0,30.041743812803574,main,
200/200/150/150/100/100/50/50,0.75,30.0,3.0,0.2,1,0,0.2,12.0,gray,sed,9,20356,539.5556990566457,379.0919129129584,3021.883711666247,4812.229609171915,57.37939673806249,146.0,29.94285441880917,main,
200/200/150/150/100/100/50/50,0.75,30.0,3.0,0.2,1,0,0.2,12.0,gray,ts,0,20488,1368.9465733461832,868.4662551178733,10779.68048871158,14274.899061657066,154.51752245216713,721.0,31.882901130156547,main,
200/200/150/150/100/100/50/50,0.75,30.0,3.0,0.2,1,0,0.2,12.0,gray,ts,1,20301,856.0316312920113,789.2942753571646,2481.4173573683147,4316.226767899232,121.43071769863553,283.0,31.544233830597967,main,
200/200/150/150/100/100/50/50,0.75,30.0,3.0,0.2,1,0,0.2,12.0,gray,ts,2,20391,2532.2704182870375,1070.6778338631464,30463.137731604642,34366.32870201606,216.37830415379335,1494.0999999999985,32.94964073654347,main,
200/200/150/150/100/100/50/50,0.75,30.0,3.0,0.2,1,0,0.2,12.0,gray,ts,3,20225,8362.573778483384,1147.250877917415,64933.32544168465,68945.55266210347,444.47550061804696,2552.7599999999984,32.17933532321193,main,
200/200/150/150/100/100/50/50,0.75,30.0,3.0,0.2,1,0,0.2,12.0,gray,ts,4,20322,1550.9950398706478,1148.0904430582282,10723.326104877618,12472.120462910332,183.1567759078831,592.7900000000009,32.46633608317211,main,
200/200/150/150/100/100/50/50,0.75,30.0,3.0,0.2,1,0,0.2,12.0,gray,ts,5,20399,1264.7703313853617,1094.5830324153753,5388.832113574105,6048.400625928809,169.60164713956567,540.0200000000004,32.18022351287267,main,
200/200/150/150/100/100/50/50,0.75,30.0,3.0,0.2,1,0,0.2,12.0,gray,ts,6,20378,1451.2581823826229,1145.3978524694203,8509.906509226326,10198.10185919462,186.66979095102562,874.0,32.757937740495095,main,
200/200/150/150/100/100/50/50,0.75,30.0,3.0,0.2,1,0,0.2,12.0,gray,ts,7,20142,1339.3798911153085,820.5460678177196,10774.802099142536,13556.38655747375,156.55471154800912,706.0,32.02549308384767,main,
200/200/150/150/100/100/50/50,0.75,30.0,3.0,0.2,1,0,0.2,12.0,gray,ts,8,20380,3258.2478280764885,1658.7159608367888,29077.405391537555,32478.64247076979,284.1324828263003,1500.2099999999991,31.981188558664183,main,
200/200/150/150/100/100/50/50,0.75,30.0,3.0,0.2,1,0,0.2,12.0,gray,ts,9,20356,1960.4192731472815,1398.1762815154334,14994.975498392332,17935.77353746169,220.17567302023974,974.4500000000007,31.53618390527439,main,
200/200/150/150/100/100/50/50,0.75,30.0,3.0,0.2,1,0,0.2,12.0,gray,ts+lc,0,20488,55.15570544688058,41.15763094287761,234.93986629400146,521.6924550698945,6.752782116360796,28.0,2.5721716117599307,main,
200/200/150/150/100/100/50/50,0.75,30.0,3.0,0.2,1,0,0.2,12.0,gray,ts+lc,1,20301,47.227307757236,34.317897944617926,224.10432907788547,800.5097150362733,5.4568740456135165,24.0,2.3158967347381427,main,
200/200/150/150/100/100/50/50,0.75,30.0,3.0,0.2,1,0,0.2,12.0,gray,ts+lc,2,20391,49.83901921564261,30.572667003159637,238.16335233380366,2137.813450478094,5.178313962042077,24.0,2.1802351841942613,main,
200/200/150/150/100/100/50/50,0.75,30.0,3.0,0.2,1,0,0.2,12.0,gray,ts+lc,3,20225,43.30243910400248,33.8278794550142,170.3241848934783,459.05960250341786,5.157626699629172,21.0,2.4511540552701003,main,
200/200/150/150/100/100/50/50,0.75,30.0,3.0,0.2,1,0,0.2,12.0,gray,ts+lc,4,20322,47.65600521617142,33.36377037627969,235.54253311390036,1529.2982514443186,5.152691664206279,23.0,2.3149535501924547,main,
200/200/150/150/100/100/50/50,0.75,30.0,3.0,0.2,1,0,0.2,12.0,gray,ts+lc,5,20399,57.74874454812164,37.70064824610486,253.1814733960724,2463.3415796914182,6.2686896416491,27.0,2.510758999783693,main,
200/200/150/150/100/100/50/50,0.75,30.0,3.0,0.2,1,0,0.2,12.0,gray,ts+lc,6,20378,158.00069316884293,36.201978277466296,5779.076027403745,9937.835749978292,10.087545392089508,231.22999999999956,3.332275485327174,main,
200/200/150/150/100/100/50/50,0.75,30.0,3.0,0.2,1,0,0.2,12.0,gray,ts+lc,7,20142,41.68130836564426,32.2617910924885,155.3855326852424,384.7709965321198,4.910286962565783,19.0,1.9644392780778002,main,
200/200/150/150/100/100/50/50,0.75,30.0,3.0,0.2,1,0,0.2,12.0,gray,ts+lc,8,20380,115.14685829201173,33.45065049546481,3535.038182046264,7536.232094548757,8.201373895976447,154.20999999999913,3.210035311620015,main,
200/200/150/150/100/100/50/50,0.75,30.0,3.0,0.2,1,0,0.2,12.0,gray,ts+lc,9,20356,64.30367133060457,38.51765656775896,311.68410241172353,3052.4549169868046,6.757810964826096,35.0,2.416184048446911,main,
200/200/150/150/100/100/50/50,0.75,30.0,3.0,0.2,1,0,0.2,12.0,gray,ts_epoch,0,20488,238.06256713980417,108.31363267352233,1725.566710881058,2874.089262972511,27.081169465052714,154.0,8.828353226960685,main,
200/200/150/150/100/100/50/50,0.75,30.0,3.0,0.2,1,0,0.2,12.0,gray,ts_epoch,1,20301,631.0096313911575,196.61801533949586,13488.232421856508,18264.654778007585,48.85468696123343,519.0,14.126605379209517,main,
200/200/150/150/100/100/50/50,0.75,30.0,3.0,0.2,1,0,0.2,12.0,gray,ts_epoch,2,20391,163.0397297251413,80.36256739841896,1277.1237569680911,2166.4847300919564,18.606296895689276,95.0,6.927641658047037,main,
200/200/150/150/100/100/50/50,0.75,30.0,3.0,0.2,1,0,0.2,12.0,gray,ts_epoch,3,20225,378.3017942704072,97.42914093429533,7418.4136212555995,10926.44756783038,31.66210135970334,362.7599999999984,9.203295687500399,main,
200/200/150/150/100/100/50/50,0.75,30.0,3.0,0.2,1,0,0.2,12.0,gray,ts_epoch,4,20322,443.6160893156991,124.64773408374441,9266.209889557125,13868.09468761725,37.15165830134829,363.7900000000009,10.736593374466826,main,
200/200/150/150/100/100/50/50,0.75,30.0,3.0,0.2,1,0,0.2,12.0,gray,ts_epoch,5,20399,188.78940809185792,75.41947498270218,1345.3712832485196,3067.2032320363123,20.49796558654836,136.0,7.50263311734792,main,
200/200/150/150/100/100/50/50,0.75,30.0,3.0,0.2,1,0,0.2,12.0,gray,ts_epoch,6,20378,407.3724556673367,121.72007298061338,5092.036368399272,6581.441398280629,44.13494945529492,490.22999999999956,10.906159234098602,main,
200/200/150/150/100/100/50/50,0.75,30.0,3.0,0.2,1,0,0.2,12.0,gray,ts_epoch,7,20142,195.42830190404266,99.04516992434287,1287.9572490128999,1561.5628232609804,22.252457551385167,125.0,8.837880347359105,main,
200/200/150/150/100/100/50/50,0.75,30.0,3.0,0.2,1,0,0.2,12.0,gray,ts_epoch,8,20380,276.88951611077727,106.39960723760744,2074.517462394502,6497.559401859539,28.839941118743866,167.0,9.842387253791744,main,
200/200/150/150/100/100/50/50,0.75,30.0,3.0,0.2,1,0,0.2,12.0,gray,ts_epoch,9,20356,237.87360821776434,102.96565009201419,1592.6578147124048,2297.8354947144753,27.05742778541953,155.0,9.519406615677795,main,
200/200/150/150/100/100/50/50,0.75,30.0,3.0,0.2,1,0,0.2,12.0,gray,wrandom,0,20488,3459.184003077132,27.320512900930183,47421.51074038185,50969.94124888364,138.0089808668489,1890.0,0.9713787318832465,main,
200/200/150/150/100/100/50/50,0.75,30.0,3.0,0.2,1,0,0.2,12.0,gray,wrandom,1,20301,3348.4801486368992,26.326149888436845,45821.52980315784,49567.44151305407,137.39909364070735,1832.0,1.0240282290625582,main,
200/200/150/150/100/100/50/50,0.75,30.0,3.0,0.2,1,0,0.2,12.0,gray,wrandom,2,20391,3115.6344849613506,26.88295114959871,42856.65137193849,46404.4785896502,134.0655191015644,1808.0999999999985,1.0173123892731037,main,
200/200/150/150/100/100/50/50,0.75,30.0,3.0,0.2,1,0,0.2,12.0,gray,wrandom,3,20225,3367.233573532406,24.432616893534487,46048.83912293317,49414.458547237475,135.12800988875154,1839.7599999999984,1.015220037624484,main,
200/200/150/150/100/100/50/50,0.75,30.0,3.0,0.2,1,0,0.2,12.0,gray,wrandom,4,20322,3252.4899291237816,25.99508492625624,44901.872548127394,48106.327864703446,132.87068201948628,1817.7900000000009,1.0117180389293945,main,
200/200/150/150/100/100/50/50,0.75,30.0,3.0,0.2,1,0,0.2,12.0,gray,wrandom,5,20399,3591.166459614548,25.971141651901064,49070.460708029364,52589.78851120485,144.73724202166773,1901.0200000000004,1.0132182965288288,main,
200/200/150/150/100/100/50/50,0.75,30.0,3.0,0.2,1,0,0.2,12.0,gray,wrandom,6,20378,3450.932461628979,26.43810727998286,46584.20141184815,49956.85804711806,140.80743939542643,1894.2299999999996,1.006938161786843,main,
200/200/150/150/100/100/50/50,0.75,30.0,3.0,0.2,1,0,0.2,12.0,gray,wrandom,7,20142,3320.9436573428966,25.89970228937677,46356.36246604606,49844.45798060134,133.15847482871612,1828.5900000000001,0.9942701344382996,main,
200/200/150/150/100/100/50/50,0.75,30.0,3.0,0.2,1,0,0.2,12.0,gray,wrandom,8,20380,3585.819130363948,26.024188444875307,47541.231837510684,51108.71401857101,145.66368989205102,1944.2099999999991,1.0228599509740102,main,
200/200/150/150/100/100/50/50,0.75,30.0,3.0,0.2,1,0,0.2,12.0,gray,wrandom,9,20356,3035.248004794249,27.202711868183016,43300.28595782595,46442.29966035694,123.07673413244252,1736.0,0.9858491486446415,main,
200/200/150/150/100/100/50/50,0.75,30.0,3.0,0.2,4,0,0.2,12.0,gray,greedy,0,20488,290.24983421278347,206.4492966787226,2203.148124650403,2676.6236372795343,35.93034947286216,216.0,10.020556909871878,main,
200/200/150/150/100/100/50/50,0.75,30.0,3.0,0.2,4,0,0.2,12.0,gray,greedy,1,20301,300.178089914259,221.62315688214917,2080.5250905455787,2426.097344111029,39.092162947638045,267.0,11.64980690503388,main,
200/200/150/150/100/100/50/50,0.75,30.0,3.0,0.2,4,0,0.2,12.0,gray,greedy,2,20391,636.9165091257104,219.73313169658047,10008.460731921106,13182.882776901679,51.14315139031926,477.09999999999854,12.689386932874891,main,
200/200/150/150/100/100/50/50,0.75,30.0,3.0,0.2,4,0,0.2,12.0,gray,greedy,3,20225,291.7021690479929,211.68611504596058,1747.9707542357164,3229.5822644297727,36.682966625463536,133.0,12.101555516821632,main,
200/200/150/150/100/100/50/50,0.75,30.0,3.0,0.2,4,0,0.2,12.0,gray,greedy,4,20322,389.7902525646784,226.72694988885843,3938.723617404205,5342.23596664338,40.565397106584,225.0,11.863576327621454,main,
200/200/150/150/100/100/50/50,0.75,30.0,3.0,0.2,4,0,0.2,12.0,gray,greedy,5,20399,527.3619201600739,237.81259166528912,8893.298354797062,12338.840771245781,46.7547919015638,384.02000000000044,11.821329136883701,main,
200/200/150/150/100/100/50/50,0.75,30.0,3.0,0.2,4,0,0.2,12.0,gray,greedy,6,20378,479.8052000016923,243.52484284910503,5899.584608757501,8405.986044264699,50.93306507017372,340.0,13.863872102938188,main,
200/200/150/150/100/100/50/50,0.75,30.0,3.0,0.2,4,0,0.2,12.0,gray,greedy,7,20142,405.0611166725314,271.2958347384418,3908.831615367735,4952.324274621865,48.50580875781948,402.0,13.296436995468666,main,
200/200/150/150/100/100/50/50,0.75,30.0,3.0,0.2,4,0,0.2,12.0,gray,greedy,8,20380,840.1764927197818,238.38197372266023,17202.12106900085,20644.270681627382,59.037487733071636,700.0,13.002242797964428,main,
200/200/150/150/100/100/50/50,0.75,30.0,3.0,0.2,4,0,0.2,12.0,gray,greedy,9,20356,293.2502662801606,221.96381717797874,1542.338960295623,2297.64730644561,38.09628610729023,158.0,12.43067588751107,main,
200/200/150/150/100/100/50/50,0.75,30.0,3.0,0.2,4,0,0.2,12.0,gray,greedy+lc,0,20488,60.962883020789064,43.82929523845425,262.4953531749023,506.7287386454442,7.203143303397111,34.0,3.4800437971490457,main,
200/200/150/150/100/100/50/50,0.75,30.0,3.0,0.2,4,0,0.2,12.0,gray,greedy+lc,1,20301,58.72622442166412,41.24575959333754,299.7091718825544,642.21430429352,6.803408699078863,33.0,3.0525774467834075,main,
200/200/150/150/100/100/50/50,0.75,30.0,3.0,0.2,4,0,0.2,12.0,gray,greedy+lc,2,20391,56.70169173235658,40.02977946291608,260.03576740662703,809.6853351432978,6.746701976362121,30.0,3.450572108034705,main,
200/200/150/150/100/100/50/50,0.75,30.0,3.0,0.2,4,0,0.2,12.0,gray,greedy+lc,3,20225,56.95535470897571,39.92837399030691,270.12404427169747,725.0296990392766,6.953572311495674,34.0,3.0967142275844255,main,
200/200/150/150/100/100/50/50,0.75,30.0,3.0,0.2,4,0,0.2,12.0,gray,greedy+lc,4,20322,57.830210874454515,42.31788638963674,252.95185090627743,539.0244150532898,6.845487648853459,32.0,3.38009963895046,main,
200/200/150/150/100/100/50/50,0.75,30.0,3.0,0.2,4,0,0.2,12.0,gray,greedy+lc,5,20399,63.12119415791469,41.25905790983708,330.62824024081186,1418.7077346711142,7.076572380999068,35.0,3.409403664685055,main,
200/200/150/150/100/100/50/50,0.75,30.0,3.0,0.2,4,0,0.2,12.0,gray,greedy+lc,6,20378,73.94713179999297,44.2373197570598,479.8584231470976,3010.1559549616845,7.602169005790558,33.0,3.3458376752394052,main,
200/200/150/150/100/100/50/50,0.75,30.0,3.0,0.2,4,0,0.2,12.0,gray,greedy+lc,7,20142,54.43362979920118,34.193972746970225,263.6158017352885,1697.9463664944246,5.837801608579088,30.0,2.7232987965367657,main,
200/200/150/150/100/100/50/50,0.75,30.0,3.0,0.2,4,0,0.2,12.0,gray,greedy+lc,8,20380,189.3174298377554,45.30413644734921,6034.110116658272,8657.249970080376,12.468792934249263,214.20999999999913,3.8711223870434726,main,
200/200/150/150/100/100/50/50,0.75,30.0,3.0,0.2,4,0,0.2,12.0,gray,greedy+lc,9,20356,75.2193178540991,45.82588948282851,506.1261055223166,2029.9505658601734,8.036352918058558,44.0,3.7693295170307652,main,
200/200/150/150/100/100/50/50,0.75,30.0,3.0,0.2,4,0,0.2,12.0,gray,jsq,0,20488,417.8531032515574,225.4823976352016,2820.3190642603695,3953.8539657524834,39.042951971885984,138.0,20.567920823683338,main,
200/200/150/150/100/100/50/50,0.75,30.0,3.0,0.2,4,0,0.2,12.0,gray,jsq,1,20301,418.8425150260029,221.27950101120408,2971.4728782737793,3849.2493610624138,39.566474557903554,136.0,21.575334252905613,main,
200/200/150/150/100/100/50/50,0.75,30.0,3.0,0.2,4,0,0.2,12.0,gray,jsq,2,20391,422.10709827262497,222.77804779461974,2713.59502985287,3496.818522769318,39.96689716051199,137.0,21.347690444643558,main,
200/200/150/150/100/100/50/50,0.75,30.0,3.0,0.2,4,0,0.2,12.0,gray,jsq,3,20225,380.0981045330017,198.3991436574115,2747.6562575182156,3707.3251495738555,36.18981458590853,130.0,19.753790251586622,main,
200/200/150/150/100/100/50/50,0.75,30.0,3.0,0.2,4,0,0.2,12.0,gray,jsq,4,20322,436.76861996000304,235.00621197864825,2834.041044798603,3575.361329595701,40.16090935931503,136.0,21.206234734004894,main,
200/200/150/150/100/100/50/50,0.75,30.0,3.0,0.2,4,0,0.2,12.0,gray,jsq,5,20399,405.6861243328381,225.76049761492456,2586.996609285527,3204.835658473344,39.819108779842146,133.0,21.211896949033488,main,
200/200/150/150/100/100/50/50,0.75,30.0,3.0,0.2,4,0,0.2,12.0,gray,jsq,6,20378,460.53181329510073,249.31868142919723,2874.537858952958,3627.507752677238,42.19486701344587,140.22999999999956,22.144876653782767,main,
200/200/150/150/100/100/50/50,0.75,30.0,3.0,0.2,4,0,0.2,12.0,gray,jsq,7,20142,384.3655005108936,212.17533684894119,2532.9416831017925,3433.4189833451856,37.125906066924834,131.0,19.85055611030653,main,
200/200/150/150/100/100/50/50,0.75,30.0,3.0,0.2,4,0,0.2,12.0,gray,jsq,8,20380,446.88647060976325,238.48625831525095,2886.2654140390086,3735.412604419959,42.10387634936212,137.0,22.525330370561807,main,
200/200/150/150/100/100/50/50,0.75,30.0,3.0,0.2,4,0,0.2,12.0,gray,jsq,9,20356,428.73305921940613,216.21083027601884,3025.2943299808026,3748.6310169329045,39.060768323835724,138.0,21.01503761393702,main,
200/200/150/150/100/100/50/50,0.75,30.0,3.0,0.2,4,0,0.2,12.0,gray,jsq+lc,0,20488,136.31957542969124,80.19956250524541,740.9071936652794,1223.9823408978193,12.003123779773526,45.0,6.42683289013154,main,
200/200/150/150/100/100/50/50,0.75,30.0,3.0,0.2,4,0,0.2,12.0,gray,jsq+lc,1,20301,125.36537152933451,79.42757098852837,694.7825477186989,1041.2834458079644,11.158662134870204,41.0,6.316860565841462,main,
200/200/150/150/100/100/50/50,0.75,30.0,3.0,0.2,4,0,0.2,12.0,gray,jsq+lc,2,20391,117.73423105277101,67.71312866580814,663.2589252742966,1009.2315744899244,10.237065371977833,39.0,5.9644945713468065,main,
200/200/150/150/100/100/50/50,0.75,30.0,3.0,0.2,4,0,0.2,12.0,gray,jsq+lc,3,20225,115.0620495042466,59.241523641979654,776.4025198207449,1304.5955342813302,9.60247218788628,42.0,5.493575801342814,main,
200/200/150/150/100/100/50/50,0.75,30.0,3.0,0.2,4,0,0.2,12.0,gray,jsq+lc,4,20322,116.54860470263836,63.78690604874482,692.0614113741291,987.7771814710471,10.053242791063871,42.0,5.578715127002153,main,
200/200/150/150/100/100/50/50,0.75,30.0,3.0,0.2,4,0,0.2,12.0,gray,jsq+lc,5,20399,123.92706731307099,70.32352536036512,723.2051922563904,1114.2524215600488,10.71179959801951,41.0,5.766497908546939,main,
200/200/150/150/100/100/50/50,0.75,30.0,3.0,0.2,4,0,0.2,12.0,gray,jsq+lc,6,20378,117.8652463930843,62.69050763828909,724.2929613315,1080.3550139716367,10.12258317793699,41.0,5.704410516867533,main,
200/200/150/150/100/100/50/50,0.75,30.0,3.0,0.2,4,0,0.2,12.0,gray,jsq+lc,7,20142,120.51557794926227,67.72280738505998,729.0608285782201,1232.950973662678,10.220832092145764,40.0,5.744928927319489,main,
200/200/150/150/100/100/50/50,0.75,30.0,3.0,0.2,4,0,0.2,12.0,gray,jsq+lc,8,20380,119.03231854882814,64.93401069089089,749.18522568754,1135.777672622189,10.285623159960746,40.0,5.544873034648514,main,
200/200/150/150/100/100/50/50,0.75,30.0,3.0,0.2,4,0,0.2,12.0,gray,jsq+lc,9,20356,123.44173263395928,66.984235133434,726.5249673505743,1038.9767734763075,10.663981135783061,45.45000000000073,5.85330470759521,main,
200/200/150/150/100/100/50/50,0.75,30.0,3.0,0.2,4,0,0.2,12.0,gray,p2c,0,20488,110.39436324278388,54.625598348812865,652.7208932700023,790.3945432030428,8.085708707536119,27.0,2.5104989535142455,main,
200/200/150/150/100/100/50/50,0.75,30.0,3.0,0.2,4,0,0.2,12.0,gray,p2c,1,20301,100.86411354208553,46.01749019416212,642.8624235421249,896.3510992262687,7.253583567311955,26.0,2.4552029733628693,main,
200/200/150/150/100/100/50/50,0.75,30.0,3.0,0.2,4,0,0.2,12.0,gray,p2c,2,20391,102.42650236546247,46.87800945293574,653.9410328770317,915.7624035067573,7.347212005296455,26.0,2.556891939255406,main,
200/200/150/150/100/100/50/50,0.75,30.0,3.0,0.2,4,0,0.2,12.0,gray,p2c,3,20225,95.26529424983313,43.76009725382879,608.824272899347,855.9780075764901,6.906155747836835,26.0,2.459411167979775,main,
200/200/150/150/100/100/50/50,0.75,30.0,3.0,0.2,4,0,0.2,12.0,gray,p2c,4,20322,104.43168582878799,48.80588522745111,620.5145995478076,887.34551367574,7.578437161696684,27.0,2.4622938525731106,main,
200/200/150/150/100/100/50/50,0.75,30.0,3.0,0.2,4,0,0.2,12.0,gray,p2c,5,20399,112.13335971656052,52.16587751517565,684.3598129700205,948.1965622376728,8.085151232903574,28.0,2.5259760224571544,main,
200/200/150/150/100/100/50/50,0.75,30.0,3.0,0.2,4,0,0.2,12.0,gray,p2c,6,20378,107.50489680458547,49.721273713618785,681.504885887269,862.5636793863189,7.716900579055845,27.0,2.4803695452575414,main,
200/200/150/150/100/100/50/50,0.75,30.0,3.0,0.2,4,0,0.2,12.0,gray,p2c,7,20142,97.19569928700544,45.30343950766458,605.2562220112538,788.0257220990674,6.9594876377718204,25.0,2.3875451736274687,main,
200/200/150/150/100/100/50/50,0.75,30.0,3.0,0.2,4,0,0.2,12.0,gray,p2c,8,20380,101.81943734895049,46.34057512041334,635.8462453317422,854.2518863733661,7.505250245338567,27.0,2.398504579832968,main,
200/200/150/150/100/100/50/50,0.75,30.0,3.0,0.2,4,0,0.2,12.0,gray,p2c,9,20356,107.73460368974469,53.21808805515715,632.8830076291014,907.6683106755833,7.883179406563175,27.0,2.485494642522739,main,
200/200/150/150/100/100/50/50,0.75,30.0,3.0,0.2,4,0,0.2,12.0,gray,p2c_learned,0,20488,81.56013051034513,41.66820249117631,570.4593587156452,3290.6987536344845,6.881589222959781,31.0,2.2398896404831263,main,
200/200/150/150/100/100/50/50,0.75,30.0,3.0,0.2,4,0,0.2,12.0,gray,p2c_learned,1,20301,59.05731444774119,38.24262032738801,350.3760664479465,684.739252137986,5.6197231663464855,22.0,2.056662516416386,main,
200/200/150/150/100/100/50/50,0.75,30.0,3.0,0.2,4,0,0.2,12.0,gray,p2c_learned,2,20391,72.19449327724479,36.033445134812325,563.2665113591605,3585.0274122133474,5.897552841940072,27.099999999998545,2.226463461842932,main,
200/200/150/150/100/100/50/50,0.75,30.0,3.0,0.2,4,0,0.2,12.0,gray,p2c_learned,3,20225,56.59912731989988,33.7982304961546,350.2275359939955,852.3444645601232,5.293844252163164,21.0,2.103165641259448,main,
200/200/150/150/100/100/50/50,0.75,30.0,3.0,0.2,4,0,0.2,12.0,gray,p2c_learned,4,20322,56.83946622999121,36.55156423724782,311.78731332366783,1079.0180892808776,5.385887215825214,22.0,2.043714079000431,main,
200/200/150/150/100/100/50/50,0.75,30.0,3.0,0.2,4,0,0.2,12.0,gray,p2c_learned,5,20399,70.8155287949093,36.564206413764566,506.37563145516117,2231.2238728477078,6.095298789156331,28.0,2.1458127186777096,main,
200/200/150/150/100/100/50/50,0.75,30.0,3.0,0.2,4,0,0.2,12.0,gray,p2c_learned,6,20378,56.97132904896875,37.35674975932657,360.59883731790933,943.323746749,5.470899990185494,21.0,2.0404450868789143,main,
200/200/150/150/100/100/50/50,0.75,30.0,3.0,0.2,4,0,0.2,12.0,gray,p2c_learned,7,20142,55.18313178245955,33.85368918554832,335.7090027824579,1067.2328653337534,5.070102273855625,21.0,2.159052502190627,main,
200/200/150/150/100/100/50/50,0.75,30.0,3.0,0.2,4,0,0.2,12.0,gray,p2c_learned,8,20380,67.57742149354178,40.42035794718757,436.1171745421899,2183.032819752365,6.255691854759569,25.0,2.179320172778866,main,
200/200/150/150/100/100/50/50,0.75,30.0,3.0,0.2,4,0,0.2,12.0,gray,p2c_learned,9,20356,62.25165889026745,37.26783335826056,349.2816829800882,1339.8022992311069,5.674641383375909,23.0,2.111283599487663,main,
200/200/150/150/100/100/50/50,0.75,30.0,3.0,0.2,4,0,0.2,12.0,gray,sed,0,20488,541.9058117639072,364.890305425821,3027.2157900455386,4346.5555461939875,56.40150331901601,141.0,29.777769198758463,main,
200/200/150/150/100/100/50/50,0.75,30.0,3.0,0.2,4,0,0.2,12.0,gray,sed,1,20301,525.1961112182607,387.03824118954697,2787.187644114464,3369.454237462354,57.16935126348456,138.0,30.466614505502903,main,
200/200/150/150/100/100/50/50,0.75,30.0,3.0,0.2,4,0,0.2,12.0,gray,sed,2,20391,464.0492035714202,342.9973828536639,2678.9594338975903,3492.133063682334,51.83115099798931,132.09999999999854,28.58338287824353,main,
200/200/150/150/100/100/50/50,0.75,30.0,3.0,0.2,4,0,0.2,12.0,gray,sed,3,20225,524.1870855568394,360.44821104796387,3079.332236632019,4409.402160117653,55.44954264524104,139.7599999999984,29.587548477066456,main,
200/200/150/150/100/100/50/50,0.75,30.0,3.0,0.2,4,0,0.2,12.0,gray,sed,4,20322,517.880913910231,394.95362610862855,2849.1949634583793,4097.864328122184,59.02115933471115,139.0,30.938967751392305,main,
200/200/150/150/100/100/50/50,0.75,30.0,3.0,0.2,4,0,0.2,12.0,gray,sed,5,20399,530.9393822962165,385.7174441044631,2880.085308841801,3522.3050470959165,57.91867248394529,138.0,30.712167581429892,main,
200/200/150/150/100/100/50/50,0.75,30.0,3.0,0.2,4,0,0.2,12.0,gray,sed,6,20378,531.521890471409,368.451219823837,2995.6193307417607,3885.0576648267215,56.15659044067131,144.0,30.03233609196097,main,
200/200/150/150/100/100/50/50,0.75,30.0,3.0,0.2,4,0,0.2,12.0,gray,sed,7,20142,528.3565226046344,366.6274590259677,2889.06581345826,4156.956778321876,54.68190845000496,138.0,29.533728897973248,main,
200/200/150/150/100/100/50/50,0.75,30.0,3.0,0.2,4,0,0.2,12.0,gray,sed,8,20380,537.3534705548427,360.06514678553714,3186.847855341394,4315.5625076303,56.924092247301274,149.0,29.615447984327698,main,
200/200/150/150/100/100/50/50,0.75,30.0,3.0,0.2,4,0,0.2,12.0,gray,sed,9,20356,523.3656446950747,370.3935969528116,2914.5819916318546,3821.588810494957,56.23354293574376,141.0,29.742161991175827,main,
200/200/150/150/100/100/50/50,0.75,30.0,3.0,0.2,4,0,0.2,12.0,gray,ts,0,20488,1349.0663637989876,430.8695733260271,15253.893895880756,17058.845408553836,108.27215931276845,767.130000000001,13.53620324621983,main,
200/200/150/150/100/100/50/50,0.75,30.0,3.0,0.2,4,0,0.2,12.0,gray,ts,1,20301,527.9866159072234,244.97489223712066,8393.386155408325,10015.902957671937,48.27870548248855,363.0,13.723943615421913,main,
200/200/150/150/100/100/50/50,0.75,30.0,3.0,0.2,4,0,0.2,12.0,gray,ts,2,20391,399.9512833196011,203.2246113031526,3806.8118845856616,5546.985499699742,44.03324996321907,283.0,12.091495893848014,main,
200/200/150/150/100/100/50/50,0.75,30.0,3.0,0.2,4,0,0.2,12.0,gray,ts,3,20225,21041.87920242262,204.79727050952602,133678.4986347425,136999.37001373092,851.0953770086527,5366.759999999998,11.589085062146342,main,
200/200/150/150/100/100/50/50,0.75,30.0,3.0,0.2,4,0,0.2,12.0,gray,ts,4,20322,16883.184315946673,243.1624543165287,117147.46978889062,120506.9704654787,683.6241511662238,4614.790000000001,11.920131176845388,main,
200/200/150/150/100/100/50/50,0.75,30.0,3.0,0.2,4,0,0.2,12.0,gray,ts,5,20399,389.58416092549595,251.21315455239213,3626.5775861874786,6879.063066273954,44.16912593754596,206.0,13.712956582170698,main,
200/200/150/150/100/100/50/50,0.75,30.0,3.0,0.2,4,0,0.2,12.0,gray,ts,6,20378,415.30138819427003,229.01209640348964,3314.7642999672644,3893.294122381422,51.65094709981352,448.0,11.495241592671343,main,
200/200/150/150/100/100/50/50,0.75,30.0,3.0,0.2,4,0,0.2,12.0,gray,ts,7,20142,256.1739878161146,210.22166074537017,1169.370707473766,1728.1897254313076,34.08137225697548,129.0,11.3369051669157,main,
200/200/150/150/100/100/50/50,0.75,30.0,3.0,0.2,4,0,0.2,12.0,gray,ts,8,20380,2476.477186470613,637.4224886510565,29394.549437059995,31988.54515257091,181.36943081452404,1565.0,14.220684426319133,main,
200/200/150/150/100/100/50/50,0.75,30.0,3.0,0.2,4,0,0.2,12.0,gray,ts,9,20356,899.4326299665189,313.3432016109614,11170.905210032912,14462.16333337994,76.70003930045196,588.4500000000007,15.026950960034688,main,
200/200/150/150/100/100/50/50,0.75,30.0,3.0,0.2,4,0,0.2,12.0,gray,ts+lc,0,20488,62.78271367630031,48.684461825315495,237.94717335264158,439.1461095382566,7.563305349472862,29.0,3.7614262757549284,main,
200/200/150/150/100/100/50/50,0.75,30.0,3.0,0.2,4,0,0.2,12.0,gray,ts+lc,1,20301,58.51740888026691,41.42225320798154,284.89665074197035,635.6963625336949,6.762179202994926,31.0,3.220943207556884,main,
200/200/150/150/100/100/50/50,0.75,30.0,3.0,0.2,4,0,0.2,12.0,gray,ts+lc,2,20391,53.42185753943786,38.668492815535416,237.51152859765762,522.4384438002752,6.230886175273405,28.0,3.1239857934033166,main,
200/200/150/150/100/100/50/50,0.75,30.0,3.0,0.2,4,0,0.2,12.0,gray,ts+lc,3,20225,55.79230826150459,39.22099777505217,249.97222516760843,464.1212054493922,6.517725587144623,32.0,3.482864237649267,main,
200/200/150/150/100/100/50/50,0.75,30.0,3.0,0.2,4,0,0.2,12.0,gray,ts+lc,4,20322,57.61369107402167,41.49881905068797,238.39178958306957,841.0003061227641,6.724879440999902,31.0,3.4001559579707035,main,
200/200/150/150/100/100/50/50,0.75,30.0,3.0,0.2,4,0,0.2,12.0,gray,ts+lc,5,20399,61.46805842496968,41.421046635417014,332.6647955800659,731.9944140875507,7.054218344036473,31.0,3.285541919399348,main,
200/200/150/150/100/100/50/50,0.75,30.0,3.0,0.2,4,0,0.2,12.0,gray,ts+lc,6,20378,64.32480872078,41.26231719075335,408.41046714217975,1383.0209422040089,7.053538129355187,37.0,3.5216675195953204,main,
200/200/150/150/100/100/50/50,0.75,30.0,3.0,0.2,4,0,0.2,12.0,gray,ts+lc,7,20142,50.582987158497396,35.4812265761808,225.27869541741066,1103.1161480318774,5.611408996127495,24.0,2.655278252131084,main,
200/200/150/150/100/100/50/50,0.75,30.0,3.0,0.2,4,0,0.2,12.0,gray,ts+lc,8,20380,80.96852732026058,46.180263075749295,549.3952685592958,2818.8260712783795,8.625613346418056,42.0,3.691438406584385,main,
200/200/150/150/100/100/50/50,0.75,30.0,3.0,0.2,4,0,0.2,12.0,gray,ts+lc,9,20356,75.04608238766534,50.445319516375875,434.90557368235574,1011.6763242652316,8.683926115150324,44.0,4.187812576474751,main,
200/200/150/150/100/100/50/50,0.75,30.0,3.0,0.2,4,0,0.2,12.0,gray,ts_epoch,0,20488,187.94802271516045,85.03542159204613,1416.3660304706639,2547.1847170342144,20.308717297930496,99.0,6.916010024428688,main,
200/200/150/150/100/100/50/50,0.75,30.0,3.0,0.2,4,0,0.2,12.0,gray,ts_epoch,1,20301,105.52103329126032,49.553386245866804,967.2196092800824,3789.6341063841023,9.69026156346978,50.0,3.4893722982950903,main,
200/200/150/150/100/100/50/50,0.75,30.0,3.0,0.2,4,0,0.2,12.0,gray,ts_epoch,2,20391,72.46335422678175,45.11469640782906,491.5277923628986,1212.9854369544114,7.1956255210632145,34.0,2.7116935897068304,main,
200/200/150/150/100/100/50/50,0.75,30.0,3.0,0.2,4,0,0.2,12.0,gray,ts_epoch,3,20225,107.42241560811198,60.66748334408345,702.0516757482285,1519.8274503473585,11.723114956736712,64.7599999999984,4.45101160402229,main,
200/200/150/150/100/100/50/50,0.75,30.0,3.0,0.2,4,0,0.2,12.0,gray,ts_epoch,4,20322,208.5571320140607,77.03564207604785,2587.8439426621385,3484.0151077113646,20.25912803857888,174.79000000000087,6.915553849656806,main,
200/200/150/150/100/100/50/50,0.75,30.0,3.0,0.2,4,0,0.2,12.0,gray,ts_epoch,5,20399,132.7050927999562,64.1521403849774,983.6741726784621,1862.3086059175123,13.99710770135791,81.0,5.101784043674165,main,
200/200/150/150/100/100/50/50,0.75,30.0,3.0,0.2,4,0,0.2,12.0,gray,ts_epoch,6,20378,123.47023893814804,62.259058132910994,920.0993311283779,1642.712401244047,12.95372460496614,72.0,4.966638362145007,main,
200/200/150/150/100/100/50/50,0.75,30.0,3.0,0.2,4,0,0.2,12.0,gray,ts_epoch,7,20142,96.6720567451361,58.137760602615444,763.3813431500568,1343.1866715021777,10.03807963459438,48.0,3.9283030447868557,main,
200/200/150/150/100/100/50/50,0.75,30.0,3.0,0.2,4,0,0.2,12.0,gray,ts_epoch,8,20380,120.12133034044146,55.09919768999705,1017.6045382459433,2313.8843096919904,12.205642787046123,75.0,4.4700085849987286,main,
200/200/150/150/100/100/50/50,0.75,30.0,3.0,0.2,4,0,0.2,12.0,gray,ts_epoch,9,20356,123.7309669142395,60.43686073263066,1006.2031632107617,1766.2027941698661,12.548290430339948,74.0,4.506696572319827,main,
200/200/150/150/100/100/50/50,0.75,30.0,3.0,0.2,4,0,0.2,12.0,gray,wrandom,0,20488,3173.6581486018463,29.665331920854854,44891.67322215006,48346.22403429504,129.95792659117532,1783.0,1.0296799852142615,main,
200/200/150/150/100/100/50/50,0.75,30.0,3.0,0.2,4,0,0.2,12.0,gray,wrandom,1,20301,3094.8538870179495,25.50709249993588,43874.17201198129,47321.50119748402,124.12757992217132,1725.0,1.0110765427286998,main,
200/200/150/150/100/100/50/50,0.75,30.0,3.0,0.2,4,0,0.2,12.0,gray,wrandom,2,20391,3094.704853666854,26.205254183526705,43352.05724978172,46837.77091300842,126.2838997596979,1792.0999999999985,1.0146837108934776,main,
200/200/150/150/100/100/50/50,0.75,30.0,3.0,0.2,4,0,0.2,12.0,gray,wrandom,3,20225,3133.7989915894173,26.138946056477153,44631.379196242524,47464.032697169445,128.41957972805932,1785.7599999999984,1.0319176500718132,main,
200/200/150/150/100/100/50/50,0.75,30.0,3.0,0.2,4,0,0.2,12.0,gray,wrandom,4,20322,3468.5317995549085,25.072537743767498,46394.02713089656,49756.58551337243,139.33810648558213,1886.7900000000009,0.976164797961689,main,
200/200/150/150/100/100/50/50,0.75,30.0,3.0,0.2,4,0,0.2,12.0,gray,wrandom,5,20399,3415.0885076354048,26.57693976461495,47024.86358308917,50443.36947518716,134.4669346536595,1835.0200000000004,0.980721527763482,main,
200/200/150/150/100/100/50/50,0.75,30.0,3.0,0.2,4,0,0.2,12.0,gray,wrandom,6,20378,3126.012568855336,27.487256149708816,43903.000380293975,47423.09881216459,127.72151339680047,1771.2299999999996,0.97176431250961,main,
200/200/150/150/100/100/50/50,0.75,30.0,3.0,0.2,4,0,0.2,12.0,gray,wrandom,7,20142,3351.500402523625,24.98763918164748,46141.69832212177,49548.513534344165,136.1556945685632,1837.5900000000001,0.9970186105666938,main,
200/200/150/150/100/100/50/50,0.75,30.0,3.0,0.2,4,0,0.2,12.0,gray,wrandom,8,20380,3429.3550551009425,25.37320505140528,46390.86939375747,49832.757696047614,138.0177134445535,1866.2099999999991,1.0012738703499033,main,
200/200/150/150/100/100/50/50,0.75,30.0,3.0,0.2,4,0,0.2,12.0,gray,wrandom,9,20356,3511.9144246613946,26.71047757969669,47607.284526099545,50972.38382715645,143.5578207899391,1906.4500000000007,1.0249751188938752,main,
200/200/150/150/100/100/50/50,0.75,30.0,3.0,0.2,16,0,0.2,12.0,gray,greedy,0,20488,208.6947633862216,118.06976744564324,1652.559058644472,3112.270891754437,23.39857477547833,170.0,7.793262034909284,main,
200/200/150/150/100/100/50/50,0.75,30.0,3.0,0.2,16,0,0.2,12.0,gray,greedy,1,20301,827.224119269343,92.56804037172373,14351.435278430663,15613.654614464389,45.46317915373627,582.0,6.011876713094379,main,
200/200/150/150/100/100/50/50,0.75,30.0,3.0,0.2,16,0,0.2,12.0,gray,greedy,2,20391,189.48854229672875,82.19922899006349,3229.7839270790714,3994.6660157404767,22.852336815261634,317.09999999999854,6.3140371365856645,main,
200/200/150/150/100/100/50/50,0.75,30.0,3.0,0.2,16,0,0.2,12.0,gray,greedy,3,20225,2967.830326623997,67.61094615055185,44607.639549979554,46846.940488507666,126.9729542645241,1788.0,4.953107984705323,main,
200/200/150/150/100/100/50/50,0.75,30.0,3.0,0.2,16,0,0.2,12.0,gray,greedy,4,20322,131.89020656835572,89.77279744068234,727.3449865944992,1957.9486454100913,15.99709674244661,75.0,6.757922768816246,main,
200/200/150/150/100/100/50/50,0.75,30.0,3.0,0.2,16,0,0.2,12.0,gray,greedy,5,20399,1091.2255145148004,94.70977528319224,18821.79120545988,21187.02243336607,55.81641256924359,766.0200000000004,6.291511378360358,main,
200/200/150/150/100/100/50/50,0.75,30.0,3.0,0.2,16,0,0.2,12.0,gray,greedy,6,20378,443.4110749305463,117.77368642134967,8737.175815576007,11346.37821149699,31.735302777505154,363.22999999999956,7.752104475146293,main,
200/200/150/150/100/100/50/50,0.75,30.0,3.0,0.2,16,0,0.2,12.0,gray,greedy,7,20142,583.5096767891828,96.47392204671057,9995.812163672303,10347.14681584366,38.328517525568465,514.5900000000001,6.235064841424088,main,
200/200/150/150/100/100/50/50,0.75,30.0,3.0,0.2,16,0,0.2,12.0,gray,greedy,8,20380,180.77490967950965,92.52815757510203,2054.923365901838,3450.504969273507,19.184789008832187,112.0,6.8731352925996045,main,
200/200/150/150/100/100/50/50,0.75,30.0,3.0,0.2,16,0,0.2,12.0,gray,greedy,9,20356,516.9302867197049,145.85199181236774,7982.892019448723,9986.537790717693,37.245382196895264,368.4500000000007,8.273148820735548,main,
200/200/150/150/100/100/50/50,0.75,30.0,3.0,0.2,16,0,0.2,12.0,gray,greedy+lc,0,20488,178.99957383823406,72.17277418231572,4061.11280054788,6258.446348406403,14.96583365872706,154.13000000000102,5.222810811705291,main,
200/200/150/150/100/100/50/50,0.75,30.0,3.0,0.2,16,0,0.2,12.0,gray,greedy+lc,1,20301,96.02526681499866,56.99193704400329,647.4402526634186,3999.632777139687,10.38993153046648,53.0,4.427098364461426,main,
200/200/150/150/100/100/50/50,0.75,30.0,3.0,0.2,16,0,0.2,12.0,gray,greedy+lc,2,20391,96.47259428400419,67.82961803220377,529.9021908684293,1411.174537797673,11.803393654063067,48.0,5.772918938213059,main,
200/200/150/150/100/100/50/50,0.75,30.0,3.0,0.2,16,0,0.2,12.0,gray,greedy+lc,3,20225,101.15636125014254,64.16356277210156,683.2201462516983,2706.9249011428524,11.375673671199012,48.0,5.162526070225259,main,
200/200/150/150/100/100/50/50,0.75,30.0,3.0,0.2,16,0,0.2,12.0,gray,greedy+lc,4,20322,195.56825990934752,69.12384434602892,6560.638602925411,8121.177671842126,16.352918019879933,308.7900000000009,5.272326839021979,main,
200/200/150/150/100/100/50/50,0.75,30.0,3.0,0.2,16,0,0.2,12.0,gray,greedy+lc,5,20399,88.1364100527502,55.44494898963492,527.9467936646028,2819.3067665065714,9.81842247168979,43.0,4.3488649422513035,main,
200/200/150/150/100/100/50/50,0.75,30.0,3.0,0.2,16,0,0.2,12.0,gray,greedy+lc,6,20378,103.04632822098544,56.81561316966821,736.9414662811048,3312.8365905956816,10.76435371479046,52.0,4.6295368635131595,main,
200/200/150/150/100/100/50/50,0.75,30.0,3.0,0.2,16,0,0.2,12.0,gray,greedy+lc,7,20142,213.1856035718861,64.27781767185259,7385.0100078986225,8166.058123381955,17.54855525767054,374.59000000000015,5.53250761676937,main,
200/200/150/150/100/100/50/50,0.75,30.0,3.0,0.2,16,0,0.2,12.0,gray,greedy+lc,8,20380,96.46803728997962,62.14086549699749,497.3542761234984,2921.314741711172,11.144847890088322,48.0,4.616121280817614,main,
200/200/150/150/100/100/50/50,0.75,30.0,3.0,0.2,16,0,0.2,12.0,gray,greedy+lc,9,20356,260.7832388800257,74.03697617727101,6420.947399885902,7628.481052389069,18.30251522892513,227.0,5.222667816612777,main,
200/200/150/150/100/100/50/50,0.75,30.0,3.0,0.2,16,0,0.2,12.0,gray,jsq,0,20488,458.2097387783316,232.60022525456847,2979.3085258330807,3645.3363024379682,41.64335220616947,146.0,21.37799626765747,main,
200/200/150/150/100/100/50/50,0.75,30.0,3.0,0.2,16,0,0.2,12.0,gray,jsq,1,20301,414.15753663586156,228.24829280660097,2617.0769102841655,3244.1648832997776,39.043840204916016,136.0,19.87051165803667,main,
200/200/150/150/100/100/50/50,0.75,30.0,3.0,0.2,16,0,0.2,12.0,gray,jsq,2,20391,392.3953889171111,202.66518104255306,2863.781000016649,3681.240060856134,36.57260556127704,134.0,19.631032190556496,main,
200/200/150/150/100/100/50/50,0.75,30.0,3.0,0.2,16,0,0.2,12.0,gray,jsq,3,20225,342.95378818755097,175.16112238329828,2411.855286784979,3086.8024744250815,33.221557478368354,131.0,18.12230158269174,main,
200/200/150/150/100/100/50/50,0.75,30.0,3.0,0.2,16,0,0.2,12.0,gray,jsq,4,20322,394.84050265442903,212.94632507668433,2740.0008562512558,3724.828694746852,38.35267198110422,135.0,20.58434473122395,main,
200/200/150/150/100/100/50/50,0.75,30.0,3.0,0.2,16,0,0.2,12.0,gray,jsq,5,20399,428.5393414706037,207.15650428010335,2997.085339667375,4117.5618261947675,39.77533212412373,140.0,21.180012701744854,main,
200/200/150/150/100/100/50/50,0.75,30.0,3.0,0.2,16,0,0.2,12.0,gray,jsq,6,20378,425.3950028630698,227.8914262306273,2782.842752897035,4164.711219149841,41.06560997153793,140.0,22.289081783284225,main,
200/200/150/150/100/100/50/50,0.75,30.0,3.0,0.2,16,0,0.2,12.0,gray,jsq,7,20142,377.6072129959402,187.09783563963,2718.302857066168,3612.199716392585,34.6282891470559,131.0,18.81815441978414,main,
200/200/150/150/100/100/50/50,0.75,30.0,3.0,0.2,16,0,0.2,12.0,gray,jsq,8,20380,420.3512446679416,211.12905276399465,2949.699949326883,4012.128140168065,38.72360157016683,140.0,20.51566270801699,main,
200/200/150/150/100/100/50/50,0.75,30.0,3.0,0.2,16,0,0.2,12.0,gray,jsq,9,20356,431.39852916046584,228.59272419166655,2796.199601186114,3568.8437870863386,40.25093338573394,141.0,21.738287906580773,main,
200/200/150/150/100/100/50/50,0.75,30.0,3.0,0.2,16,0,0.2,12.0,gray,jsq+lc,0,20488,259.53953712015664,153.2912688388648,1575.353568084181,2534.9120938396004,25.104060913705585,105.0,14.187341272332482,main,
200/200/150/150/100/100/50/50,0.75,30.0,3.0,0.2,16,0,0.2,12.0,gray,jsq+lc,1,20301,266.1926134364155,140.78439858891477,1828.6438456449225,2991.6917708307815,25.065021427515887,108.0,14.251812216145462,main,
200/200/150/150/100/100/50/50,0.75,30.0,3.0,0.2,16,0,0.2,12.0,gray,jsq+lc,2,20391,266.79443541386206,140.45580554961745,1942.8035423386666,2863.2150740830325,24.680054926192927,110.0,14.016516972254827,main,
200/200/150/150/100/100/50/50,0.75,30.0,3.0,0.2,16,0,0.2,12.0,gray,jsq+lc,3,20225,270.5168229731112,137.25386724877086,2063.718051108843,3060.3744931561196,24.303436341161927,112.0,13.771245762480806,main,
200/200/150/150/100/100/50/50,0.75,30.0,3.0,0.2,16,0,0.2,12.0,gray,jsq+lc,4,20322,268.95452570298613,150.52874640668358,1724.245079138578,3162.940817287567,26.130646589902568,110.0,15.017588865569982,main,
200/200/150/150/100/100/50/50,0.75,30.0,3.0,0.2,16,0,0.2,12.0,gray,jsq+lc,5,20399,287.68881607197335,155.231190132751,1984.449061803643,3107.412334573158,27.68361194176185,111.0,15.392887688333216,main,
200/200/150/150/100/100/50/50,0.75,30.0,3.0,0.2,16,0,0.2,12.0,gray,jsq+lc,6,20378,258.8734243051154,142.74451209213623,1789.0987888518218,2717.2513707926555,25.069388556286192,109.22999999999956,14.023093405319312,main,
200/200/150/150/100/100/50/50,0.75,30.0,3.0,0.2,16,0,0.2,12.0,gray,jsq+lc,7,20142,245.22298547836562,135.58904372359893,1827.6223968080822,2906.546001374701,23.049846092741536,101.0,13.340159695591916,main,
200/200/150/150/100/100/50/50,0.75,30.0,3.0,0.2,16,0,0.2,12.0,gray,jsq+lc,8,20380,269.15183209056215,147.9731301403362,1912.163163027579,3142.616348944473,25.567860647693816,110.0,14.2815978927249,main,
200/200/150/150/100/100/50/50,0.75,30.0,3.0,0.2,16,0,0.2,12.0,gray,jsq+lc,9,20356,264.77520621866483,144.08239649450218,1646.9013192450102,3457.421533260734,24.900766358813126,117.0,14.29983508254115,main,
200/200/150/150/100/100/50/50,0.75,30.0,3.0,0.2,16,0,0.2,12.0,gray,p2c,0,20488,101.2984611700151,49.88461604065009,600.2827519166352,859.5696643533578,7.481062085122999,26.0,2.4521376700953827,main,
200/200/150/150/100/100/50/50,0.75,30.0,3.0,0.2,16,0,0.2,12.0,gray,p2c,1,20301,103.59222239564598,48.68797478293274,637.2788891051969,854.454054099569,7.533175705630264,26.0,2.4452915049268684,main,
200/200/150/150/100/100/50/50,0.75,30.0,3.0,0.2,16,0,0.2,12.0,gray,p2c,2,20391,95.69845060391131,44.85568505707693,653.9173088862503,886.5146448131607,6.971507037418469,26.0,2.5814672656805624,main,
200/200/150/150/100/100/50/50,0.75,30.0,3.0,0.2,16,0,0.2,12.0,gray,p2c,3,20225,105.04627622755763,48.28474905888136,714.5608852463183,935.9042689598441,7.518665018541409,28.0,2.5025792773900872,main,
200/200/150/150/100/100/50/50,0.75,30.0,3.0,0.2,16,0,0.2,12.0,gray,p2c,4,20322,106.21808482786018,46.663063506711566,634.2337876386982,814.6742912900921,7.64737722665092,28.0,2.542255016734706,main,
200/200/150/150/100/100/50/50,0.75,30.0,3.0,0.2,16,0,0.2,12.0,gray,p2c,5,20399,104.12679079188966,47.85070411632475,660.0657509047393,862.0130072196954,7.56233148683759,27.0,2.557568781862733,main,
200/200/150/150/100/100/50/50,0.75,30.0,3.0,0.2,16,0,0.2,12.0,gray,p2c,6,20378,102.9465410062437,49.294660260855494,599.1594658691637,743.509615276901,7.600696829914614,26.0,2.5308234993964707,main,
200/200/150/150/100/100/50/50,0.75,30.0,3.0,0.2,16,0,0.2,12.0,gray,p2c,7,20142,96.51532425349912,43.72520218387699,595.9474483640619,807.2430405697611,6.905520802303644,26.0,2.379446184151381,main,
200/200/150/150/100/100/50/50,0.75,30.0,3.0,0.2,16,0,0.2,12.0,gray,p2c,8,20380,99.75784005502176,45.96750615941225,678.6954625346276,1004.4974550349148,7.241315014720314,25.0,2.5213317336260177,main,
200/200/150/150/100/100/50/50,0.75,30.0,3.0,0.2,16,0,0.2,12.0,gray,p2c,9,20356,104.11426307468857,48.63331217927191,630.0529768228552,945.9651221417001,7.5492238160738845,28.0,2.4789527707433416,main,
200/200/150/150/100/100/50/50,0.75,30.0,3.0,0.2,16,0,0.2,12.0,gray,p2c_learned,0,20488,91.70307952924892,40.45563987717871,853.5103085583014,3841.5097077863848,7.086392034361578,35.0,2.1348210173952444,main,
200/200/150/150/100/100/50/50,0.75,30.0,3.0,0.2,16,0,0.2,12.0,gray,p2c_learned,1,20301,59.467415134657344,36.73745085959723,397.5698766409437,706.8187198152467,5.557312447662676,23.0,2.0366955908664006,main,
200/200/150/150/100/100/50/50,0.75,30.0,3.0,0.2,16,0,0.2,12.0,gray,p2c_learned,2,20391,56.4477225927501,33.52631105868653,444.4026508692538,939.1043657623989,5.089107939777353,21.0,2.09529569476806,main,
200/200/150/150/100/100/50/50,0.75,30.0,3.0,0.2,16,0,0.2,12.0,gray,p2c_learned,3,20225,57.75437447894014,33.82108286044172,406.20845224747757,901.2291234356082,5.1536217552534,21.0,1.9940439631769453,main,
200/200/150/150/100/100/50/50,0.75,30.0,3.0,0.2,16,0,0.2,12.0,gray,p2c_learned,4,20322,62.40273797463316,36.6365378547826,444.26797290881706,1421.0265526224016,5.5013778171439816,22.0,2.036880821848735,main,
200/200/150/150/100/100/50/50,0.75,30.0,3.0,0.2,16,0,0.2,12.0,gray,p2c_learned,5,20399,66.77479390454238,35.36265421059959,538.5635567007416,2325.0391334083674,5.70464238443061,26.0,2.0054950415790787,main,
200/200/150/150/100/100/50/50,0.75,30.0,3.0,0.2,16,0,0.2,12.0,gray,p2c_learned,6,20378,62.95209311915398,37.13605987091029,439.68934025816526,1791.2953194805837,5.594366473648051,24.0,2.080257735379261,main,
200/200/150/150/100/100/50/50,0.75,30.0,3.0,0.2,16,0,0.2,12.0,gray,p2c_learned,7,20142,55.930724626945235,34.56151596441437,395.5896043021626,948.7666817937348,5.1181114089961275,22.0,2.0409747185733442,main,
200/200/150/150/100/100/50/50,0.75,30.0,3.0,0.2,16,0,0.2,12.0,gray,p2c_learned,8,20380,60.55720259670732,33.894737583997085,495.90469881993556,1236.7886374768202,5.30279685966634,22.209999999999127,2.0428087698227513,main,
200/200/150/150/100/100/50/50,0.75,30.0,3.0,0.2,16,0,0.2,12.0,gray,p2c_learned,9,20356,64.00202264172034,36.17224317697243,439.46350997297094,950.07889754012,5.639860483395559,26.0,2.1499329887517886,main,
200/200/150/150/100/100/50/50,0.75,30.0,3.0,0.2,16,0,0.2,12.0,gray,sed,0,20488,543.4141836856991,390.772639849371,2992.0030900410634,4689.381382433177,58.02113432253026,141.0,30.175907004129865,main,
200/200/150/150/100/100/50/50,0.75,30.0,3.0,0.2,16,0,0.2,12.0,gray,sed,1,20301,527.3256680841024,356.90299393165503,3277.183639691874,4840.22641831757,53.18851288113886,142.0,27.726210529750286,main,
200/200/150/150/100/100/50/50,0.75,30.0,3.0,0.2,16,0,0.2,12.0,gray,sed,2,20391,496.8136547068973,323.9152035086157,2987.3013289335254,3886.363175643885,52.09131479574322,138.0,28.06253446772879,main,
200/200/150/150/100/100/50/50,0.75,30.0,3.0,0.2,16,0,0.2,12.0,gray,sed,3,20225,491.8352894057898,337.2385764211927,2910.3695471460096,3788.5076062011462,52.265710754017306,135.0,28.182757055391345,main,
200/200/150/150/100/100/50/50,0.75,30.0,3.0,0.2,16,0,0.2,12.0,gray,sed,4,20322,508.25171722225156,367.53230892517144,2656.40344608213,3531.3088997068107,55.676114555653974,138.0,29.372380496626867,main,
200/200/150/150/100/100/50/50,0.75,30.0,3.0,0.2,16,0,0.2,12.0,gray,sed,5,20399,498.3174523388685,364.2867013394433,2874.284737365803,3802.7815410448643,54.06657189077896,138.0,28.950759325721485,main,
200/200/150/150/100/100/50/50,0.75,30.0,3.0,0.2,16,0,0.2,12.0,gray,sed,6,20378,543.2517478440218,395.2008942577345,3113.5919377475702,4061.9133824262867,58.08317793699087,147.0,30.528674671326122,main,
200/200/150/150/100/100/50/50,0.75,30.0,3.0,0.2,16,0,0.2,12.0,gray,sed,7,20142,509.5574061985464,362.0565313339199,2875.698139025068,4169.94982381543,54.8266309204647,139.0,29.407082890066036,main,
200/200/150/150/100/100/50/50,0.75,30.0,3.0,0.2,16,0,0.2,12.0,gray,sed,8,20380,539.6428015052437,379.0410364198715,3110.1870082365162,4189.744045958019,58.57085377821394,144.0,30.85999879401671,main,
200/200/150/150/100/100/50/50,0.75,30.0,3.0,0.2,16,0,0.2,12.0,gray,sed,9,20356,545.6027283587839,378.8705027960777,3161.599118009175,4729.855757465366,57.22921988602869,144.0,30.050152781045192,main,
200/200/150/150/100/100/50/50,0.75,30.0,3.0,0.2,16,0,0.2,12.0,gray,ts,0,20488,205.94895598114795,121.84773038408414,1573.0534899661236,2343.84033471989,25.348643108160875,210.0,8.907896517266064,main,
200/200/150/150/100/100/50/50,0.75,30.0,3.0,0.2,16,0,0.2,12.0,gray,ts,1,20301,202.44300872796794,117.11773940604964,1888.5689584604356,4037.749629917893,23.63031377764642,119.0,8.703714518066695,main,
200/200/150/150/100/100/50/50,0.75,30.0,3.0,0.2,16,0,0.2,12.0,gray,ts,2,20391,192.2948277617243,84.65837280107813,3546.642371395359,4255.660428250428,22.761414349467902,331.09999999999854,6.610017087911448,main,
200/200/150/150/100/100/50/50,0.75,30.0,3.0,0.2,16,0,0.2,12.0,gray,ts,3,20225,153.72400449970172,99.8365708976836,1430.2665814387776,2201.3164201069267,19.492163164400495,128.7599999999984,6.976176783683352,main,
200/200/150/150/100/100/50/50,0.75,30.0,3.0,0.2,16,0,0.2,12.0,gray,ts,4,20322,145.90790609299773,94.08425965675704,1161.879790960077,1600.791627079763,18.869402617852575,152.0,7.084859736872818,main,
200/200/150/150/100/100/50/50,0.75,30.0,3.0,0.2,16,0,0.2,12.0,gray,ts,5,20399,199.60239675784422,98.19185441237366,2657.598104005195,3591.8525357169824,25.47115054659542,265.02000000000044,7.850794686953208,main,
200/200/150/150/100/100/50/50,0.75,30.0,3.0,0.2,16,0,0.2,12.0,gray,ts,6,20378,1221.9620071000754,318.97608905632956,13838.358048692042,14178.458146880643,121.21459417018353,1326.0,9.250175742767052,main,
200/200/150/150/100/100/50/50,0.75,30.0,3.0,0.2,16,0,0.2,12.0,gray,ts,7,20142,136.68675047005482,98.47281303103017,731.9115310158356,2009.6177814674393,17.22425776983418,66.0,6.07083785828819,main,
200/200/150/150/100/100/50/50,0.75,30.0,3.0,0.2,16,0,0.2,12.0,gray,ts,8,20380,326.78155088148077,116.55809666219596,6147.078828821067,6745.8624061860255,36.79048086359175,615.0,8.701892360606992,main,
200/200/150/150/100/100/50/50,0.75,30.0,3.0,0.2,16,0,0.2,12.0,gray,ts,9,20356,140.47659259999662,91.32868160787311,1315.633929204892,2192.324898497729,17.581204558852427,145.45000000000073,6.747517555558126,main,
200/200/150/150/100/100/50/50,0.75,30.0,3.0,0.2,16,0,0.2,12.0,gray,ts+lc,0,20488,144.74966034057576,75.76822738037414,1841.99929239298,5115.994659141956,13.91316868410777,84.13000000000102,5.8095938042717545,main,
200/200/150/150/100/100/50/50,0.75,30.0,3.0,0.2,16,0,0.2,12.0,gray,ts+lc,1,20301,120.62268477250164,70.67377812306219,1341.6940963177399,2874.548445422844,13.599231564947539,81.0,5.481091706372203,main,
200/200/150/150/100/100/50/50,0.75,30.0,3.0,0.2,16,0,0.2,12.0,gray,ts+lc,2,20391,85.44048146810492,56.042801795262775,521.5890110870821,2013.6190545122233,9.737972634986024,43.0,4.546465150977222,main,
200/200/150/150/100/100/50/50,0.75,30.0,3.0,0.2,16,0,0.2,12.0,gray,ts+lc,3,20225,115.31947985376141,60.005051192037584,1428.2257204028208,3134.4081425327954,11.941013597033374,63.0,5.22196527701647,main,
200/200/150/150/100/100/50/50,0.75,30.0,3.0,0.2,16,0,0.2,12.0,gray,ts+lc,4,20322,81.3409743563698,59.32193167241895,389.26226235744036,1103.2545610949724,9.705540793229012,44.0,4.171386236455051,main,
200/200/150/150/100/100/50/50,0.75,30.0,3.0,0.2,16,0,0.2,12.0,gray,ts+lc,5,20399,86.3652953997171,62.53058161773417,389.6151932427349,939.828173912388,10.404529633805579,42.0,5.19873132004522,main,
200/200/150/150/100/100/50/50,0.75,30.0,3.0,0.2,16,0,0.2,12.0,gray,ts+lc,6,20378,105.04647544763327,63.15380384749769,704.5306877136874,2490.2124869309873,11.597801550691923,58.0,5.492382972714738,main,
200/200/150/150/100/100/50/50,0.75,30.0,3.0,0.2,16,0,0.2,12.0,gray,ts+lc,7,20142,127.05121930742042,56.74017475662918,1524.771077624535,5328.649809290324,11.81853837751961,84.0,4.6931324029648165,main,
200/200/150/150/100/100/50/50,0.75,30.0,3.0,0.2,16,0,0.2,12.0,gray,ts+lc,8,20380,128.45648522549408,74.84106685853043,1204.2990823406892,3615.4715646838426,13.878704612365064,71.0,6.219701734447598,main,
200/200/150/150/100/100/50/50,0.75,30.0,3.0,0.2,16,0,0.2,12.0,gray,ts+lc,9,20356,83.82394140995868,59.693773395367074,392.9337932921879,944.2702039188598,10.051876596580861,49.0,4.969639185291526,main,
200/200/150/150/100/100/50/50,0.75,30.0,3.0,0.2,16,0,0.2,12.0,gray,ts_epoch,0,20488,90.0598878988565,51.856015089700946,671.7516083469136,1477.2666548439763,8.742092932448262,45.0,3.2531260803496154,main,
200/200/150/150/100/100/50/50,0.75,30.0,3.0,0.2,16,0,0.2,12.0,gray,ts_epoch,1,20301,104.52778206908789,54.688010938701126,878.8605218545822,2074.9305542339694,10.758632579675877,57.0,3.9496041239688053,main,
200/200/150/150/100/100/50/50,0.75,30.0,3.0,0.2,16,0,0.2,12.0,gray,ts_epoch,2,20391,91.39074615210045,48.64020809552727,829.2894640075804,5350.777288243209,8.906821636996714,45.0,3.317444058693882,main,
200/200/150/150/100/100/50/50,0.75,30.0,3.0,0.2,16,0,0.2,12.0,gray,ts_epoch,3,20225,68.757779781487,39.863312074604806,572.3782214787343,1008.3976595704239,6.533349814585908,33.0,2.4293677072359126,main,
200/200/150/150/100/100/50/50,0.75,30.0,3.0,0.2,16,0,0.2,12.0,gray,ts_epoch,4,20322,82.73205255173413,47.89098101977274,627.401342238127,1540.294152782263,8.131679952760555,40.0,2.95081883054811,main,
200/200/150/150/100/100/50/50,0.75,30.0,3.0,0.2,16,0,0.2,12.0,gray,ts_epoch,5,20399,101.52334092235127,48.99162752833952,980.4821842434602,2149.987669929791,9.971027991568214,52.0,3.5405574874497643,main,
200/200/150/150/100/100/50/50,0.75,30.0,3.0,0.2,16,0,0.2,12.0,gray,ts_epoch,6,20378,91.6727474211974,49.898163697875475,690.2409381619951,1534.539275772439,9.039356168416921,43.22999999999956,3.343562064516762,main,
200/200/150/150/100/100/50/50,0.75,30.0,3.0,0.2,16,0,0.2,12.0,gray,ts_epoch,7,20142,82.96286867301879,45.517540837400006,979.1171366087459,1962.9314639881159,8.023135736272465,44.0,2.930640350605992,main,
200/200/150/150/100/100/50/50,0.75,30.0,3.0,0.2,16,0,0.2,12.0,gray,ts_epoch,8,20380,87.71489837338831,48.56336178981202,635.7389729401743,1455.181448455788,8.721050049067713,44.0,3.283745137948037,main,
200/200/150/150/100/100/50/50,0.75,30.0,3.0,0.2,16,0,0.2,12.0,gray,ts_epoch,9,20356,113.25868913636047,48.92000871006452,1551.5498951631184,4618.691564612429,9.444979367262723,62.0,3.1896068514009293,main,
200/200/150/150/100/100/50/50,0.75,30.0,3.0,0.2,16,0,0.2,12.0,gray,wrandom,0,20488,3630.294314419533,26.72455207922253,48384.43447456998,53021.16964282395,143.29939476766887,1923.130000000001,0.9865021152673605,main,
200/200/150/150/100/100/50/50,0.75,30.0,3.0,0.2,16,0,0.2,12.0,gray,wrandom,1,20301,3452.8274552252697,25.700565435965217,46483.33895803454,49455.23760998987,137.87508004531796,1862.0,1.001065861659128,main,
200/200/150/150/100/100/50/50,0.75,30.0,3.0,0.2,16,0,0.2,12.0,gray,wrandom,2,20391,2718.0444464829416,28.154577785215018,39302.57682865621,42657.30477652707,116.97709773919867,1666.0999999999985,1.0125741263105659,main,
200/200/150/150/100/100/50/50,0.75,30.0,3.0,0.2,16,0,0.2,12.0,gray,wrandom,3,20225,3197.4341717573134,25.621104036854803,44183.99313653559,46921.0557232259,132.26976514215082,1794.0,0.9869637404255704,main,
200/200/150/150/100/100/50/50,0.75,30.0,3.0,0.2,16,0,0.2,12.0,gray,wrandom,4,20322,3460.726254902245,26.866138794561678,46565.67070112344,49817.26130870591,142.0540793229013,1893.7900000000009,0.9764286074542485,main,
200/200/150/150/100/100/50/50,0.75,30.0,3.0,0.2,16,0,0.2,12.0,gray,wrandom,5,20399,3454.2808565187834,26.855155447290002,47158.59162301628,50173.589089523695,143.57850875042894,1915.0,0.9939993902698336,main,
200/200/150/150/100/100/50/50,0.75,30.0,3.0,0.2,16,0,0.2,12.0,gray,wrandom,6,20378,3271.741733838624,26.84883019549744,46332.82263381731,49310.29702227183,127.93262341741094,1783.0,1.0154939251498885,main,
200/200/150/150/100/100/50/50,0.75,30.0,3.0,0.2,16,0,0.2,12.0,gray,wrandom,7,20142,3711.1929862584234,24.087451470283128,49626.92729544072,53107.1168804769,145.93208221626452,1929.5900000000001,1.018763544038169,main,
200/200/150/150/100/100/50/50,0.75,30.0,3.0,0.2,16,0,0.2,12.0,gray,wrandom,8,20380,3823.262313502925,24.155752804968067,50692.8705600727,54600.838363114504,149.29303238469086,1969.2099999999991,1.009512707606381,main,
200/200/150/150/100/100/50/50,0.75,30.0,3.0,0.2,16,0,0.2,12.0,gray,wrandom,9,20356,3475.2370625461203,28.046901661133994,46690.99908741252,50018.723810842,137.84594222833562,1864.0,1.042878070410225,main,
200/200/150/150/100/100/50/50,0.75,30.0,3.0,0.2,64,0,0.2,12.0,gray,greedy,0,20488,635.915372679893,99.55922936178219,12925.116171307449,14385.457638051434,38.19992190550566,492.0,6.449869361235326,main,
200/200/150/150/100/100/50/50,0.75,30.0,3.0,0.2,64,0,0.2,12.0,gray,greedy,1,20301,218.79152919795325,91.50188382020019,2842.7106346925816,7480.893203768002,20.867691246736612,172.0,6.472866993678315,main,
200/200/150/150/100/100/50/50,0.75,30.0,3.0,0.2,64,0,0.2,12.0,gray,greedy,2,20391,350.7197038925465,82.13286006159315,8710.807879534641,9250.56616390561,26.028542003825216,438.0,5.565923509718879,main,
200/200/150/150/100/100/50/50,0.75,30.0,3.0,0.2,64,0,0.2,12.0,gray,greedy,3,20225,383.594367974253,90.14778687738101,6610.7332378251185,7897.350367624586,28.145166872682324,322.799999999992,5.817365201622872,main,
200/200/150/150/100/100/50/50,0.75,30.0,3.0,0.2,64,0,0.2,12.0,gray,greedy,4,20322,344.7609857659015,105.96164992322076,4911.434508096564,5849.645314361821,27.167946068300363,236.0,6.640173219737669,main,
200/200/150/150/100/100/50/50,0.75,30.0,3.0,0.2,64,0,0.2,12.0,gray,greedy,5,20399,510.45128686443064,91.56126925910257,12297.213804631017,13472.071834046317,31.646159125447326,514.0,6.389811070631752,main,
200/200/150/150/100/100/50/50,0.75,30.0,3.0,0.2,64,0,0.2,12.0,gray,greedy,6,20378,912.8274835501398,86.61913870149007,18233.854373640734,20047.77758847484,49.65124153498871,748.2299999999996,5.782909357147078,main,
200/200/150/150/100/100/50/50,0.75,30.0,3.0,0.2,64,0,0.2,12.0,gray,greedy,7,20142,256.1133642478585,82.66700388741732,5729.881351637148,8171.344591479485,21.477509681263033,290.0,5.946751233853195,main,
200/200/150/150/100/100/50/50,0.75,30.0,3.0,0.2,64,0,0.2,12.0,gray,greedy,8,20380,171.9177639890522,101.91260427459703,1216.4482995132137,3686.745962140892,19.773748773307165,109.0,6.651126637963093,main,
200/200/150/150/100/100/50/50,0.75,30.0,3.0,0.2,64,0,0.2,12.0,gray,greedy,9,20356,194.36909832300657,90.41227288739861,2363.778232550143,3814.516486556822,18.756926704657104,134.0,6.1809494242426215,main,
200/200/150/150/100/100/50/50,0.75,30.0,3.0,0.2,64,0,0.2,12.0,gray,greedy+lc,0,20488,177.40814890836091,89.02041515681347,3431.2200763134465,4070.319316164656,17.964222959781335,166.0,6.431354667260129,main,
200/200/150/150/100/100/50/50,0.75,30.0,3.0,0.2,64,0,0.2,12.0,gray,greedy+lc,1,20301,789.2976345989492,75.59420689537788,17351.386258327173,19843.558115594315,41.58071030983695,707.0,6.090112187067998,main,
200/200/150/150/100/100/50/50,0.75,30.0,3.0,0.2,64,0,0.2,12.0,gray,greedy+lc,2,20391,373.5328065075841,82.06131878896272,8368.986680026184,8811.534324083425,26.141042616840764,425.0,5.585742492424857,main,
200/200/150/150/100/100/50/50,0.75,30.0,3.0,0.2,64,0,0.2,12.0,gray,greedy+lc,3,20225,409.2402228964782,88.7471758007159,6913.690036688341,7887.85456457223,28.345760197775032,337.0,6.279438973900365,main,
200/200/150/150/100/100/50/50,0.75,30.0,3.0,0.2,64,0,0.2,12.0,gray,greedy+lc,4,20322,300.6084050454695,88.79560878939863,6419.225297782401,7238.417434953503,23.189597480562938,327.0,6.0971553781278445,main,
200/200/150/150/100/100/50/50,0.75,30.0,3.0,0.2,64,0,0.2,12.0,gray,greedy+lc,5,20399,398.5756072907792,76.73755261723159,10676.281730527915,12661.774536270714,25.11328986715035,412.02000000000044,5.635554417197355,main,
200/200/150/150/100/100/50/50,0.75,30.0,3.0,0.2,64,0,0.2,12.0,gray,greedy+lc,6,20378,312.0928589232633,92.7645042163241,5732.422820261195,6162.91570815852,24.53052311316125,308.0,6.46081486572092,main,
200/200/150/150/100/100/50/50,0.75,30.0,3.0,0.2,64,0,0.2,12.0,gray,greedy+lc,7,20142,275.4517132235874,77.4222205735029,7696.507428961762,8271.450102665693,21.18389435011419,373.0,5.7667872795335375,main,
200/200/150/150/100/100/50/50,0.75,30.0,3.0,0.2,64,0,0.2,12.0,gray,greedy+lc,8,20380,149.75701725471808,83.4759851183744,1982.275468702926,3653.532600794728,15.944308145240432,96.20999999999913,6.199165808571157,main,
200/200/150/150/100/100/50/50,0.75,30.0,3.0,0.2,64,0,0.2,12.0,gray,greedy+lc,9,20356,152.45427687832287,81.89650794538127,1667.9046505748875,3999.747295879013,15.930438200039301,102.45000000000073,5.483282412798848,main,
200/200/150/150/100/100/50/50,0.75,30.0,3.0,0.2,64,0,0.2,12.0,gray,jsq,0,20488,418.086668313574,239.05181608546755,2750.7100915922147,3529.9920839340552,40.72115384615385,134.0,22.6075159876812,main,
200/200/150/150/100/100/50/50,0.75,30.0,3.0,0.2,64,0,0.2,12.0,gray,jsq,1,20301,418.05379895899995,216.04765276134685,2803.146020630862,3651.0444625944265,38.66454854440668,136.0,20.226980922858683,main,
200/200/150/150/100/100/50/50,0.75,30.0,3.0,0.2,64,0,0.2,12.0,gray,jsq,2,20391,360.9275515476584,182.06529307134645,2572.298466104656,3588.942026221096,33.94777107547447,130.0,18.66605665905953,main,
200/200/150/150/100/100/50/50,0.75,30.0,3.0,0.2,64,0,0.2,12.0,gray,jsq,3,20225,380.7540062034351,201.24834124322354,2478.396360807026,4153.434111120392,37.05616810877627,131.7599999999984,19.490333060423676,main,
200/200/150/150/100/100/50/50,0.75,30.0,3.0,0.2,64,0,0.2,12.0,gray,jsq,4,20322,451.3622939357917,244.50972195885436,2845.9092879020413,3875.9099941222476,41.755880326739494,143.0,22.041312197625196,main,
200/200/150/150/100/100/50/50,0.75,30.0,3.0,0.2,64,0,0.2,12.0,gray,jsq,5,20399,428.1787765550663,209.72998267179577,3099.075282122804,4186.848777633635,38.870238737193,139.0,20.924695813790223,main,
200/200/150/150/100/100/50/50,0.75,30.0,3.0,0.2,64,0,0.2,12.0,gray,jsq,6,20378,468.05622610247366,234.77895331909139,3008.0153693243205,3973.389711756516,42.83742271076651,139.0,22.154892595481922,main,
200/200/150/150/100/100/50/50,0.75,30.0,3.0,0.2,64,0,0.2,12.0,gray,jsq,7,20142,409.2258920519653,214.39708333486698,2697.123759474791,3394.259382145305,38.3893853639162,134.59000000000015,20.20745757703973,main,
200/200/150/150/100/100/50/50,0.75,30.0,3.0,0.2,64,0,0.2,12.0,gray,jsq,8,20380,418.10474726772037,206.34070340932809,2901.892619102962,4117.108936456462,38.49352306182532,140.0,20.742305240150266,main,
200/200/150/150/100/100/50/50,0.75,30.0,3.0,0.2,64,0,0.2,12.0,gray,jsq,9,20356,451.7335524933214,236.42354888724702,2965.7938676574663,3873.933070833591,40.9382491648654,144.0,21.01611610757643,main,
200/200/150/150/100/100/50/50,0.75,30.0,3.0,0.2,64,0,0.2,12.0,gray,jsq+lc,0,20488,381.1863625283849,186.14248644095,2839.2312897533825,3460.5066281251243,34.69591956267083,133.0,18.113882376439065,main,
200/200/150/150/100/100/50/50,0.75,30.0,3.0,0.2,64,0,0.2,12.0,gray,jsq+lc,1,20301,377.68736523812623,195.81627909570187,2521.0715264640735,3679.587197386711,35.843850056647454,132.0,19.281826983249857,main,
200/200/150/150/100/100/50/50,0.75,30.0,3.0,0.2,64,0,0.2,12.0,gray,jsq+lc,2,20391,354.857520401062,191.8673417534631,2349.047736877281,3296.3334888738855,34.08081996959443,130.0,18.539541963709,main,
200/200/150/150/100/100/50/50,0.75,30.0,3.0,0.2,64,0,0.2,12.0,gray,jsq+lc,3,20225,356.7073957027936,180.84578354248038,2402.024632018062,3695.6934728097144,33.0102348578492,128.0,18.13135183355603,main,
200/200/150/150/100/100/50/50,0.75,30.0,3.0,0.2,64,0,0.2,12.0,gray,jsq+lc,4,20322,357.92154206277553,191.5374455389438,2438.2747232134634,3438.462283692022,34.13512449562051,129.0,18.203415571074196,main,
200/200/150/150/100/100/50/50,0.75,30.0,3.0,0.2,64,0,0.2,12.0,gray,jsq+lc,5,20399,366.025075981176,202.0555045302217,2409.860395006601,3076.6470723375005,35.657042011863325,130.0,19.31092596188892,main,
200/200/150/150/100/100/50/50,0.75,30.0,3.0,0.2,64,0,0.2,12.0,gray,jsq+lc,6,20378,341.5577814854154,189.5882014785597,2497.447062188091,3155.838358057864,33.0850917656296,126.0,17.91846437354265,main,
200/200/150/150/100/100/50/50,0.75,30.0,3.0,0.2,64,0,0.2,12.0,gray,jsq+lc,7,20142,356.83881232950426,174.91577232815914,2574.4044944587167,3501.540068733204,33.26059974183298,131.0,17.548665325206294,main,
200/200/150/150/100/100/50/50,0.75,30.0,3.0,0.2,64,0,0.2,12.0,gray,jsq+lc,8,20380,344.5956089863668,183.9674251115193,2419.664327860999,3682.1591227524623,33.501815505397445,131.0,17.655374317058396,main,
200/200/150/150/100/100/50/50,0.75,30.0,3.0,0.2,64,0,0.2,12.0,gray,jsq+lc,9,20356,370.18605486140666,202.39389664383634,2618.1530543405793,3740.5776590572036,35.670220082530946,131.0,19.201167363540346,main,
200/200/150/150/100/100/50/50,0.75,30.0,3.0,0.2,64,0,0.2,12.0,gray,p2c,0,20488,105.21050786785285,50.819650160791596,632.5427705098155,793.2372563344542,7.721885982038266,27.0,2.4995942456781313,main,
200/200/150/150/100/100/50/50,0.75,30.0,3.0,0.2,64,0,0.2,12.0,gray,p2c,1,20301,103.02006657180128,46.124823199740206,667.0691632020364,885.7636730105305,7.425151470370918,27.0,2.4084459296973244,main,
200/200/150/150/100/100/50/50,0.75,30.0,3.0,0.2,64,0,0.2,12.0,gray,p2c,2,20391,101.26213909971584,45.07395455232199,639.6369136222557,862.7295437121251,7.229954391643372,26.0,2.4601527241028593,main,
200/200/150/150/100/100/50/50,0.75,30.0,3.0,0.2,64,0,0.2,12.0,gray,p2c,3,20225,97.42729046008029,45.669355182937466,599.9429310921989,868.1220777428646,7.082818294190359,26.0,2.331252403174686,main,
200/200/150/150/100/100/50/50,0.75,30.0,3.0,0.2,64,0,0.2,12.0,gray,p2c,4,20322,101.197906615419,48.51790213451501,612.5238065004594,926.3006911734909,7.447642948528688,26.0,2.517700916902958,main,
200/200/150/150/100/100/50/50,0.75,30.0,3.0,0.2,64,0,0.2,12.0,gray,p2c,5,20399,109.50644152404448,47.76137200255803,688.1565001208076,935.1050085616627,7.840335310554439,29.0,2.4148376600924437,main,
200/200/150/150/100/100/50/50,0.75,30.0,3.0,0.2,64,0,0.2,12.0,gray,p2c,6,20378,107.34903498737553,49.35276486064133,706.5624792672673,958.5618802324152,7.752232800078516,27.0,2.517546868966746,main,
200/200/150/150/100/100/50/50,0.75,30.0,3.0,0.2,64,0,0.2,12.0,gray,p2c,7,20142,96.18149962131916,43.14149913828569,625.1438339215217,834.5442726874937,6.884172376129481,25.0,2.392075129603668,main,
200/200/150/150/100/100/50/50,0.75,30.0,3.0,0.2,64,0,0.2,12.0,gray,p2c,8,20380,103.12987762502111,49.925944974062105,649.4035850064998,867.7341430208672,7.586653581943081,26.0,2.377295808285041,main,
200/200/150/150/100/100/50/50,0.75,30.0,3.0,0.2,64,0,0.2,12.0,gray,p2c,9,20356,108.72356703956277,51.834128463284834,662.5904205463462,1151.251599593295,7.938986048339556,28.0,2.544894186270394,main,
200/200/150/150/100/100/50/50,0.75,30.0,3.0,0.2,64,0,0.2,12.0,gray,p2c_learned,0,20488,81.25460183819077,40.826600639441324,699.8094553148818,2417.045913841462,6.433375634517766,29.0,1.9011661883944546,main,
200/200/150/150/100/100/50/50,0.75,30.0,3.0,0.2,64,0,0.2,12.0,gray,p2c_learned,1,20301,63.543520788424374,35.41779344970308,462.0386176324978,1293.067670761598,5.356140091621103,23.0,1.911881121588675,main,
200/200/150/150/100/100/50/50,0.75,30.0,3.0,0.2,64,0,0.2,12.0,gray,p2c_learned,2,20391,61.09248866483177,33.42221967488612,539.3589746129356,1512.3111852380578,5.136874111127458,23.0,1.9113612491803975,main,
200/200/150/150/100/100/50/50,0.75,30.0,3.0,0.2,64,0,0.2,12.0,gray,p2c_learned,3,20225,61.85260040071419,33.76095387640987,497.9860330405294,1054.5094059520457,5.202323856613103,25.0,1.9012795241609637,main,
200/200/150/150/100/100/50/50,0.75,30.0,3.0,0.2,64,0,0.2,12.0,gray,p2c_learned,4,20322,60.35366551446172,35.09942870788008,424.8121052807982,1133.2755291049125,5.216710953646294,22.0,1.8793548279554382,main,
200/200/150/150/100/100/50/50,0.75,30.0,3.0,0.2,64,0,0.2,12.0,gray,p2c_learned,5,20399,71.66084466141676,36.77337596316477,848.9443837113178,1599.2885995308309,5.8879356831217216,31.0,1.9030534950630351,main,
200/200/150/150/100/100/50/50,0.75,30.0,3.0,0.2,64,0,0.2,12.0,gray,p2c_learned,6,20378,66.82649143449373,36.117731344371684,576.7930390907405,1494.5473655459634,5.666895671802925,29.0,1.9171417184594426,main,
200/200/150/150/100/100/50/50,0.75,30.0,3.0,0.2,64,0,0.2,12.0,gray,p2c_learned,7,20142,65.04361111287457,32.5036772026035,616.4877802142514,2211.118338612413,5.225896137424288,25.0,1.8798396951531502,main,
200/200/150/150/100/100/50/50,0.75,30.0,3.0,0.2,64,0,0.2,12.0,gray,p2c_learned,8,20380,69.9487818933596,36.638270463426714,532.1615600831924,1660.4446123245996,5.89828263002944,26.0,1.851445838664894,main,
200/200/150/150/100/100/50/50,0.75,30.0,3.0,0.2,64,0,0.2,12.0,gray,p2c_learned,9,20356,60.198957566569604,36.16257410874147,412.5030187766994,752.7253602745228,5.28895657300059,21.0,1.871791401095824,main,
200/200/150/150/100/100/50/50,0.75,30.0,3.0,0.2,64,0,0.2,12.0,gray,sed,0,20488,519.5901720494213,389.12223055437954,2836.6846034243945,3994.144259970901,57.68591370558376,142.0,29.87146911112889,main,
200/200/150/150/100/100/50/50,0.75,30.0,3.0,0.2,64,0,0.2,12.0,gray,sed,1,20301,536.7757669254909,386.78408603968785,2964.1446503399075,4128.843854141255,57.20668932564898,138.0,30.84396662643655,main,
200/200/150/150/100/100/50/50,0.75,30.0,3.0,0.2,64,0,0.2,12.0,gray,sed,2,20391,509.8489500984959,351.54253707151463,3065.1847589948134,4218.720234193606,54.12167132558481,136.0,29.659801721450627,main,
200/200/150/150/100/100/50/50,0.75,30.0,3.0,0.2,64,0,0.2,12.0,gray,sed,3,20225,516.2471346741613,365.88283058234515,2835.7910493383756,3803.3993469435527,55.52805933250927,136.0,29.904554538022964,main,
200/200/150/150/100/100/50/50,0.75,30.0,3.0,0.2,64,0,0.2,12.0,gray,sed,4,20322,542.2562173863081,401.3461745579043,3031.2822715813872,4141.025067567643,58.309221533313654,141.0,30.19483433076295,main,
200/200/150/150/100/100/50/50,0.75,30.0,3.0,0.2,64,0,0.2,12.0,gray,sed,5,20399,577.4603927201968,421.83900967168864,3160.4981078118817,4465.666243034567,61.76170400509829,147.0,31.94690566202292,main,
200/200/150/150/100/100/50/50,0.75,30.0,3.0,0.2,64,0,0.2,12.0,gray,sed,6,20378,531.3152201887536,390.4613056093189,2803.6205601916486,3632.474384944632,58.62876631661596,141.0,31.125639059595684,main,
200/200/150/150/100/100/50/50,0.75,30.0,3.0,0.2,64,0,0.2,12.0,gray,sed,7,20142,520.604642786558,363.8592417506454,2876.317099132676,4156.956778321876,54.32886505808758,136.0,29.33134596548393,main,
200/200/150/150/100/100/50/50,0.75,30.0,3.0,0.2,64,0,0.2,12.0,gray,sed,8,20380,515.1320445368733,374.347389924508,2849.010160795092,4151.04104532385,57.06143277723258,141.0,30.10371919445503,main,
200/200/150/150/100/100/50/50,0.75,30.0,3.0,0.2,64,0,0.2,12.0,gray,sed,9,20356,505.65363929037346,358.48121081517274,2954.2973114198617,3977.7444537578212,53.86559245431322,141.0,28.876745828577977,main,
200/200/150/150/100/100/50/50,0.75,30.0,3.0,0.2,64,0,0.2,12.0,gray,ts,0,20488,169.88155350088815,99.80591912971803,842.5774151944202,6418.388030364864,19.13407848496681,91.0,6.5477138184503065,main,
200/200/150/150/100/100/50/50,0.75,30.0,3.0,0.2,64,0,0.2,12.0,gray,ts,1,20301,195.28707730724156,109.40648211935056,1346.1433010784826,6660.653624301128,21.95586424314073,142.0,7.963689873187657,main,
200/200/150/150/100/100/50/50,0.75,30.0,3.0,0.2,64,0,0.2,12.0,gray,ts,2,20391,315.98995883271556,95.41209790327265,7423.456159859292,9310.806517225932,24.257123240645384,325.09999999999854,6.5902027495169895,main,
200/200/150/150/100/100/50/50,0.75,30.0,3.0,0.2,64,0,0.2,12.0,gray,ts,3,20225,232.47313481140938,93.16550306927863,3704.699482320805,5069.956442577509,26.955006180469717,362.0,7.073891461141355,main,
200/200/150/150/100/100/50/50,0.75,30.0,3.0,0.2,64,0,0.2,12.0,gray,ts,4,20322,335.7855108354089,99.18301011833996,8294.362908295574,10274.633305297672,25.827182363940558,348.0,7.25637136986283,main,
200/200/150/150/100/100/50/50,0.75,30.0,3.0,0.2,64,0,0.2,12.0,gray,ts,5,20399,164.13025832015072,97.80339455716103,1312.6374467429923,5848.188346002178,19.24457081229472,104.0,7.236292232651971,main,
200/200/150/150/100/100/50/50,0.75,30.0,3.0,0.2,64,0,0.2,12.0,gray,ts,6,20378,153.7656483772861,87.00916970629802,1598.6654505191614,2459.709799796689,17.2207773088625,107.0,6.537542491927905,main,
200/200/150/150/100/100/50/50,0.75,30.0,3.0,0.2,64,0,0.2,12.0,gray,ts,7,20142,220.72629022948018,87.16114958039256,4286.2318178188725,9343.702604998862,18.507596067917785,159.59000000000015,6.5360046615115035,main,
200/200/150/150/100/100/50/50,0.75,30.0,3.0,0.2,64,0,0.2,12.0,gray,ts,8,20380,126.34598930014926,81.33899557128555,809.0763006868813,3357.714633939499,14.989057899901864,67.0,6.292092162542148,main,
200/200/150/150/100/100/50/50,0.75,30.0,3.0,0.2,64,0,0.2,12.0,gray,ts,9,20356,158.12537059567845,92.05867324645124,1130.4611770094173,5952.6890832794,17.90730005895068,98.0,6.384072454117549,main,
200/200/150/150/100/100/50/50,0.75,30.0,3.0,0.2,64,0,0.2,12.0,gray,ts+lc,0,20488,148.46870525001066,90.62399399001642,962.0426779068947,5561.3780184522,16.884322530261617,74.0,6.598758285962088,main,
200/200/150/150/100/100/50/50,0.75,30.0,3.0,0.2,64,0,0.2,12.0,gray,ts+lc,1,20301,529.88278089501,87.56055382812455,12954.07717263851,15668.653072316078,32.09866509038964,541.0,6.433781590140501,main,
200/200/150/150/100/100/50/50,0.75,30.0,3.0,0.2,64,0,0.2,12.0,gray,ts+lc,2,20391,171.5958709340011,83.7640448091932,2238.5808494405865,7339.370241241785,17.801137756853514,93.0,6.719051574814481,main,
200/200/150/150/100/100/50/50,0.75,30.0,3.0,0.2,64,0,0.2,12.0,gray,ts+lc,3,20225,128.3398030924379,78.55398238159061,704.6021014503534,5475.639747739475,15.018442521631645,64.0,6.400581186169209,main,
200/200/150/150/100/100/50/50,0.75,30.0,3.0,0.2,64,0,0.2,12.0,gray,ts+lc,4,20322,131.0685440949037,80.6780492472341,1092.5270837623884,2247.5131104168827,14.714791851195749,65.0,6.588750969972298,main,
200/200/150/150/100/100/50/50,0.75,30.0,3.0,0.2,64,0,0.2,12.0,gray,ts+lc,5,20399,340.2597118406096,88.80019803229544,8208.21894046626,10180.95793493756,24.46972890827982,344.0,5.919139915048332,main,
200/200/150/150/100/100/50/50,0.75,30.0,3.0,0.2,64,0,0.2,12.0,gray,ts+lc,6,20378,133.87011455227315,82.63686370277412,813.0636083365895,5569.491749978668,15.78962606732751,89.22999999999956,6.266789838274319,main,
200/200/150/150/100/100/50/50,0.75,30.0,3.0,0.2,64,0,0.2,12.0,gray,ts+lc,7,20142,133.05561428512735,76.04836650293035,709.0707321169318,8028.974234002266,15.41331546023235,76.0,6.081031096444574,main,
200/200/150/150/100/100/50/50,0.75,30.0,3.0,0.2,64,0,0.2,12.0,gray,ts+lc,8,20380,121.75561676255569,79.57165585096936,635.2987720170244,2114.2279096606644,14.64568204121688,65.0,6.218296785532219,main,
200/200/150/150/100/100/50/50,0.75,30.0,3.0,0.2,64,0,0.2,12.0,gray,ts+lc,9,20356,172.10253297239478,81.58427710772109,2618.249725734198,5291.382636341931,17.13853409314207,127.0,6.271616540421147,main,
200/200/150/150/100/100/50/50,0.75,30.0,3.0,0.2,64,0,0.2,12.0,gray,ts_epoch,0,20488,129.9777469143664,51.83494793416088,3579.938268860612,5779.927304462145,10.874951190941038,188.13000000000102,2.6556328044445454,main,
200/200/150/150/100/100/50/50,0.75,30.0,3.0,0.2,64,0,0.2,12.0,gray,ts_epoch,1,20301,139.7782341742488,41.89589840842167,3581.7354486298223,7418.2933503982995,9.749519728092212,157.0,2.380917589793553,main,
200/200/150/150/100/100/50/50,0.75,30.0,3.0,0.2,64,0,0.2,12.0,gray,ts_epoch,2,20391,165.55315082770784,45.45309575974876,5183.43441524611,8453.789512996489,12.097101662498162,239.09999999999854,2.50104945618068,main,
200/200/150/150/100/100/50/50,0.75,30.0,3.0,0.2,64,0,0.2,12.0,gray,ts_epoch,3,20225,175.2862338736445,45.63218972198868,7182.427849700645,8915.794587316297,12.692855377008653,355.7599999999984,2.61548729711655,main,
200/200/150/150/100/100/50/50,0.75,30.0,3.0,0.2,64,0,0.2,12.0,gray,ts_epoch,4,20322,160.21309485645196,46.34359542662203,5647.539595105164,6045.017475868336,11.519781517567168,273.0,2.518058183071983,main,
200/200/150/150/100/100/50/50,0.75,30.0,3.0,0.2,64,0,0.2,12.0,gray,ts_epoch,5,20399,134.12784258874902,46.337074226823205,1098.705480515296,7629.602971446759,10.559635276239032,48.0,2.57854452606467,main,
200/200/150/150/100/100/50/50,0.75,30.0,3.0,0.2,64,0,0.2,12.0,gray,ts_epoch,6,20378,583.4176114878865,44.97244205632889,15020.301982788684,17326.75181120523,28.904946510943173,623.0,2.789681998695105,main,
200/200/150/150/100/100/50/50,0.75,30.0,3.0,0.2,64,0,0.2,12.0,gray,ts_epoch,7,20142,201.732806550916,47.02676851957488,7196.503762359475,9270.13059437789,14.127891967034058,364.59000000000015,2.506326719594841,main,
200/200/150/150/100/100/50/50,0.75,30.0,3.0,0.2,64,0,0.2,12.0,gray,ts_epoch,8,20380,207.36655507980433,49.18259114116985,6820.385918805571,7614.560286929156,13.695632973503434,320.0,2.5000798395217285,main,
200/200/150/150/100/100/50/50,0.75,30.0,3.0,0.2,64,0,0.2,12.0,gray,ts_epoch,9,20356,158.16059877309178,48.94636141469366,1646.3073809329994,8561.381222054384,11.887109451758695,61.45000000000073,2.9214367244026542,main,
200/200/150/150/100/100/50/50,0.75,30.0,3.0,0.2,64,0,0.2,12.0,gray,wrandom,0,20488,3481.529967190096,28.355727149080412,45766.1554304705,49311.85506277466,140.5981062085123,1907.0,0.9874275450902583,main,
200/200/150/150/100/100/50/50,0.75,30.0,3.0,0.2,64,0,0.2,12.0,gray,wrandom,1,20301,3239.158627240467,26.612244493326997,45589.351464401065,48686.867611853646,131.42653071277277,1774.0,1.0186083965666266,main,
200/200/150/150/100/100/50/50,0.75,30.0,3.0,0.2,64,0,0.2,12.0,gray,wrandom,2,20391,3124.0661181236396,26.95443027148503,43204.260538333045,46379.15214314959,131.1408954931097,1793.0999999999985,0.9993396154612673,main,
200/200/150/150/100/100/50/50,0.75,30.0,3.0,0.2,64,0,0.2,12.0,gray,wrandom,3,20225,3210.035177934113,27.39567070253912,44069.02670191304,47154.02829293092,134.11550061804698,1810.7599999999984,0.98716431972123,main,
200/200/150/150/100/100/50/50,0.75,30.0,3.0,0.2,64,0,0.2,12.0,gray,wrandom,4,20322,3343.9882337952695,26.023885346851294,44925.29701115955,48251.56327363311,135.80124987698062,1848.7900000000009,0.9906306189467335,main,
200/200/150/150/100/100/50/50,0.75,30.0,3.0,0.2,64,0,0.2,12.0,gray,wrandom,5,20399,3316.426118857529,26.56781848099854,46537.94921532329,49961.71637276378,133.1680964753174,1812.0200000000004,0.9827811427171849,main,
200/200/150/150/100/100/50/50,0.75,30.0,3.0,0.2,64,0,0.2,12.0,gray,wrandom,6,20378,3302.4723815026928,27.79486856463098,45098.32358974899,48148.565487167,135.43797232309353,1841.2299999999996,1.0329416275460885,main,
200/200/150/150/100/100/50/50,0.75,30.0,3.0,0.2,64,0,0.2,12.0,gray,wrandom,7,20142,3351.281541056419,25.976095164321087,46061.680863886475,49149.75683023828,135.5233839737861,1846.5900000000001,0.9981287280370281,main,
200/200/150/150/100/100/50/50,0.75,30.0,3.0,0.2,64,0,0.2,12.0,gray,wrandom,8,20380,3434.038546547769,25.998701387717205,47446.360008171876,51635.72692418266,140.08640824337587,1881.2099999999991,1.001057552574705,main,
200/200/150/150/100/100/50/50,0.75,30.0,3.0,0.2,64,0,0.2,12.0,gray,wrandom,9,20356,3363.4812270430557,27.111485672675073,47068.84805615532,50584.75314914389,134.730693652977,1823.4500000000007,1.0066515915176892,main,
200/200/150/150/100/100/50/50,0.9,30.0,3.0,0.0,1,,0.2,12.0,steady,greedy,0,24557,21.043050652687604,16.357557236904796,85.39342196241661,122.09453935218504,2.196359490165737,11.0,0.9713141393630607,main,
200/200/150/150/100/100/50/50,0.9,30.0,3.0,0.0,1,,0.2,12.0,steady,greedy,1,24312,18.083204127075064,13.920140638671974,71.55891367163407,108.46879327839098,1.7848798947022047,8.0,0.9944754320708697,main,
200/200/150/150/100/100/50/50,0.9,30.0,3.0,0.0,1,,0.2,12.0,steady,greedy,2,24431,19.248576444577775,14.821006120055102,76.79964337105743,112.41559527375117,1.9263640456796693,9.0,0.963566050010255,main,
200/200/150/150/100/100/50/50,0.9,30.0,3.0,0.0,1,,0.2,12.0,steady,greedy,3,24221,18.1825428623156,14.242697374686308,70.31840731957821,104.02390927512266,1.7894802031295156,8.0,0.9663905456693642,main,
200/200/150/150/100/100/50/50,0.9,30.0,3.0,0.0,1,,0.2,12.0,steady,greedy,4,24358,20.770968400689238,16.488644836979205,77.99582607035835,109.8643864842516,2.1741522292470647,9.0,0.991902449457196,main,
200/200/150/150/100/100/50/50,0.9,30.0,3.0,0.0,1,,0.2,12.0,steady,greedy,5,24518,19.824891797937436,16.36287545492987,69.43498858264404,95.9887940176575,2.088955053430133,8.0,1.0238182395881805,main,
200/200/150/150/100/100/50/50,0.9,30.0,3.0,0.0,1,,0.2,12.0,steady,greedy,6,24384,19.426290248912633,15.620189288781283,74.46040952337293,115.24834325118613,1.988394028871391,8.0,0.9889577191760858,main,
200/200/150/150/100/100/50/50,0.9,30.0,3.0,0.0,1,,0.2,12.0,steady,greedy,7,24123,17.40101697905483,13.632389144671464,66.0712548075753,97.54890988984319,1.6939849935745968,7.0,0.9962824239723325,main,
200/200/150/150/100/100/50/50,0.9,30.0,3.0,0.0,1,,0.2,12.0,steady,greedy,8,24435,18.838801074125502,14.919160576187807,72.78081688666389,110.08527351246028,1.9146715776550032,8.0,0.9488812072487366,main,
200/200/150/150/100/100/50/50,0.9,30.0,3.0,0.0,1,,0.2,12.0,steady,greedy,9,24387,18.811004761917577,14.838502040603885,74.78160719858857,100.35344319270548,1.8805511132980686,9.0,0.9737340751441568,main,
200/200/150/150/100/100/50/50,0.9,30.0,3.0,0.0,1,,0.2,12.0,steady,greedy+lc,0,24557,21.043050652687604,16.357557236904796,85.39342196241661,122.09453935218504,2.196359490165737,11.0,0.9713141393630607,main,
200/200/150/150/100/100/50/50,0.9,30.0,3.0,0.0,1,,0.2,12.0,steady,greedy+lc,1,24312,18.083204127075064,13.920140638671974,71.55891367163407,108.46879327839098,1.7848798947022047,8.0,0.9944754320708697,main,
200/200/150/150/100/100/50/50,0.9,30.0,3.0,0.0,1,,0.2,12.0,steady,greedy+lc,2,24431,19.248576444577775,14.821006120055102,76.79964337105743,112.41559527375117,1.9263640456796693,9.0,0.963566050010255,main,
200/200/150/150/100/100/50/50,0.9,30.0,3.0,0.0,1,,0.2,12.0,steady,greedy+lc,3,24221,18.1825428623156,14.242697374686308,70.31840731957821,104.02390927512266,1.7894802031295156,8.0,0.9663905456693642,main,
200/200/150/150/100/100/50/50,0.9,30.0,3.0,0.0,1,,0.2,12.0,steady,greedy+lc,4,24358,20.770968400689238,16.488644836979205,77.99582607035835,109.8643864842516,2.1741522292470647,9.0,0.991902449457196,main,
200/200/150/150/100/100/50/50,0.9,30.0,3.0,0.0,1,,0.2,12.0,steady,greedy+lc,5,24518,19.824891797937436,16.36287545492987,69.43498858264404,95.9887940176575,2.088955053430133,8.0,1.0238182395881805,main,
200/200/150/150/100/100/50/50,0.9,30.0,3.0,0.0,1,,0.2,12.0,steady,greedy+lc,6,24384,19.426290248912633,15.620189288781283,74.46040952337293,115.24834325118613,1.988394028871391,8.0,0.9889577191760858,main,
200/200/150/150/100/100/50/50,0.9,30.0,3.0,0.0,1,,0.2,12.0,steady,greedy+lc,7,24123,17.40101697905483,13.632389144671464,66.0712548075753,97.54890988984319,1.6939849935745968,7.0,0.9962824239723325,main,
200/200/150/150/100/100/50/50,0.9,30.0,3.0,0.0,1,,0.2,12.0,steady,greedy+lc,8,24435,18.838801074125502,14.919160576187807,72.78081688666389,110.08527351246028,1.9146715776550032,8.0,0.9488812072487366,main,
200/200/150/150/100/100/50/50,0.9,30.0,3.0,0.0,1,,0.2,12.0,steady,greedy+lc,9,24387,18.811004761917577,14.838502040603885,74.78160719858857,100.35344319270548,1.8805511132980686,9.0,0.9737340751441568,main,
200/200/150/150/100/100/50/50,0.9,30.0,3.0,0.0,1,,0.2,12.0,steady,jsq,0,24557,20.809296450159245,13.1312866955966,122.55359791619742,201.15718222441956,1.478641527873926,7.0,0.8688053039692104,main,
200/200/150/150/100/100/50/50,0.9,30.0,3.0,0.0,1,,0.2,12.0,steady,jsq,1,24312,18.343798435319627,11.655566212040114,109.74106753092585,201.28945979758703,1.1727953274103324,5.0,0.8420383675966021,main,
200/200/150/150/100/100/50/50,0.9,30.0,3.0,0.0,1,,0.2,12.0,steady,jsq,2,24431,19.541866296540412,12.290036482704103,119.41349372559772,193.77356119597667,1.34529900536204,6.0,0.8884749689356399,main,
200/200/150/150/100/100/50/50,0.9,30.0,3.0,0.0,1,,0.2,12.0,steady,jsq,3,24221,18.012247398438305,11.449785268796475,106.6524073972388,179.46608053768713,1.145493579951282,5.0,0.8339105122668844,main,
200/200/150/150/100/100/50/50,0.9,30.0,3.0,0.0,1,,0.2,12.0,steady,jsq,4,24358,19.922043332740763,12.575445300258892,120.48458986523968,218.01872535353246,1.3481402413991297,6.0,0.8417227768385146,main,
200/200/150/150/100/100/50/50,0.9,30.0,3.0,0.0,1,,0.2,12.0,steady,jsq,5,24518,18.577137805440522,12.125633952307702,106.56889017168209,180.56926527025007,1.2310547352965169,5.0,0.8756247388393378,main,
200/200/150/150/100/100/50/50,0.9,30.0,3.0,0.0,1,,0.2,12.0,steady,jsq,6,24384,19.14483762149325,12.45528159903131,110.79347297642425,207.04203060388292,1.267347440944882,5.0,0.8633266636837617,main,
200/200/150/150/100/100/50/50,0.9,30.0,3.0,0.0,1,,0.2,12.0,steady,jsq,7,24123,17.48356111188897,11.110957973411217,100.80366700003826,168.85545518367212,1.096463955561083,5.0,0.8602692966298393,main,
200/200/150/150/100/100/50/50,0.9,30.0,3.0,0.0,1,,0.2,12.0,steady,jsq,8,24435,18.368824118825987,11.54987670478036,109.33956784528866,189.0036361976131,1.18792715367301,5.0,0.8350872565803575,main,
200/200/150/150/100/100/50/50,0.9,30.0,3.0,0.0,1,,0.2,12.0,steady,jsq,9,24387,18.92944383636642,12.22917885785435,110.34564604178628,186.1945859436577,1.2597695493500636,6.0,0.8582553346646686,main,
200/200/150/150/100/100/50/50,0.9,30.0,3.0,0.0,1,,0.2,12.0,steady,jsq+lc,0,24557,20.809296450159245,13.1312866955966,122.55359791619742,201.15718222441956,1.478641527873926,7.0,0.8688053039692104,main,
200/200/150/150/100/100/50/50,0.9,30.0,3.0,0.0,1,,0.2,12.0,steady,jsq+lc,1,24312,18.343798435319627,11.655566212040114,109.74106753092585,201.28945979758703,1.1727953274103324,5.0,0.8420383675966021,main,
200/200/150/150/100/100/50/50,0.9,30.0,3.0,0.0,1,,0.2,12.0,steady,jsq+lc,2,24431,19.541866296540412,12.290036482704103,119.41349372559772,193.77356119597667,1.34529900536204,6.0,0.8884749689356399,main,
200/200/150/150/100/100/50/50,0.9,30.0,3.0,0.0,1,,0.2,12.0,steady,jsq+lc,3,24221,18.012247398438305,11.449785268796475,106.6524073972388,179.46608053768713,1.145493579951282,5.0,0.8339105122668844,main,
200/200/150/150/100/100/50/50,0.9,30.0,3.0,0.0,1,,0.2,12.0,steady,jsq+lc,4,24358,19.922043332740763,12.575445300258892,120.48458986523968,218.01872535353246,1.3481402413991297,6.0,0.8417227768385146,main,
200/200/150/150/100/100/50/50,0.9,30.0,3.0,0.0,1,,0.2,12.0,steady,jsq+lc,5,24518,18.577137805440522,12.125633952307702,106.56889017168209,180.56926527025007,1.2310547352965169,5.0,0.8756247388393378,main,
200/200/150/150/100/100/50/50,0.9,30.0,3.0,0.0,1,,0.2,12.0,steady,jsq+lc,6,24384,19.14483762149325,12.45528159903131,110.79347297642425,207.04203060388292,1.267347440944882,5.0,0.8633266636837617,main,
200/200/150/150/100/100/50/50,0.9,30.0,3.0,0.0,1,,0.2,12.0,steady,jsq+lc,7,24123,17.48356111188897,11.110957973411217,100.80366700003826,168.85545518367212,1.096463955561083,5.0,0.8602692966298393,main,
200/200/150/150/100/100/50/50,0.9,30.0,3.0,0.0,1,,0.2,12.0,steady,jsq+lc,8,24435,18.368824118825987,11.54987670478036,109.33956784528866,189.0036361976131,1.18792715367301,5.0,0.8350872565803575,main,
200/200/150/150/100/100/50/50,0.9,30.0,3.0,0.0,1,,0.2,12.0,steady,jsq+lc,9,24387,18.92944383636642,12.22917885785435,110.34564604178628,186.1945859436577,1.2597695493500636,6.0,0.8582553346646686,main,
200/200/150/150/100/100/50/50,0.9,30.0,3.0,0.0,1,,0.2,12.0,steady,p2c,0,24557,42.92539101982685,26.652687778252027,248.88869398141512,393.1659838437474,3.6699108197255366,13.0,0.8659387767934779,main,
200/200/150/150/100/100/50/50,0.9,30.0,3.0,0.0,1,,0.2,12.0,steady,p2c,1,24312,36.447992125781724,23.223994315003438,201.7292055536148,309.3297606651376,2.9897992760776573,9.0,0.8834529969924472,main,
200/200/150/150/100/100/50/50,0.9,30.0,3.0,0.0,1,,0.2,12.0,steady,p2c,2,24431,38.65253968101574,24.11682268009585,227.75034491011655,333.4130726027029,3.226351766198682,10.0,0.8484746225637556,main,
200/200/150/150/100/100/50/50,0.9,30.0,3.0,0.0,1,,0.2,12.0,steady,p2c,3,24221,35.15929359663197,21.907844892306017,201.14512461128413,319.91119799613256,2.820816646711531,9.0,0.8337805246628942,main,
200/200/150/150/100/100/50/50,0.9,30.0,3.0,0.0,1,,0.2,12.0,steady,p2c,4,24358,41.179507308357344,27.060030806219437,231.24535012773512,342.3956971226796,3.4766811725100584,10.0,0.8464461687982745,main,
200/200/150/150/100/100/50/50,0.9,30.0,3.0,0.0,1,,0.2,12.0,steady,p2c,5,24518,37.898984950565115,24.651205306290613,209.16906365955808,317.66773090276735,3.18186638388123,9.0,0.8563248487110838,main,
200/200/150/150/100/100/50/50,0.9,30.0,3.0,0.0,1,,0.2,12.0,steady,p2c,6,24384,38.905463683485486,25.04465108568077,217.0873509914085,287.0052223950101,3.205216535433071,9.0,0.8806463869015659,main,
200/200/150/150/100/100/50/50,0.9,30.0,3.0,0.0,1,,0.2,12.0,steady,p2c,7,24123,33.93744401131762,21.816693372058715,191.89256275723932,272.69285715600324,2.746383119844132,8.0,0.8284068507627284,main,
200/200/150/150/100/100/50/50,0.9,30.0,3.0,0.0,1,,0.2,12.0,steady,p2c,8,24435,36.863107999739924,23.006883291393443,216.9458096078295,335.17900009327707,3.015387763454062,9.0,0.8337479058425217,main,
200/200/150/150/100/100/50/50,0.9,30.0,3.0,0.0,1,,0.2,12.0,steady,p2c,9,24387,38.50725012677687,24.88688529467531,223.04090632591132,345.7290523854411,3.2315577971870257,10.0,0.8393634612122526,main,
200/200/150/150/100/100/50/50,0.9,30.0,3.0,0.0,1,,0.2,12.0,steady,p2c_learned,0,24557,30.978198357335188,24.160871161630126,123.23404271246477,172.19767100723294,3.231380054566926,13.0,0.882608114544311,main,
200/200/150/150/100/100/50/50,0.9,30.0,3.0,0.0,1,,0.2,12.0,steady,p2c_learned,1,24312,27.794113184516146,21.427317301652593,112.34341203639507,166.58181488464788,2.8214050674564,11.0,0.8575113308285451,main,
200/200/150/150/100/100/50/50,0.9,30.0,3.0,0.0,1,,0.2,12.0,steady,p2c_learned,2,24431,28.77982915765369,22.65497161189689,113.22013305204243,195.6077268119229,2.9687282550857517,11.0,0.8469417028305779,main,
200/200/150/150/100/100/50/50,0.9,30.0,3.0,0.0,1,,0.2,12.0,steady,p2c_learned,3,24221,26.89019402266832,21.432080873566406,100.8450728106197,140.6352535732054,2.6781718343586145,9.0,0.8484941731552085,main,
200/200/150/150/100/100/50/50,0.9,30.0,3.0,0.0,1,,0.2,12.0,steady,p2c_learned,4,24358,29.973360493125863,24.18282939894212,113.19439468725285,176.3493836092785,3.06392150422859,11.0,0.8716797582835464,main,
200/200/150/150/100/100/50/50,0.9,30.0,3.0,0.0,1,,0.2,12.0,steady,p2c_learned,5,24518,28.562366965798773,23.276614226713566,107.24756383120587,155.46975855549343,2.954931071049841,10.0,0.8567481615602882,main,
200/200/150/150/100/100/50/50,0.9,30.0,3.0,0.0,1,,0.2,12.0,steady,p2c_learned,6,24384,29.74325617364961,23.631086538314918,115.54257263695294,175.60678149858688,3.01755249343832,11.0,0.8864334531100583,main,
200/200/150/150/100/100/50/50,0.9,30.0,3.0,0.0,1,,0.2,12.0,steady,p2c_learned,7,24123,26.58931400902233,20.732102668837626,107.01315501727265,154.4928442430309,2.6140198151142062,10.0,0.8325861023469482,main,
200/200/150/150/100/100/50/50,0.9,30.0,3.0,0.0,1,,0.2,12.0,steady,p2c_learned,8,24435,27.34659345218127,21.776223973180464,109.91464365238623,154.79784729297648,2.7741763863310824,10.0,0.8308467456320314,main,
200/200/150/150/100/100/50/50,0.9,30.0,3.0,0.0,1,,0.2,12.0,steady,p2c_learned,9,24387,28.789814486668327,23.242871053454905,109.40312370847563,160.98530924128121,2.9365645630868906,11.0,0.8808270532948368,main,
200/200/150/150/100/100/50/50,0.9,30.0,3.0,0.0,1,,0.2,12.0,steady,sed,0,24557,20.514481424139504,15.801812702280316,83.58285266263927,116.02178217393701,2.1137353911308385,11.0,0.9085846407028693,main,
200/200/150/150/100/100/50/50,0.9,30.0,3.0,0.0,1,,0.2,12.0,steady,sed,1,24312,18.05089401215228,14.067690650995779,70.5590547053298,107.32703975879498,1.7751316222441593,8.0,0.9156896994371367,main,
200/200/150/150/100/100/50/50,0.9,30.0,3.0,0.0,1,,0.2,12.0,steady,sed,2,24431,19.335857513814634,14.866369592528628,76.55745353063675,110.28471003613119,1.9909950472760019,9.0,0.9127798555891877,main,
200/200/150/150/100/100/50/50,0.9,30.0,3.0,0.0,1,,0.2,12.0,steady,sed,3,24221,17.696485484704674,13.860430445665983,69.90045289249166,95.70885585810944,1.7277981916518723,8.0,0.9119266449677044,main,
200/200/150/150/100/100/50/50,0.9,30.0,3.0,0.0,1,,0.2,12.0,steady,sed,4,24358,19.56185897193582,15.235929501287604,75.75290715090316,112.82831929974627,1.9653091386813368,9.0,0.9094840742844603,main,
200/200/150/150/100/100/50/50,0.9,30.0,3.0,0.0,1,,0.2,12.0,steady,sed,5,24518,18.42215571409855,14.936719904465434,65.53246241214094,102.76159916281925,1.840606901052288,7.0,0.9056166470292563,main,
200/200/150/150/100/100/50/50,0.9,30.0,3.0,0.0,1,,0.2,12.0,steady,sed,6,24384,18.78511261119449,14.939030655327201,70.67286570628731,99.9069765026149,1.8610154199475066,8.0,0.9623216632469436,main,
200/200/150/150/100/100/50/50,0.9,30.0,3.0,0.0,1,,0.2,12.0,steady,sed,7,24123,17.141202596175212,13.306787598209802,64.49629277581987,96.56164439788503,1.6373585374953363,7.0,0.9165820901116868,main,
200/200/150/150/100/100/50/50,0.9,30.0,3.0,0.0,1,,0.2,12.0,steady,sed,8,24435,18.003764681074717,14.189650764031114,71.1283563092712,109.33247525333802,1.7587476979742174,8.0,0.8840043952966675,main,
200/200/150/150/100/100/50/50,0.9,30.0,3.0,0.0,1,,0.2,12.0,steady,sed,9,24387,18.452641311848094,14.419471894555613,73.52081287908369,111.05427770186806,1.8367162832656743,9.0,0.9141973544396415,main,
200/200/150/150/100/100/50/50,0.9,30.0,3.0,0.0,1,,0.2,12.0,steady,ts,0,24557,21.706609927724614,17.248558086695454,89.11280177049696,145.7959509015172,2.2864763611190293,11.0,0.9685756250006727,main,
200/200/150/150/100/100/50/50,0.9,30.0,3.0,0.0,1,,0.2,12.0,steady,ts,1,24312,18.723142955998945,14.559462350209884,73.24325377195689,109.40933468314438,1.8691592629154328,8.0,0.9982950418962004,main,
200/200/150/150/100/100/50/50,0.9,30.0,3.0,0.0,1,,0.2,12.0,steady,ts,2,24431,19.49403862862249,15.001385165508196,76.87060049728622,115.67534379965143,2.0427325938357006,10.0,0.9852722682315103,main,
200/200/150/150/100/100/50/50,0.9,30.0,3.0,0.0,1,,0.2,12.0,steady,ts,3,24221,18.11418091453548,14.274925222711232,70.9161065083638,102.64996269072383,1.7814706246645473,7.0,0.9838700464653782,main,
200/200/150/150/100/100/50/50,0.9,30.0,3.0,0.0,1,,0.2,12.0,steady,ts,4,24358,20.809702779657236,16.162800006883415,80.10592612133819,119.9150277813348,2.217218162410707,10.0,0.9746675193619911,main,
200/200/150/150/100/100/50/50,0.9,30.0,3.0,0.0,1,,0.2,12.0,steady,ts,5,24518,18.431449573779506,14.864445908016277,67.42540907737644,96.60962751565694,1.8462762052369688,7.0,0.9814375201429841,main,
200/200/150/150/100/100/50/50,0.9,30.0,3.0,0.0,1,,0.2,12.0,steady,ts,6,24384,22.4260526072275,17.33278160273244,86.59339657682007,125.69072874842696,2.4606709317585302,11.0,1.0290290418213885,main,
200/200/150/150/100/100/50/50,0.9,30.0,3.0,0.0,1,,0.2,12.0,steady,ts,7,24123,17.254753559128083,13.421636409940874,67.23731916327003,93.35457802466019,1.6601583550967955,7.0,1.00772096537672,main,
200/200/150/150/100/100/50/50,0.9,30.0,3.0,0.0,1,,0.2,12.0,steady,ts,8,24435,19.323495708982733,15.58676494084743,74.38105720774227,111.26079457329732,2.0062615101289136,8.0,0.9436823581240096,main,
200/200/150/150/100/100/50/50,0.9,30.0,3.0,0.0,1,,0.2,12.0,steady,ts,9,24387,19.49255269325143,15.690672239184522,76.07528355903821,117.36304355552915,2.01189158158035,9.0,0.9964705952139536,main,
200/200/150/150/100/100/50/50,0.9,30.0,3.0,0.0,1,,0.2,12.0,steady,ts+lc,0,24557,21.706609927724614,17.248558086695454,89.11280177049696,145.7959509015172,2.2864763611190293,11.0,0.9685756250006727,main,
200/200/150/150/100/100/50/50,0.9,30.0,3.0,0.0,1,,0.2,12.0,steady,ts+lc,1,24312,18.723142955998945,14.559462350209884,73.24325377195689,109.40933468314438,1.8691592629154328,8.0,0.9982950418962004,main,
200/200/150/150/100/100/50/50,0.9,30.0,3.0,0.0,1,,0.2,12.0,steady,ts+lc,2,24431,19.49403862862249,15.001385165508196,76.87060049728622,115.67534379965143,2.0427325938357006,10.0,0.9852722682315103,main,
200/200/150/150/100/100/50/50,0.9,30.0,3.0,0.0,1,,0.2,12.0,steady,ts+lc,3,24221,18.11418091453548,14.274925222711232,70.9161065083638,102.64996269072383,1.7814706246645473,7.0,0.9838700464653782,main,
200/200/150/150/100/100/50/50,0.9,30.0,3.0,0.0,1,,0.2,12.0,steady,ts+lc,4,24358,20.809702779657236,16.162800006883415,80.10592612133819,119.9150277813348,2.217218162410707,10.0,0.9746675193619911,main,
200/200/150/150/100/100/50/50,0.9,30.0,3.0,0.0,1,,0.2,12.0,steady,ts+lc,5,24518,18.431449573779506,14.864445908016277,67.42540907737644,96.60962751565694,1.8462762052369688,7.0,0.9814375201429841,main,
200/200/150/150/100/100/50/50,0.9,30.0,3.0,0.0,1,,0.2,12.0,steady,ts+lc,6,24384,22.4260526072275,17.33278160273244,86.59339657682007,125.69072874842696,2.4606709317585302,11.0,1.0290290418213885,main,
200/200/150/150/100/100/50/50,0.9,30.0,3.0,0.0,1,,0.2,12.0,steady,ts+lc,7,24123,17.254753559128083,13.421636409940874,67.23731916327003,93.35457802466019,1.6601583550967955,7.0,1.00772096537672,main,
200/200/150/150/100/100/50/50,0.9,30.0,3.0,0.0,1,,0.2,12.0,steady,ts+lc,8,24435,19.323495708982733,15.58676494084743,74.38105720774227,111.26079457329732,2.0062615101289136,8.0,0.9436823581240096,main,
200/200/150/150/100/100/50/50,0.9,30.0,3.0,0.0,1,,0.2,12.0,steady,ts+lc,9,24387,19.49255269325143,15.690672239184522,76.07528355903821,117.36304355552915,2.01189158158035,9.0,0.9964705952139536,main,
200/200/150/150/100/100/50/50,0.9,30.0,3.0,0.0,1,,0.2,12.0,steady,ts_epoch,0,24557,104.2740759992385,66.31138674751469,614.0133593858882,904.9467726919993,11.70660096917376,54.0,5.83899676755016,main,
200/200/150/150/100/100/50/50,0.9,30.0,3.0,0.0,1,,0.2,12.0,steady,ts_epoch,1,24312,82.03064140839635,57.2648155605755,428.4796353516262,833.2308543133541,9.495105297795327,41.0,4.7777922473442,main,
200/200/150/150/100/100/50/50,0.9,30.0,3.0,0.0,1,,0.2,12.0,steady,ts_epoch,2,24431,88.5792814569225,56.193097665190095,539.3005962821575,867.8892026368493,9.99860832548811,44.0,4.946118801384374,main,
200/200/150/150/100/100/50/50,0.9,30.0,3.0,0.0,1,,0.2,12.0,steady,ts_epoch,3,24221,87.25804381404127,55.49925971263647,484.85509748921294,659.0025295371382,10.070888898063664,53.0,5.139235229653543,main,
200/200/150/150/100/100/50/50,0.9,30.0,3.0,0.0,1,,0.2,12.0,steady,ts_epoch,4,24358,91.6645719405864,61.30631011155163,517.0195396276844,907.3160930694568,10.243616060431892,40.0,5.168779363287555,main,
200/200/150/150/100/100/50/50,0.9,30.0,3.0,0.0,1,,0.2,12.0,steady,ts_epoch,5,24518,96.40826700309573,59.551687835920575,593.6674408019205,1036.5270068197078,10.821722815890366,47.0,5.5699768115754225,main,
200/200/150/150/100/100/50/50,0.9,30.0,3.0,0.0,1,,0.2,12.0,steady,ts_epoch,6,24384,86.75436520587142,56.58502582756242,470.0728827570092,682.6194792438379,9.818938648293964,47.0,4.922529865288222,main,
200/200/150/150/100/100/50/50,0.9,30.0,3.0,0.0,1,,0.2,12.0,steady,ts_epoch,7,24123,84.5576702808617,52.5705377910235,519.0798042402532,886.1284115056546,9.22538656054388,40.0,4.9074692255291925,main,
200/200/150/150/100/100/50/50,0.9,30.0,3.0,0.0,1,,0.2,12.0,steady,ts_epoch,8,24435,87.00353708704368,56.6321078519465,490.77558433417175,765.2130762224191,9.750317167996727,42.659999999999854,4.86433923783617,main,
200/200/150/150/100/100/50/50,0.9,30.0,3.0,0.0,1,,0.2,12.0,steady,ts_epoch,9,24387,87.30242370973976,61.32219742849365,455.03930936489684,884.8853206838941,9.97506868413499,39.0,5.031209051762602,main,
200/200/150/150/100/100/50/50,0.9,30.0,3.0,0.0,1,,0.2,12.0,steady,wrandom,0,24557,88.19104014866774,55.360753071131086,419.4601577293773,528.4747661891201,10.444516838376023,48.0,0.9988200395791524,main,
200/200/150/150/100/100/50/50,0.9,30.0,3.0,0.0,1,,0.2,12.0,steady,wrandom,1,24312,80.44470616597994,48.575266714948384,581.1554627146406,966.9234983501742,9.18381869035867,41.0,1.0113217213585342,main,
200/200/150/150/100/100/50/50,0.9,30.0,3.0,0.0,1,,0.2,12.0,steady,wrandom,2,24431,83.7437926420025,50.7308558951971,555.034064189779,793.7082593319213,9.465883508657035,39.0,1.026224524790417,main,
200/200/150/150/100/100/50/50,0.9,30.0,3.0,0.0,1,,0.2,12.0,steady,wrandom,3,24221,82.75217655396737,50.81063646641937,598.0661581404704,753.8971348671228,9.300152760001652,45.0,0.9863427159317741,main,
200/200/150/150/100/100/50/50,0.9,30.0,3.0,0.0,1,,0.2,12.0,steady,wrandom,4,24358,87.69889189758634,57.26840873498773,447.0838066985361,655.7791297292584,9.957016175383858,39.0,1.024362041077479,main,
200/200/150/150/100/100/50/50,0.9,30.0,3.0,0.0,1,,0.2,12.0,steady,wrandom,5,24518,71.44903341182558,48.59412279379471,312.15818250564894,370.60771216865254,8.496410800228404,35.0,1.0012184399899615,main,
200/200/150/150/100/100/50/50,0.9,30.0,3.0,0.0,1,,0.2,12.0,steady,wrandom,6,24384,76.53796967580347,53.45429268693502,334.12652439893867,474.97039799760375,9.367372047244094,47.0,0.98605894161754,main,
200/200/150/150/100/100/50/50,0.9,30.0,3.0,0.0,1,,0.2,12.0,steady,wrandom,7,24123,69.56762557448342,43.01276341491089,420.15299172760047,575.2309509385501,7.812046594536334,37.0,0.9788886728669229,main,
200/200/150/150/100/100/50/50,0.9,30.0,3.0,0.0,1,,0.2,12.0,steady,wrandom,8,24435,77.15042182748694,51.53266225221387,400.6113978917829,769.2903510228518,8.846777163904235,36.0,1.011836190368685,main,
200/200/150/150/100/100/50/50,0.9,30.0,3.0,0.0,1,,0.2,12.0,steady,wrandom,9,24387,84.75837292705707,51.021648299201416,433.1366779249966,612.031235661495,10.05531635707549,53.0,0.9990744673209933,main,
200/200/150/150/100/100/50/50,0.9,30.0,3.0,0.0,4,,0.2,12.0,steady,greedy,0,24557,20.724633933698094,16.010961784601818,85.98576818794392,136.64829613518924,2.1526245062507634,11.0,0.943085742473069,main,
200/200/150/150/100/100/50/50,0.9,30.0,3.0,0.0,4,,0.2,12.0,steady,greedy,1,24312,20.871527310341495,16.194352696544456,80.71903759201015,153.8147228660102,2.223963474827246,10.0,0.9774252580218842,main,
200/200/150/150/100/100/50/50,0.9,30.0,3.0,0.0,4,,0.2,12.0,steady,greedy,2,24431,19.61180050243341,15.016081947956117,77.76101518787382,112.08503663673059,2.0291023699398307,10.0,0.9654894240730931,main,
200/200/150/150/100/100/50/50,0.9,30.0,3.0,0.0,4,,0.2,12.0,steady,greedy,3,24221,18.40705202694882,14.517335604185888,70.137149686321,107.82586708198644,1.8214359440155237,7.0,0.9389015506829277,main,
200/200/150/150/100/100/50/50,0.9,30.0,3.0,0.0,4,,0.2,12.0,steady,greedy,4,24358,20.09417665625865,15.687263742901969,78.29321198982413,112.74562783654116,2.0343213728549143,8.0,0.9446318035316894,main,
200/200/150/150/100/100/50/50,0.9,30.0,3.0,0.0,4,,0.2,12.0,steady,greedy,5,24518,20.461154740223755,16.325162607826016,77.7691224517417,106.08733229373483,2.207521004975936,11.0,0.9291049638759042,main,
200/200/150/150/100/100/50/50,0.9,30.0,3.0,0.0,4,,0.2,12.0,steady,greedy,6,24384,19.552158322193527,15.605571722693945,70.29415319178987,117.17738390832875,2.0130413385826773,9.0,0.9579854836301956,main,
200/200/150/150/100/100/50/50,0.9,30.0,3.0,0.0,4,,0.2,12.0,steady,greedy,7,24123,18.428916296208996,14.240581390069451,71.80841772992565,106.81376873494098,1.8105542428387846,8.0,0.946696800548844,main,
200/200/150/150/100/100/50/50,0.9,30.0,3.0,0.0,4,,0.2,12.0,steady,greedy,8,24435,18.697389568878936,14.799690510166386,74.12494334848544,111.93189797219219,1.8716595048086762,8.0,0.9489208657744765,main,
200/200/150/150/100/100/50/50,0.9,30.0,3.0,0.0,4,,0.2,12.0,steady,greedy,9,24387,19.129762374681583,14.997590636566471,76.14259764457184,107.13917731315127,1.9273383359986878,9.0,0.9053243486439833,main,
200/200/150/150/100/100/50/50,0.9,30.0,3.0,0.0,4,,0.2,12.0,steady,greedy+lc,0,24557,20.724633933698094,16.010961784601818,85.98576818794392,136.64829613518924,2.1526245062507634,11.0,0.943085742473069,main,
200/200/150/150/100/100/50/50,0.9,30.0,3.0,0.0,4,,0.2,12.0,steady,greedy+lc,1,24312,20.871527310341495,16.194352696544456,80.71903759201015,153.8147228660102,2.223963474827246,10.0,0.9774252580218842,main,
200/200/150/150/100/100/50/50,0.9,30.0,3.0,0.0,4,,0.2,12.0,steady,greedy+lc,2,24431,19.61180050243341,15.016081947956117,77.76101518787382,112.08503663673059,2.0291023699398307,10.0,0.9654894240730931,main,
200/200/150/150/100/100/50/50,0.9,30.0,3.0,0.0,4,,0.2,12.0,steady,greedy+lc,3,24221,18.40705202694882,14.517335604185888,70.137149686321,107.82586708198644,1.8214359440155237,7.0,0.9389015506829277,main,
200/200/150/150/100/100/50/50,0.9,30.0,3.0,0.0,4,,0.2,12.0,steady,greedy+lc,4,24358,20.09417665625865,15.687263742901969,78.29321198982413,112.74562783654116,2.0343213728549143,8.0,0.9446318035316894,main,
200/200/150/150/100/100/50/50,0.9,30.0,3.0,0.0,4,,0.2,12.0,steady,greedy+lc,5,24518,20.461154740223755,16.325162607826016,77.7691224517417,106.08733229373483,2.207521004975936,11.0,0.9291049638759042,main,
200/200/150/150/100/100/50/50,0.9,30.0,3.0,0.0,4,,0.2,12.0,steady,greedy+lc,6,24384,19.552158322193527,15.605571722693945,70.29415319178987,117.17738390832875,2.0130413385826773,9.0,0.9579854836301956,main,
200/200/150/150/100/100/50/50,0.9,30.0,3.0,0.0,4,,0.2,12.0,steady,greedy+lc,7,24123,18.428916296208996,14.240581390069451,71.80841772992565,106.81376873494098,1.8105542428387846,8.0,0.946696800548844,main,
200/200/150/150/100/100/50/50,0.9,30.0,3.0,0.0,4,,0.2,12.0,steady,greedy+lc,8,24435,18.697389568878936,14.799690510166386,74.12494334848544,111.93189797219219,1.8716595048086762,8.0,0.9489208657744765,main,
200/200/150/150/100/100/50/50,0.9,30.0,3.0,0.0,4,,0.2,12.0,steady,greedy+lc,9,24387,19.129762374681583,14.997590636566471,76.14259764457184,107.13917731315127,1.9273383359986878,9.0,0.9053243486439833,main,
200/200/150/150/100/100/50/50,0.9,30.0,3.0,0.0,4,,0.2,12.0,steady,jsq,0,24557,20.660100981444472,12.959540513882928,123.56069625854369,198.84449319338822,1.4544936270717108,7.0,0.8514313778264511,main,
200/200/150/150/100/100/50/50,0.9,30.0,3.0,0.0,4,,0.2,12.0,steady,jsq,1,24312,18.33226820919969,11.67066350881285,107.69686741737887,196.3550016807782,1.169134583744653,5.0,0.8448505865783096,main,
200/200/150/150/100/100/50/50,0.9,30.0,3.0,0.0,4,,0.2,12.0,steady,jsq,2,24431,19.544585128906355,12.250799391074985,119.09847856593242,186.97554141137653,1.3380131799762596,6.0,0.8689326147423448,main,
200/200/150/150/100/100/50/50,0.9,30.0,3.0,0.0,4,,0.2,12.0,steady,jsq,3,24221,18.056163877863433,11.398255266012569,108.21846617766275,201.4931037138749,1.142892531274514,5.0,0.8177998792304947,main,
200/200/150/150/100/100/50/50,0.9,30.0,3.0,0.0,4,,0.2,12.0,steady,jsq,4,24358,20.22589946665916,12.953260846500392,120.2868576948955,193.26997593008232,1.3914525002052713,6.0,0.840913593375828,main,
200/200/150/150/100/100/50/50,0.9,30.0,3.0,0.0,4,,0.2,12.0,steady,jsq,5,24518,18.52968912345977,12.123574826779393,108.98115258768374,195.06457090466594,1.2201239905375643,4.0,0.8394850203883064,main,
200/200/150/150/100/100/50/50,0.9,30.0,3.0,0.0,4,,0.2,12.0,steady,jsq,6,24384,19.02683851124465,12.347532249818993,109.33916950177408,181.97028222037883,1.2570127952755905,5.0,0.8829670102287092,main,
200/200/150/150/100/100/50/50,0.9,30.0,3.0,0.0,4,,0.2,12.0,steady,jsq,7,24123,17.684789232290505,11.076546919056796,108.60497381412024,181.6663346044098,1.1110558388260168,5.0,0.8266054311295905,main,
200/200/150/150/100/100/50/50,0.9,30.0,3.0,0.0,4,,0.2,12.0,steady,jsq,8,24435,18.44131952200268,11.700210544852041,111.83172274837679,175.948860404766,1.1917740945365254,5.0,0.83820715727264,main,
200/200/150/150/100/100/50/50,0.9,30.0,3.0,0.0,4,,0.2,12.0,steady,jsq,9,24387,18.981718628062943,12.152797998062681,114.73359603534858,190.13773792865945,1.2648542256120063,6.0,0.8630328898593438,main,
200/200/150/150/100/100/50/50,0.9,30.0,3.0,0.0,4,,0.2,12.0,steady,jsq+lc,0,24557,20.660100981444472,12.959540513882928,123.56069625854369,198.84449319338822,1.4544936270717108,7.0,0.8514313778264511,main,
200/200/150/150/100/100/50/50,0.9,30.0,3.0,0.0,4,,0.2,12.0,steady,jsq+lc,1,24312,18.33226820919969,11.67066350881285,107.69686741737887,196.3550016807782,1.169134583744653,5.0,0.8448505865783096,main,
200/200/150/150/100/100/50/50,0.9,30.0,3.0,0.0,4,,0.2,12.0,steady,jsq+lc,2,24431,19.544585128906355,12.250799391074985,119.09847856593242,186.97554141137653,1.3380131799762596,6.0,0.8689326147423448,main,
200/200/150/150/100/100/50/50,0.9,30.0,3.0,0.0,4,,0.2,12.0,steady,jsq+lc,3,24221,18.056163877863433,11.398255266012569,108.21846617766275,201.4931037138749,1.142892531274514,5.0,0.8177998792304947,main,
200/200/150/150/100/100/50/50,0.9,30.0,3.0,0.0,4,,0.2,12.0,steady,jsq+lc,4,24358,20.22589946665916,12.953260846500392,120.2868576948955,193.26997593008232,1.3914525002052713,6.0,0.840913593375828,main,
200/200/150/150/100/100/50/50,0.9,30.0,3.0,0.0,4,,0.2,12.0,steady,jsq+lc,5,24518,18.52968912345977,12.123574826779393,108.98115258768374,195.06457090466594,1.2201239905375643,4.0,0.8394850203883064,main,
200/200/150/150/100/100/50/50,0.9,30.0,3.0,0.0,4,,0.2,12.0,steady,jsq+lc,6,24384,19.02683851124465,12.347532249818993,109.33916950177408,181.97028222037883,1.2570127952755905,5.0,0.8829670102287092,main,
200/200/150/150/100/100/50/50,0.9,30.0,3.0,0.0,4,,0.2,12.0,steady,jsq+lc,7,24123,17.684789232290505,11.076546919056796,108.60497381412024,181.6663346044098,1.1110558388260168,5.0,0.8266054311295905,main,
200/200/150/150/100/100/50/50,0.9,30.0,3.0,0.0,4,,0.2,12.0,steady,jsq+lc,8,24435,18.44131952200268,11.700210544852041,111.83172274837679,175.948860404766,1.1917740945365254,5.0,0.83820715727264,main,
200/200/150/150/100/100/50/50,0.9,30.0,3.0,0.0,4,,0.2,12.0,steady,jsq+lc,9,24387,18.981718628062943,12.152797998062681,114.73359603534858,190.13773792865945,1.2648542256120063,6.0,0.8630328898593438,main,
200/200/150/150/100/100/50/50,0.9,30.0,3.0,0.0,4,,0.2,12.0,steady,p2c,0,24557,40.30926225764365,25.58519098483103,226.96488836683355,321.0756775293608,3.4307936637211385,11.0,0.8404866523456439,main,
200/200/150/150/100/100/50/50,0.9,30.0,3.0,0.0,4,,0.2,12.0,steady,p2c,1,24312,37.77628092582835,23.32626245974012,216.74881673737445,339.2845183207914,3.089749917736097,10.0,0.8609998405649176,main,
200/200/150/150/100/100/50/50,0.9,30.0,3.0,0.0,4,,0.2,12.0,steady,p2c,2,24431,37.55891613489957,23.679292826681575,212.82511248000426,321.5342546972905,3.1227948098727025,10.0,0.8381263469581203,main,
200/200/150/150/100/100/50/50,0.9,30.0,3.0,0.0,4,,0.2,12.0,steady,p2c,3,24221,35.96350641830512,22.633644929440422,210.06190335681896,315.44025689544,2.926592626233434,9.0,0.8314014053710496,main,
200/200/150/150/100/100/50/50,0.9,30.0,3.0,0.0,4,,0.2,12.0,steady,p2c,4,24358,39.483361968230746,25.079391887102176,218.8329006118362,314.7522796537159,3.2927169718367684,10.0,0.8348909801505189,main,
200/200/150/150/100/100/50/50,0.9,30.0,3.0,0.0,4,,0.2,12.0,steady,p2c,5,24518,39.67718886591951,25.260528425110618,214.6053588695881,296.9370198605784,3.3287788563504366,9.0,0.8769322988662259,main,
200/200/150/150/100/100/50/50,0.9,30.0,3.0,0.0,4,,0.2,12.0,steady,p2c,6,24384,37.87402489753368,24.179749680502738,218.82712894223195,296.8816410031492,3.1250410104986877,9.0,0.85573864883275,main,
200/200/150/150/100/100/50/50,0.9,30.0,3.0,0.0,4,,0.2,12.0,steady,p2c,7,24123,35.23128427552452,22.10427415908711,207.1558496313581,280.3021964020217,2.8506404676035317,9.0,0.8147628628868357,main,
200/200/150/150/100/100/50/50,0.9,30.0,3.0,0.0,4,,0.2,12.0,steady,p2c,8,24435,38.44366589872283,24.718035360221435,217.2129735771427,347.4091859747776,3.1726621649273583,9.0,0.828774784071129,main,
200/200/150/150/100/100/50/50,0.9,30.0,3.0,0.0,4,,0.2,12.0,steady,p2c,9,24387,39.98601063770716,25.474431656061114,222.64582900502955,299.64199237587366,3.3429286095050643,10.0,0.8553511100506792,main,
200/200/150/150/100/100/50/50,0.9,30.0,3.0,0.0,4,,0.2,12.0,steady,p2c_learned,0,24557,32.05373998530828,25.26572553015427,126.14353570944108,192.35564293078556,3.369833448711162,14.0,0.8599731233919445,main,
200/200/150/150/100/100/50/50,0.9,30.0,3.0,0.0,4,,0.2,12.0,steady,p2c_learned,1,24312,27.840663904985902,21.908917421145535,110.8067943204897,171.25649104567452,2.820870352089503,10.0,0.8249310232231821,main,
200/200/150/150/100/100/50/50,0.9,30.0,3.0,0.0,4,,0.2,12.0,steady,p2c_learned,2,24431,28.881716914085967,22.61999947170068,111.53242886973837,161.79884545520767,3.0451475584298637,11.0,0.8711258824350945,main,
200/200/150/150/100/100/50/50,0.9,30.0,3.0,0.0,4,,0.2,12.0,steady,p2c_learned,3,24221,26.695363054267464,20.834016496763752,107.666571111611,167.78701248454732,2.6405185582758763,9.0,0.8545602302964074,main,
200/200/150/150/100/100/50/50,0.9,30.0,3.0,0.0,4,,0.2,12.0,steady,p2c_learned,4,24358,29.777821691481215,23.85954126265144,116.70757554967011,173.81613848716603,3.0571064947861073,11.0,0.8521443893214149,main,
200/200/150/150/100/100/50/50,0.9,30.0,3.0,0.0,4,,0.2,12.0,steady,p2c_learned,5,24518,29.3604399820672,23.773372235302404,105.89578503741133,151.92319184003148,3.028101802757158,10.0,0.8541928238186682,main,
200/200/150/150/100/100/50/50,0.9,30.0,3.0,0.0,4,,0.2,12.0,steady,p2c_learned,6,24384,28.962672148379145,23.252057482078037,109.45032455965391,152.94832020023392,2.9673146325459316,10.0,0.8775281734140145,main,
200/200/150/150/100/100/50/50,0.9,30.0,3.0,0.0,4,,0.2,12.0,steady,p2c_learned,7,24123,26.83484837854435,21.060092107386907,103.07405733574069,156.18112484855823,2.6614434357252414,10.0,0.8617323810348777,main,
200/200/150/150/100/100/50/50,0.9,30.0,3.0,0.0,4,,0.2,12.0,steady,p2c_learned,8,24435,28.022954369096485,22.347677631615603,106.70147239417503,171.79257011689722,2.826805811336198,10.0,0.8451733379327007,main,
200/200/150/150/100/100/50/50,0.9,30.0,3.0,0.0,4,,0.2,12.0,steady,p2c_learned,9,24387,28.14044086676712,22.93544310775175,103.17466182703465,164.7506001796304,2.8888342149505886,10.0,0.8298340366109177,main,
200/200/150/150/100/100/50/50,0.9,30.0,3.0,0.0,4,,0.2,12.0,steady,sed,0,24557,20.559131631876323,15.724616111523204,86.08301231786439,125.37882759326857,2.1074642668078347,11.0,0.9500767011138065,main,
200/200/150/150/100/100/50/50,0.9,30.0,3.0,0.0,4,,0.2,12.0,steady,sed,1,24312,18.034287131089908,13.91998138185091,73.15351101913933,103.16246467821821,1.7539897992760776,8.0,0.9101052701539617,main,
200/200/150/150/100/100/50/50,0.9,30.0,3.0,0.0,4,,0.2,12.0,steady,sed,2,24431,19.184355980457454,14.677294468221191,77.74484277782003,115.31330820346184,1.9704883140272604,9.0,0.94155684321878,main,
200/200/150/150/100/100/50/50,0.9,30.0,3.0,0.0,4,,0.2,12.0,steady,sed,3,24221,17.677970761238875,13.79893540229915,69.27421404868743,101.40817119123015,1.724288840262582,7.0,0.9076423547682514,main,
200/200/150/150/100/100/50/50,0.9,30.0,3.0,0.0,4,,0.2,12.0,steady,sed,4,24358,19.72496406418121,15.34578630327843,76.73812053587777,112.14381413859721,1.9845225387962886,9.0,0.9172088781108944,main,
200/200/150/150/100/100/50/50,0.9,30.0,3.0,0.0,4,,0.2,12.0,steady,sed,5,24518,18.42096750738729,14.960024288718898,65.56266207740474,92.46479076364649,1.8350191695896891,7.0,0.9202268999002564,main,
200/200/150/150/100/100/50/50,0.9,30.0,3.0,0.0,4,,0.2,12.0,steady,sed,6,24384,18.951612850457085,15.051008260313026,69.33954914065617,106.48903492316074,1.8926345144356955,8.0,0.9272399620267764,main,
200/200/150/150/100/100/50/50,0.9,30.0,3.0,0.0,4,,0.2,12.0,steady,sed,7,24123,17.078857992891482,13.231362467134744,65.20094788679017,92.7990811456128,1.6354101894457571,8.0,0.9121975065474752,main,
200/200/150/150/100/100/50/50,0.9,30.0,3.0,0.0,4,,0.2,12.0,steady,sed,8,24435,18.059258211381728,14.112840996119758,71.51647442887379,106.57241036328925,1.7792101493758952,8.0,0.8947477615871822,main,
200/200/150/150/100/100/50/50,0.9,30.0,3.0,0.0,4,,0.2,12.0,steady,sed,9,24387,18.750629056395947,14.895635829191178,71.55439640195377,104.7726836357138,1.8735801861647599,9.0,0.9052668742905392,main,
200/200/150/150/100/100/50/50,0.9,30.0,3.0,0.0,4,,0.2,12.0,steady,ts,0,24557,21.681970049000967,17.011409680677048,86.53186382158655,145.67869766819751,2.311968074276174,11.0,0.9843338022371628,main,
200/200/150/150/100/100/50/50,0.9,30.0,3.0,0.0,4,,0.2,12.0,steady,ts,1,24312,18.162709436663484,13.933236289657813,71.00030965948238,109.02046508687317,1.786278381046397,8.0,0.9313854780262171,main,
200/200/150/150/100/100/50/50,0.9,30.0,3.0,0.0,4,,0.2,12.0,steady,ts,2,24431,19.499343187307453,14.874395090295423,75.48861665821589,111.65785635880701,2.005689492857435,10.0,0.92982565686535,main,
200/200/150/150/100/100/50/50,0.9,30.0,3.0,0.0,4,,0.2,12.0,steady,ts,3,24221,18.9315106479873,15.148869224756112,72.06152258823832,100.17783824834821,1.9492589075595557,8.0,0.9399715209136195,main,
200/200/150/150/100/100/50/50,0.9,30.0,3.0,0.0,4,,0.2,12.0,steady,ts,4,24358,20.287141526956432,16.0123696768828,76.84400805204194,111.90518269019657,2.0824780359635437,9.0,0.9473382104890494,main,
200/200/150/150/100/100/50/50,0.9,30.0,3.0,0.0,4,,0.2,12.0,steady,ts,5,24518,19.09489786504295,15.497491910847927,66.79745165514063,97.85170199266017,1.9421241536830085,7.0,0.9143338643567228,main,
200/200/150/150/100/100/50/50,0.9,30.0,3.0,0.0,4,,0.2,12.0,steady,ts,6,24384,20.792830227190326,16.96411751958493,76.99890842566597,106.07365105560747,2.2219078083989503,9.0,0.9449397168126317,main,
200/200/150/150/100/100/50/50,0.9,30.0,3.0,0.0,4,,0.2,12.0,steady,ts,7,24123,17.191131373362516,13.483330368551094,65.12206346577507,93.79581137759914,1.6607801683041081,8.0,0.9160556459146119,main,
200/200/150/150/100/100/50/50,0.9,30.0,3.0,0.0,4,,0.2,12.0,steady,ts,8,24435,18.34175724691829,14.530939632891204,71.22997305673032,104.54990555882202,1.8256189891549008,8.0,0.90653400839803,main,
200/200/150/150/100/100/50/50,0.9,30.0,3.0,0.0,4,,0.2,12.0,steady,ts,9,24387,18.88733976141733,14.863619564433606,74.73477531383344,107.30314789514958,1.9105671054250215,9.0,0.9331500206861686,main,
200/200/150/150/100/100/50/50,0.9,30.0,3.0,0.0,4,,0.2,12.0,steady,ts+lc,0,24557,21.681970049000967,17.011409680677048,86.53186382158655,145.67869766819751,2.311968074276174,11.0,0.9843338022371628,main,
200/200/150/150/100/100/50/50,0.9,30.0,3.0,0.0,4,,0.2,12.0,steady,ts+lc,1,24312,18.162709436663484,13.933236289657813,71.00030965948238,109.02046508687317,1.786278381046397,8.0,0.9313854780262171,main,
200/200/150/150/100/100/50/50,0.9,30.0,3.0,0.0,4,,0.2,12.0,steady,ts+lc,2,24431,19.499343187307453,14.874395090295423,75.48861665821589,111.65785635880701,2.005689492857435,10.0,0.92982565686535,main,
200/200/150/150/100/100/50/50,0.9,30.0,3.0,0.0,4,,0.2,12.0,steady,ts+lc,3,24221,18.9315106479873,15.148869224756112,72.06152258823832,100.17783824834821,1.9492589075595557,8.0,0.9399715209136195,main,
200/200/150/150/100/100/50/50,0.9,30.0,3.0,0.0,4,,0.2,12.0,steady,ts+lc,4,24358,20.287141526956432,16.0123696768828,76.84400805204194,111.90518269019657,2.0824780359635437,9.0,0.9473382104890494,main,
200/200/150/150/100/100/50/50,0.9,30.0,3.0,0.0,4,,0.2,12.0,steady,ts+lc,5,24518,19.09489786504295,15.497491910847927,66.79745165514063,97.85170199266017,1.9421241536830085,7.0,0.9143338643567228,main,
200/200/150/150/100/100/50/50,0.9,30.0,3.0,0.0,4,,0.2,12.0,steady,ts+lc,6,24384,20.792830227190326,16.96411751958493,76.99890842566597,106.07365105560747,2.2219078083989503,9.0,0.9449397168126317,main,
200/200/150/150/100/100/50/50,0.9,30.0,3.0,0.0,4,,0.2,12.0,steady,ts+lc,7,24123,17.191131373362516,13.483330368551094,65.12206346577507,93.79581137759914,1.6607801683041081,8.0,0.9160556459146119,main,
200/200/150/150/100/100/50/50,0.9,30.0,3.0,0.0,4,,0.2,12.0,steady,ts+lc,8,24435,18.34175724691829,14.530939632891204,71.22997305673032,104.54990555882202,1.8256189891549008,8.0,0.90653400839803,main,
200/200/150/150/100/100/50/50,0.9,30.0,3.0,0.0,4,,0.2,12.0,steady,ts+lc,9,24387,18.88733976141733,14.863619564433606,74.73477531383344,107.30314789514958,1.9105671054250215,9.0,0.9331500206861686,main,
200/200/150/150/100/100/50/50,0.9,30.0,3.0,0.0,4,,0.2,12.0,steady,ts_epoch,0,24557,58.53841576934171,40.910387205802756,322.9836310227735,609.9145187963595,6.20100175102822,24.0,2.2389249628365455,main,
200/200/150/150/100/100/50/50,0.9,30.0,3.0,0.0,4,,0.2,12.0,steady,ts_epoch,1,24312,54.924251586762345,38.39982196746927,293.1159917270967,575.2338082832614,5.973798947022047,27.0,2.3656972370057416,main,
200/200/150/150/100/100/50/50,0.9,30.0,3.0,0.0,4,,0.2,12.0,steady,ts_epoch,2,24431,61.17453072888266,41.69367517731715,312.2932408985178,609.873266315078,6.645450452294217,28.0,2.8995828637279644,main,
200/200/150/150/100/100/50/50,0.9,30.0,3.0,0.0,4,,0.2,12.0,steady,ts_epoch,3,24221,54.72328708793993,38.600747591264195,269.01952965077044,467.58678782614237,5.9187069072292635,26.0,2.41066593718076,main,
200/200/150/150/100/100/50/50,0.9,30.0,3.0,0.0,4,,0.2,12.0,steady,ts_epoch,4,24358,52.90977415923451,38.121476406279164,258.4022288555414,461.6385326175336,5.636587568765909,22.0,2.0938812999065917,main,
200/200/150/150/100/100/50/50,0.9,30.0,3.0,0.0,4,,0.2,12.0,steady,ts_epoch,5,24518,52.17187058754345,39.709409902270565,232.2781210674694,345.6692549809173,5.757361938167876,21.0,2.1733075942295805,main,
200/200/150/150/100/100/50/50,0.9,30.0,3.0,0.0,4,,0.2,12.0,steady,ts_epoch,6,24384,55.685015646545644,40.74334739651331,250.43307056728986,377.72839785061933,6.071071194225722,24.0,2.3816148528026853,main,
200/200/150/150/100/100/50/50,0.9,30.0,3.0,0.0,4,,0.2,12.0,steady,ts_epoch,7,24123,54.02605165999596,38.42549445028354,273.9185682968146,557.5796534114713,5.801600132653484,25.0,2.3849670590706924,main,
200/200/150/150/100/100/50/50,0.9,30.0,3.0,0.0,4,,0.2,12.0,steady,ts_epoch,8,24435,55.630144011719544,39.823986356454455,274.61089405249226,470.4366668724237,6.082709228565582,25.0,2.4350293957834865,main,
200/200/150/150/100/100/50/50,0.9,30.0,3.0,0.0,4,,0.2,12.0,steady,ts_epoch,9,24387,55.85798984569771,41.91566592740159,234.22816890231613,371.96176450359064,6.385287243203346,27.0,2.546361136007786,main,
200/200/150/150/100/100/50/50,0.9,30.0,3.0,0.0,4,,0.2,12.0,steady,wrandom,0,24557,96.08561002412657,57.125473653055536,548.5735587916616,822.7490975869623,10.584232601702162,40.0,0.996354434670474,main,
200/200/150/150/100/100/50/50,0.9,30.0,3.0,0.0,4,,0.2,12.0,steady,wrandom,1,24312,96.98136969921488,47.97427095849649,535.4496006876492,634.9721707906652,10.655890095426127,50.0,1.009314492678114,main,
200/200/150/150/100/100/50/50,0.9,30.0,3.0,0.0,4,,0.2,12.0,steady,wrandom,2,24431,77.82056401518642,50.02797171330009,333.6896192212181,420.3898980932576,9.61835373091564,53.0,0.999473798746195,main,
200/200/150/150/100/100/50/50,0.9,30.0,3.0,0.0,4,,0.2,12.0,steady,wrandom,3,24221,75.39024315473056,48.340629655843514,373.0706748953156,553.3263827080739,8.55088559514471,40.0,0.9775078493897567,main,
200/200/150/150/100/100/50/50,0.9,30.0,3.0,0.0,4,,0.2,12.0,steady,wrandom,4,24358,71.02470852116231,48.6943256845036,387.3036107223844,717.4802627803006,8.017489120617457,30.0,0.9926556729842292,main,
200/200/150/150/100/100/50/50,0.9,30.0,3.0,0.0,4,,0.2,12.0,steady,wrandom,5,24518,98.13434798801542,55.19175759922312,483.3711367669507,620.5477709666109,12.023778448486826,57.0,1.0257018787728789,main,
200/200/150/150/100/100/50/50,0.9,30.0,3.0,0.0,4,,0.2,12.0,steady,wrandom,6,24384,80.91144556125677,54.46076892947893,483.6120685602756,731.227432816797,9.510047572178477,48.0,0.9891467127127483,main,
200/200/150/150/100/100/50/50,0.9,30.0,3.0,0.0,4,,0.2,12.0,steady,wrandom,7,24123,71.01651980734077,40.94941772171268,481.203059737481,626.3786936266533,7.404137130539319,30.0,0.9801515756653835,main,
200/200/150/150/100/100/50/50,0.9,30.0,3.0,0.0,4,,0.2,12.0,steady,wrandom,8,24435,84.249720236539,49.018713163935246,623.3381363828205,954.3725560368873,9.316267648864335,42.0,0.9853512642245852,main,
200/200/150/150/100/100/50/50,0.9,30.0,3.0,0.0,4,,0.2,12.0,steady,wrandom,9,24387,84.14862514911853,53.86447707190811,501.9927432529738,625.8105366572884,10.231680813548202,52.0,0.9722474783526036,main,
200/200/150/150/100/100/50/50,0.9,30.0,3.0,0.0,16,,0.2,12.0,steady,greedy,0,24557,20.164288875480796,15.15009919779331,82.42709416919291,136.2864924320449,2.0131937940302156,11.0,0.9450452644773027,main,
200/200/150/150/100/100/50/50,0.9,30.0,3.0,0.0,16,,0.2,12.0,steady,greedy,1,24312,27.327399015532585,14.22424958057178,81.23365985935266,4375.559028512277,2.3020730503455082,9.0,0.9267927643229227,main,
200/200/150/150/100/100/50/50,0.9,30.0,3.0,0.0,16,,0.2,12.0,steady,greedy,2,24431,20.92521277359851,15.01426155490293,96.54017184121768,146.71056028740335,2.175432851704801,13.0,0.9152601402177192,main,
200/200/150/150/100/100/50/50,0.9,30.0,3.0,0.0,16,,0.2,12.0,steady,greedy,3,24221,18.265309532776257,14.169593471837771,70.69199400674485,112.07587611900996,1.793237273440403,8.0,0.8976836891371786,main,
200/200/150/150/100/100/50/50,0.9,30.0,3.0,0.0,16,,0.2,12.0,steady,greedy,4,24358,21.299839695821845,15.339019018368205,83.74382521675035,467.4239286278001,2.0417521964036456,9.0,0.8980211172064438,main,
200/200/150/150/100/100/50/50,0.9,30.0,3.0,0.0,16,,0.2,12.0,steady,greedy,5,24518,18.714877673314597,14.88791553830815,70.92021213314774,124.05294805784229,1.8398727465535525,7.0,0.9035907157076672,main,
200/200/150/150/100/100/50/50,0.9,30.0,3.0,0.0,16,,0.2,12.0,steady,greedy,6,24384,30.753048853879356,16.778496332634063,88.83878519841548,3624.59873815169,2.6574393044619424,10.0,0.9801596220807266,main,
200/200/150/150/100/100/50/50,0.9,30.0,3.0,0.0,16,,0.2,12.0,steady,greedy,7,24123,17.522573293954093,13.524195412482953,69.24009049705991,102.25054912736468,1.6682833810056792,8.0,0.9151417113845899,main,
200/200/150/150/100/100/50/50,0.9,30.0,3.0,0.0,16,,0.2,12.0,steady,greedy,8,24435,18.462817213279667,14.548223642993463,72.00650415050693,109.55385535662764,1.8138326171475343,8.0,0.8952160879755529,main,
200/200/150/150/100/100/50/50,0.9,30.0,3.0,0.0,16,,0.2,12.0,steady,greedy,9,24387,20.08931106651456,15.541528169986663,77.64495647087236,115.36438078505991,2.0898839545659573,10.0,0.9222384908449636,main,
200/200/150/150/100/100/50/50,0.9,30.0,3.0,0.0,16,,0.2,12.0,steady,greedy+lc,0,24557,20.164288875480796,15.15009919779331,82.42709416919291,136.2864924320449,2.0131937940302156,11.0,0.9450452644773027,main,
200/200/150/150/100/100/50/50,0.9,30.0,3.0,0.0,16,,0.2,12.0,steady,greedy+lc,1,24312,27.327399015532585,14.22424958057178,81.23365985935266,4375.559028512277,2.3020730503455082,9.0,0.9267927643229227,main,
200/200/150/150/100/100/50/50,0.9,30.0,3.0,0.0,16,,0.2,12.0,steady,greedy+lc,2,24431,20.92521277359851,15.01426155490293,96.54017184121768,146.71056028740335,2.175432851704801,13.0,0.9152601402177192,main,
200/200/150/150/100/100/50/50,0.9,30.0,3.0,0.0,16,,0.2,12.0,steady,greedy+lc,3,24221,18.265309532776257,14.169593471837771,70.69199400674485,112.07587611900996,1.793237273440403,8.0,0.8976836891371786,main,
200/200/150/150/100/100/50/50,0.9,30.0,3.0,0.0,16,,0.2,12.0,steady,greedy+lc,4,24358,21.299839695821845,15.339019018368205,83.74382521675035,467.4239286278001,2.0417521964036456,9.0,0.8980211172064438,main,
200/200/150/150/100/100/50/50,0.9,30.0,3.0,0.0,16,,0.2,12.0,steady,greedy+lc,5,24518,18.714877673314597,14.88791553830815,70.92021213314774,124.05294805784229,1.8398727465535525,7.0,0.9035907157076672,main,
200/200/150/150/100/100/50/50,0.9,30.0,3.0,0.0,16,,0.2,12.0,steady,greedy+lc,6,24384,30.753048853879356,16.778496332634063,88.83878519841548,3624.59873815169,2.6574393044619424,10.0,0.9801596220807266,main,
200/200/150/150/100/100/50/50,0.9,30.0,3.0,0.0,16,,0.2,12.0,steady,greedy+lc,7,24123,17.522573293954093,13.524195412482953,69.24009049705991,102.25054912736468,1.6682833810056792,8.0,0.9151417113845899,main,
200/200/150/150/100/100/50/50,0.9,30.0,3.0,0.0,16,,0.2,12.0,steady,greedy+lc,8,24435,18.462817213279667,14.548223642993463,72.00650415050693,109.55385535662764,1.8138326171475343,8.0,0.8952160879755529,main,
200/200/150/150/100/100/50/50,0.9,30.0,3.0,0.0,16,,0.2,12.0,steady,greedy+lc,9,24387,20.08931106651456,15.541528169986663,77.64495647087236,115.36438078505991,2.0898839545659573,10.0,0.9222384908449636,main,
200/200/150/150/100/100/50/50,0.9,30.0,3.0,0.0,16,,0.2,12.0,steady,jsq,0,24557,20.962593339290457,13.069587778686387,124.77685224855198,230.07684974813145,1.482713686525227,7.0,0.8591306860108439,main,
200/200/150/150/100/100/50/50,0.9,30.0,3.0,0.0,16,,0.2,12.0,steady,jsq,1,24312,18.31948427463556,11.628116417313095,105.60657295650603,177.2909979591238,1.1765383349786114,5.0,0.8789480548875194,main,
200/200/150/150/100/100/50/50,0.9,30.0,3.0,0.0,16,,0.2,12.0,steady,jsq,2,24431,19.4540762539731,12.25460089747088,118.59228407441101,198.23923172809899,1.3303999017641521,6.0,0.8829381874190373,main,
200/200/150/150/100/100/50/50,0.9,30.0,3.0,0.0,16,,0.2,12.0,steady,jsq,3,24221,17.936055710235014,11.294874870472427,108.33037425394475,177.09262596063752,1.130465298707733,5.0,0.8517618994507007,main,
200/200/150/150/100/100/50/50,0.9,30.0,3.0,0.0,16,,0.2,12.0,steady,jsq,4,24358,19.79533137938375,12.764680661964345,116.33840290106127,190.97974209962865,1.3373429674029067,6.0,0.845823073081005,main,
200/200/150/150/100/100/50/50,0.9,30.0,3.0,0.0,16,,0.2,12.0,steady,jsq,5,24518,18.86137364704444,12.3317997075727,106.72939633616846,180.528338587328,1.2645403377110693,5.0,0.8560893147253074,main,
200/200/150/150/100/100/50/50,0.9,30.0,3.0,0.0,16,,0.2,12.0,steady,jsq,6,24384,19.181814594755757,12.40254073078706,111.06121202746512,183.2245275573781,1.2804297900262467,5.0,0.8814289034235854,main,
200/200/150/150/100/100/50/50,0.9,30.0,3.0,0.0,16,,0.2,12.0,steady,jsq,7,24123,17.415549116299793,10.95814003881479,108.38721360004621,183.46228738677308,1.0662023794718734,5.0,0.8772900519634605,main,
200/200/150/150/100/100/50/50,0.9,30.0,3.0,0.0,16,,0.2,12.0,steady,jsq,8,24435,18.212442889812365,11.56049434738815,106.93290210302018,194.34078197710124,1.1753632085123797,5.0,0.8065155651370414,main,
200/200/150/150/100/100/50/50,0.9,30.0,3.0,0.0,16,,0.2,12.0,steady,jsq,9,24387,18.965793432050983,12.171169978270058,111.46402549401385,198.88093856514794,1.2583753639234019,6.0,0.8438648489170159,main,
200/200/150/150/100/100/50/50,0.9,30.0,3.0,0.0,16,,0.2,12.0,steady,jsq+lc,0,24557,20.962593339290457,13.069587778686387,124.77685224855198,230.07684974813145,1.482713686525227,7.0,0.8591306860108439,main,
200/200/150/150/100/100/50/50,0.9,30.0,3.0,0.0,16,,0.2,12.0,steady,jsq+lc,1,24312,18.31948427463556,11.628116417313095,105.60657295650603,177.2909979591238,1.1765383349786114,5.0,0.8789480548875194,main,
200/200/150/150/100/100/50/50,0.9,30.0,3.0,0.0,16,,0.2,12.0,steady,jsq+lc,2,24431,19.4540762539731,12.25460089747088,118.59228407441101,198.23923172809899,1.3303999017641521,6.0,0.8829381874190373,main,
200/200/150/150/100/100/50/50,0.9,30.0,3.0,0.0,16,,0.2,12.0,steady,jsq+lc,3,24221,17.936055710235014,11.294874870472427,108.33037425394475,177.09262596063752,1.130465298707733,5.0,0.8517618994507007,main,
200/200/150/150/100/100/50/50,0.9,30.0,3.0,0.0,16,,0.2,12.0,steady,jsq+lc,4,24358,19.79533137938375,12.764680661964345,116.33840290106127,190.97974209962865,1.3373429674029067,6.0,0.845823073081005,main,
200/200/150/150/100/100/50/50,0.9,30.0,3.0,0.0,16,,0.2,12.0,steady,jsq+lc,5,24518,18.86137364704444,12.3317997075727,106.72939633616846,180.528338587328,1.2645403377110693,5.0,0.8560893147253074,main,
200/200/150/150/100/100/50/50,0.9,30.0,3.0,0.0,16,,0.2,12.0,steady,jsq+lc,6,24384,19.181814594755757,12.40254073078706,111.06121202746512,183.2245275573781,1.2804297900262467,5.0,0.8814289034235854,main,
200/200/150/150/100/100/50/50,0.9,30.0,3.0,0.0,16,,0.2,12.0,steady,jsq+lc,7,24123,17.415549116299793,10.95814003881479,108.38721360004621,183.46228738677308,1.0662023794718734,5.0,0.8772900519634605,main,
200/200/150/150/100/100/50/50,0.9,30.0,3.0,0.0,16,,0.2,12.0,steady,jsq+lc,8,24435,18.212442889812365,11.56049434738815,106.93290210302018,194.34078197710124,1.1753632085123797,5.0,0.8065155651370414,main,
200/200/150/150/100/100/50/50,0.9,30.0,3.0,0.0,16,,0.2,12.0,steady,jsq+lc,9,24387,18.965793432050983,12.171169978270058,111.46402549401385,198.88093856514794,1.2583753639234019,6.0,0.8438648489170159,main,
200/200/150/150/100/100/50/50,0.9,30.0,3.0,0.0,16,,0.2,12.0,steady,p2c,0,24557,42.647361787304426,27.449228283536797,231.03547786871647,370.99117062253856,3.6572871279065033,12.0,0.8475654635230273,main,
200/200/150/150/100/100/50/50,0.9,30.0,3.0,0.0,16,,0.2,12.0,steady,p2c,1,24312,37.10543737244001,23.57802918287799,216.76701972799108,297.2842058399115,3.0597235932872655,9.0,0.8154723958916581,main,
200/200/150/150/100/100/50/50,0.9,30.0,3.0,0.0,16,,0.2,12.0,steady,p2c,2,24431,39.575867967226436,24.782416874579383,233.3988125487554,334.0856217211091,3.295198722933977,10.0,0.8325056282758244,main,
200/200/150/150/100/100/50/50,0.9,30.0,3.0,0.0,16,,0.2,12.0,steady,p2c,3,24221,37.11699148958661,23.175182759004542,216.44336046971657,322.31101110654384,3.0163081623384667,9.0,0.8247919246341606,main,
200/200/150/150/100/100/50/50,0.9,30.0,3.0,0.0,16,,0.2,12.0,steady,p2c,4,24358,39.8113130042891,25.486374412137636,231.07892358616508,330.3941584882008,3.338369324246654,10.0,0.8469189516404777,main,
200/200/150/150/100/100/50/50,0.9,30.0,3.0,0.0,16,,0.2,12.0,steady,p2c,5,24518,38.944662985836885,25.791018212008687,203.0886076200817,273.80474384531317,3.2938657312994533,9.0,0.8440349476690414,main,
200/200/150/150/100/100/50/50,0.9,30.0,3.0,0.0,16,,0.2,12.0,steady,p2c,6,24384,39.034950342056995,24.711376482987824,217.69977015527803,319.4867176795402,3.217027559055118,9.0,0.8336022507219963,main,
200/200/150/150/100/100/50/50,0.9,30.0,3.0,0.0,16,,0.2,12.0,steady,p2c,7,24123,36.56680456764846,22.66019563456112,193.78841279900294,279.700329563803,2.982672138622891,9.0,0.8195542889810488,main,
200/200/150/150/100/100/50/50,0.9,30.0,3.0,0.0,16,,0.2,12.0,steady,p2c,8,24435,39.04730328821448,24.680497317742578,222.75803333685093,306.49937155505376,3.249478207489257,10.0,0.8301650178803459,main,
200/200/150/150/100/100/50/50,0.9,30.0,3.0,0.0,16,,0.2,12.0,steady,p2c,9,24387,39.009856263991864,25.34816817825103,216.7909323772959,321.3544139159336,3.252101529503424,10.0,0.8486488738088793,main,
200/200/150/150/100/100/50/50,0.9,30.0,3.0,0.0,16,,0.2,12.0,steady,p2c_learned,0,24557,32.47317367709579,25.024494841595413,134.88877501758137,186.16869729412474,3.40118907032618,14.0,0.8687083683379602,main,
200/200/150/150/100/100/50/50,0.9,30.0,3.0,0.0,16,,0.2,12.0,steady,p2c_learned,1,24312,27.914393615533232,21.868665349837002,109.2478743472878,172.36616236055696,2.824325435998684,10.0,0.8446517372835252,main,
200/200/150/150/100/100/50/50,0.9,30.0,3.0,0.0,16,,0.2,12.0,steady,p2c_learned,2,24431,29.04644715520793,22.803075666423034,113.2948841809227,162.1020591764784,2.9782653186525314,11.0,0.8782331475567449,main,
200/200/150/150/100/100/50/50,0.9,30.0,3.0,0.0,16,,0.2,12.0,steady,p2c_learned,3,24221,27.72007953846412,21.57185092296743,112.6260169348497,182.33302424617133,2.7570703108872467,10.0,0.8436786780989862,main,
200/200/150/150/100/100/50/50,0.9,30.0,3.0,0.0,16,,0.2,12.0,steady,p2c_learned,4,24358,30.73974440543355,24.316288646765827,119.57395621552709,165.38100049777742,3.1558420231546105,11.0,0.8440903933864539,main,
200/200/150/150/100/100/50/50,0.9,30.0,3.0,0.0,16,,0.2,12.0,steady,p2c_learned,5,24518,29.14895515890448,24.349179252622477,106.81882116040236,164.17011603212717,3.054735296516845,10.0,0.8507505757260541,main,
200/200/150/150/100/100/50/50,0.9,30.0,3.0,0.0,16,,0.2,12.0,steady,p2c_learned,6,24384,28.761290096942368,23.115356540619914,108.22129071756028,158.97154298333015,2.9600147637795278,10.0,0.8400412485397858,main,
200/200/150/150/100/100/50/50,0.9,30.0,3.0,0.0,16,,0.2,12.0,steady,p2c_learned,7,24123,27.234395381793142,21.327225764004254,106.99367351532868,164.3722773297424,2.7297599801019774,10.0,0.8290618112016935,main,
200/200/150/150/100/100/50/50,0.9,30.0,3.0,0.0,16,,0.2,12.0,steady,p2c_learned,8,24435,28.125006222286792,22.421975227839397,105.3691136848112,161.2309730734568,2.8795170861469206,10.0,0.8274451450328969,main,
200/200/150/150/100/100/50/50,0.9,30.0,3.0,0.0,16,,0.2,12.0,steady,p2c_learned,9,24387,29.26261329123058,23.653294411367654,108.12935479140717,152.0032696778035,3.0192725632509125,11.0,0.8409370460785334,main,
200/200/150/150/100/100/50/50,0.9,30.0,3.0,0.0,16,,0.2,12.0,steady,sed,0,24557,20.509071386368507,15.780634503146374,84.93690042165227,130.00630402980838,2.1186219815124,11.0,0.9290803372912468,main,
200/200/150/150/100/100/50/50,0.9,30.0,3.0,0.0,16,,0.2,12.0,steady,sed,1,24312,18.097320655236214,13.986882265448752,72.16833295868983,104.14149926507734,1.7761187890753538,8.0,0.911950788748109,main,
200/200/150/150/100/100/50/50,0.9,30.0,3.0,0.0,16,,0.2,12.0,steady,sed,2,24431,19.227074637934614,14.845898855011086,75.3937865672738,112.92244206332141,1.9690966395153697,9.0,0.939097843042088,main,
200/200/150/150/100/100/50/50,0.9,30.0,3.0,0.0,16,,0.2,12.0,steady,sed,3,24221,17.755610349152757,13.996361003474789,69.57126096779403,102.47267265489418,1.729821229511581,8.0,0.8687567327181687,main,
200/200/150/150/100/100/50/50,0.9,30.0,3.0,0.0,16,,0.2,12.0,steady,sed,4,24358,19.742151984555512,15.561217695681862,76.25754193629359,102.84276442912204,1.9918301995237704,9.0,0.8947293146573698,main,
200/200/150/150/100/100/50/50,0.9,30.0,3.0,0.0,16,,0.2,12.0,steady,sed,5,24518,18.354612352046782,14.824615402103447,66.91004371666175,96.56167997988274,1.8254751611061262,7.0,0.9040944076440509,main,
200/200/150/150/100/100/50/50,0.9,30.0,3.0,0.0,16,,0.2,12.0,steady,sed,6,24384,18.870096022377222,15.017120821935848,69.43162984010331,97.67552091172865,1.8760252624671916,8.0,0.9333245644775671,main,
200/200/150/150/100/100/50/50,0.9,30.0,3.0,0.0,16,,0.2,12.0,steady,sed,7,24123,17.11129852194936,13.383452554624142,65.68158405309954,101.60430358157122,1.6408406914562865,8.0,0.9684505800259581,main,
200/200/150/150/100/100/50/50,0.9,30.0,3.0,0.0,16,,0.2,12.0,steady,sed,8,24435,18.04789878258295,14.19114013113898,71.17999723436512,113.3991352319212,1.7890321260487005,8.0,0.8763831986917225,main,
200/200/150/150/100/100/50/50,0.9,30.0,3.0,0.0,16,,0.2,12.0,steady,sed,9,24387,18.676495846898693,14.781670939022717,72.90369361911462,106.20099027573141,1.860417435518924,9.0,0.9061074464863742,main,
200/200/150/150/100/100/50/50,0.9,30.0,3.0,0.0,16,,0.2,12.0,steady,ts,0,24557,20.20788185551961,15.177729308220478,84.57950201106011,115.76663956757552,2.018813372969011,11.0,0.9042599790285781,main,
200/200/150/150/100/100/50/50,0.9,30.0,3.0,0.0,16,,0.2,12.0,steady,ts,1,24312,18.503491236069433,14.383053900411724,74.01645201127542,116.54788766297276,1.840366897005594,8.0,0.927433025487949,main,
200/200/150/150/100/100/50/50,0.9,30.0,3.0,0.0,16,,0.2,12.0,steady,ts,2,24431,24.984309835973985,16.586386273335307,132.49415119319863,188.61625897383743,2.8548156031271743,21.0,0.9374502590105404,main,
200/200/150/150/100/100/50/50,0.9,30.0,3.0,0.0,16,,0.2,12.0,steady,ts,3,24221,17.899033590371253,14.055346158230009,69.16158482503356,107.20138954805665,1.7459642459023161,8.0,0.9219731273670483,main,
200/200/150/150/100/100/50/50,0.9,30.0,3.0,0.0,16,,0.2,12.0,steady,ts,4,24358,19.856491546924378,15.348168624934821,78.71818458198392,118.14164586982292,2.000862139748748,9.0,0.9065688055925074,main,
200/200/150/150/100/100/50/50,0.9,30.0,3.0,0.0,16,,0.2,12.0,steady,ts,5,24518,18.43380531296418,14.718643392695796,67.50257500153462,97.86434071840284,1.7968431356554369,7.0,0.9112567767909556,main,
200/200/150/150/100/100/50/50,0.9,30.0,3.0,0.0,16,,0.2,12.0,steady,ts,6,24384,19.94610025782332,16.23241401681197,72.61889299880161,106.76768777972599,2.070415026246719,9.0,0.8858357307245632,main,
200/200/150/150/100/100/50/50,0.9,30.0,3.0,0.0,16,,0.2,12.0,steady,ts,7,24123,17.393438948559336,13.589346254462953,67.2374452300335,101.90136456589693,1.6572565601293372,8.0,0.8855891059477944,main,
200/200/150/150/100/100/50/50,0.9,30.0,3.0,0.0,16,,0.2,12.0,steady,ts,8,24435,17.78200107749659,13.786124831647761,72.07420397652662,120.16209687291779,1.7051360753018212,8.0,0.8837019614279942,main,
200/200/150/150/100/100/50/50,0.9,30.0,3.0,0.0,16,,0.2,12.0,steady,ts,9,24387,18.730603134418594,14.821585170306406,74.41112096994578,103.15664427448756,1.8742362734243654,9.0,0.8965769796211421,main,
200/200/150/150/100/100/50/50,0.9,30.0,3.0,0.0,16,,0.2,12.0,steady,ts+lc,0,24557,20.20788185551961,15.177729308220478,84.57950201106011,115.76663956757552,2.018813372969011,11.0,0.9042599790285781,main,
200/200/150/150/100/100/50/50,0.9,30.0,3.0,0.0,16,,0.2,12.0,steady,ts+lc,1,24312,18.503491236069433,14.383053900411724,74.01645201127542,116.54788766297276,1.840366897005594,8.0,0.927433025487949,main,
200/200/150/150/100/100/50/50,0.9,30.0,3.0,0.0,16,,0.2,12.0,steady,ts+lc,2,24431,24.984309835973985,16.586386273335307,132.49415119319863,188.61625897383743,2.8548156031271743,21.0,0.9374502590105404,main,
200/200/150/150/100/100/50/50,0.9,30.0,3.0,0.0,16,,0.2,12.0,steady,ts+lc,3,24221,17.899033590371253,14.055346158230009,69.16158482503356,107.20138954805665,1.7459642459023161,8.0,0.9219731273670483,main,
200/200/150/150/100/100/50/50,0.9,30.0,3.0,0.0,16,,0.2,12.0,steady,ts+lc,4,24358,19.856491546924378,15.348168624934821,78.71818458198392,118.14164586982292,2.000862139748748,9.0,0.9065688055925074,main,
200/200/150/150/100/100/50/50,0.9,30.0,3.0,0.0,16,,0.2,12.0,steady,ts+lc,5,24518,18.43380531296418,14.718643392695796,67.50257500153462,97.86434071840284,1.7968431356554369,7.0,0.9112567767909556,main,
200/200/150/150/100/100/50/50,0.9,30.0,3.0,0.0,16,,0.2,12.0,steady,ts+lc,6,24384,19.94610025782332,16.23241401681197,72.61889299880161,106.76768777972599,2.070415026246719,9.0,0.8858357307245632,main,
200/200/150/150/100/100/50/50,0.9,30.0,3.0,0.0,16,,0.2,12.0,steady,ts+lc,7,24123,17.393438948559336,13.589346254462953,67.2374452300335,101.90136456589693,1.6572565601293372,8.0,0.8855891059477944,main,
200/200/150/150/100/100/50/50,0.9,30.0,3.0,0.0,16,,0.2,12.0,steady,ts+lc,8,24435,17.78200107749659,13.786124831647761,72.07420397652662,120.16209687291779,1.7051360753018212,8.0,0.8837019614279942,main,
200/200/150/150/100/100/50/50,0.9,30.0,3.0,0.0,16,,0.2,12.0,steady,ts+lc,9,24387,18.730603134418594,14.821585170306406,74.41112096994578,103.15664427448756,1.8742362734243654,9.0,0.8965769796211421,main,
200/200/150/150/100/100/50/50,0.9,30.0,3.0,0.0,16,,0.2,12.0,steady,ts_epoch,0,24557,49.3286100749582,36.74056789577662,226.88416527594342,348.34125953257933,5.220222339862361,18.0,1.6462355163780518,main,
200/200/150/150/100/100/50/50,0.9,30.0,3.0,0.0,16,,0.2,12.0,steady,ts_epoch,1,24312,44.90088844231304,34.47687489856932,193.35129532063291,305.6320082963781,4.76600032905561,16.889999999999418,1.5299740655197325,main,
200/200/150/150/100/100/50/50,0.9,30.0,3.0,0.0,16,,0.2,12.0,steady,ts_epoch,2,24431,48.050759466510335,35.961329825234145,205.25454057264918,337.46992713507325,5.189636118046744,19.0,1.6462732628801393,main,
200/200/150/150/100/100/50/50,0.9,30.0,3.0,0.0,16,,0.2,12.0,steady,ts_epoch,3,24221,43.65716135742459,32.169660073924966,203.8174182716858,292.21467790169925,4.5979934767350645,16.0,1.5323664943438542,main,
200/200/150/150/100/100/50/50,0.9,30.0,3.0,0.0,16,,0.2,12.0,steady,ts_epoch,4,24358,48.537352160804055,36.408319794804186,224.39049742044537,385.90751305780026,5.2231710321044424,19.0,1.6870197005288785,main,
200/200/150/150/100/100/50/50,0.9,30.0,3.0,0.0,16,,0.2,12.0,steady,ts_epoch,5,24518,46.48545931831439,35.28105667165926,214.4980027434824,371.2404308072332,4.861489517905213,17.0,1.5685127240308363,main,
200/200/150/150/100/100/50/50,0.9,30.0,3.0,0.0,16,,0.2,12.0,steady,ts_epoch,6,24384,47.07983142762004,35.043425436920295,215.97376513918357,345.33280458770076,5.0472851049868765,19.0,1.698572118359427,main,
200/200/150/150/100/100/50/50,0.9,30.0,3.0,0.0,16,,0.2,12.0,steady,ts_epoch,7,24123,43.71199412646382,32.737698142128124,198.53671218174134,336.06202639617584,4.564440575384488,17.0,1.5909126212741782,main,
200/200/150/150/100/100/50/50,0.9,30.0,3.0,0.0,16,,0.2,12.0,steady,ts_epoch,8,24435,44.10654085209284,32.506560554949715,204.8048442865302,329.2414769877329,4.659954982606917,17.0,1.525288710295069,main,
200/200/150/150/100/100/50/50,0.9,30.0,3.0,0.0,16,,0.2,12.0,steady,ts_epoch,9,24387,48.49070308738596,38.098474791649295,200.44524795511865,332.80418778704495,5.3127075901094845,20.0,1.6177538529230664,main,
200/200/150/150/100/100/50/50,0.9,30.0,3.0,0.0,16,,0.2,12.0,steady,wrandom,0,24557,91.89527260435908,55.84661023224413,639.9616494778941,830.0368077019823,9.824082746263795,44.0,1.003252329569981,main,
200/200/150/150/100/100/50/50,0.9,30.0,3.0,0.0,16,,0.2,12.0,steady,wrandom,1,24312,88.32910182003079,51.815517143481316,484.9320492739371,774.6865886039784,10.117061533399145,56.0,0.9649302376597372,main,
200/200/150/150/100/100/50/50,0.9,30.0,3.0,0.0,16,,0.2,12.0,steady,wrandom,2,24431,128.55561107907505,48.73452448148896,1282.809096323978,1547.24040565551,11.509189144938807,65.0,1.0044222031810381,main,
200/200/150/150/100/100/50/50,0.9,30.0,3.0,0.0,16,,0.2,12.0,steady,wrandom,3,24221,78.63610656194835,49.78953745974746,650.4514406199721,864.0004002814121,8.642252590727056,37.0,0.9732688831589569,main,
200/200/150/150/100/100/50/50,0.9,30.0,3.0,0.0,16,,0.2,12.0,steady,wrandom,4,24358,81.75500446046136,55.03215935602768,512.9602376638966,796.4174054022171,9.428976106412678,38.0,0.9810190486336038,main,
200/200/150/150/100/100/50/50,0.9,30.0,3.0,0.0,16,,0.2,12.0,steady,wrandom,5,24518,81.0549177592282,59.704357664309704,395.8807454713183,596.3819351925238,10.034994697773065,43.0,1.005194055569227,main,
200/200/150/150/100/100/50/50,0.9,30.0,3.0,0.0,16,,0.2,12.0,steady,wrandom,6,24384,77.25234414671871,50.84377402694429,444.4513553756398,670.7647519395376,8.507053805774278,29.0,1.0050581761677506,main,
200/200/150/150/100/100/50/50,0.9,30.0,3.0,0.0,16,,0.2,12.0,steady,wrandom,7,24123,78.31238418474909,45.98171876181567,386.74199164189207,474.91569862354856,9.653069684533433,64.0,1.0027122717624517,main,
200/200/150/150/100/100/50/50,0.9,30.0,3.0,0.0,16,,0.2,12.0,steady,wrandom,8,24435,81.21413899395596,48.57856137684635,440.20989755466553,564.8307372701487,9.18927767546552,44.0,0.962585787198917,main,
200/200/150/150/100/100/50/50,0.9,30.0,3.0,0.0,16,,0.2,12.0,steady,wrandom,9,24387,91.81935967586035,55.19569443414163,722.4972516316753,1029.8971950563796,9.589043342764588,36.0,0.9836706000750048,main,
200/200/150/150/100/100/50/50,0.9,30.0,3.0,0.0,64,,0.2,12.0,steady,greedy,0,24557,121.12542730767657,23.64395988425727,1446.7042643811876,7122.068932070112,11.643197458973,61.07999999999083,0.9817584108165335,main,
200/200/150/150/100/100/50/50,0.9,30.0,3.0,0.0,64,,0.2,12.0,steady,greedy,1,24312,83.58888669071344,16.39776952558769,2824.1282679527785,8162.54575967736,5.496915103652517,140.77999999999884,0.9731678454864294,main,
200/200/150/150/100/100/50/50,0.9,30.0,3.0,0.0,64,,0.2,12.0,steady,greedy,2,24431,119.43120812915082,17.641320228531043,3150.415566525964,11668.315289504018,7.3180385575703,129.60000000000582,0.9514641048579526,main,
200/200/150/150/100/100/50/50,0.9,30.0,3.0,0.0,64,,0.2,12.0,steady,greedy,3,24221,62.305810015640354,16.50189373527411,273.44902829018713,6241.584534813788,4.137318855538582,15.0,0.9590644082722819,main,
200/200/150/150/100/100/50/50,0.9,30.0,3.0,0.0,64,,0.2,12.0,steady,greedy,4,24358,89.0318651445895,20.02675405604748,162.25451271553354,8968.83909125147,6.213400114951966,22.0,0.9466371275435381,main,
200/200/150/150/100/100/50/50,0.9,30.0,3.0,0.0,64,,0.2,12.0,steady,greedy,5,24518,126.10785750133437,21.487998829057275,7114.274376897258,7948.309158959092,9.13679745493107,364.0,0.9784916524154672,main,
200/200/150/150/100/100/50/50,0.9,30.0,3.0,0.0,64,,0.2,12.0,steady,greedy,6,24384,135.52182296453063,22.926337922580586,5651.912404332917,9517.583724657796,9.286663385826772,297.3399999999965,0.986873011877131,main,
200/200/150/150/100/100/50/50,0.9,30.0,3.0,0.0,64,,0.2,12.0,steady,greedy,7,24123,106.6186595476444,15.483193906188575,5232.48424698648,9566.003661653844,6.28056211913941,266.0,0.9661965441087237,main,
200/200/150/150/100/100/50/50,0.9,30.0,3.0,0.0,64,,0.2,12.0,steady,greedy,8,24435,65.63367889175555,17.347126642270894,136.7434727302897,6951.284395411727,4.766196030284428,17.0,0.8947315770201605,main,
200/200/150/150/100/100/50/50,0.9,30.0,3.0,0.0,64,,0.2,12.0,steady,greedy,9,24387,66.12230669095023,17.1674139036071,146.83802213926998,8051.98749932142,4.908967892729733,18.0,0.9515524531149546,main,
200/200/150/150/100/100/50/50,0.9,30.0,3.0,0.0,64,,0.2,12.0,steady,greedy+lc,0,24557,121.12542730767657,23.64395988425727,1446.7042643811876,7122.068932070112,11.643197458973,61.07999999999083,0.9817584108165335,main,
200/200/150/150/100/100/50/50,0.9,30.0,3.0,0.0,64,,0.2,12.0,steady,greedy+lc,1,24312,83.58888669071344,16.39776952558769,2824.1282679527785,8162.54575967736,5.496915103652517,140.77999999999884,0.9731678454864294,main,
200/200/150/150/100/100/50/50,0.9,30.0,3.0,0.0,64,,0.2,12.0,steady,greedy+lc,2,24431,119.43120812915082,17.641320228531043,3150.415566525964,11668.315289504018,7.3180385575703,129.60000000000582,0.9514641048579526,main,
200/200/150/150/100/100/50/50,0.9,30.0,3.0,0.0,64,,0.2,12.0,steady,greedy+lc,3,24221,62.305810015640354,16.50189373527411,273.44902829018713,6241.584534813788,4.137318855538582,15.0,0.9590644082722819,main,
200/200/150/150/100/100/50/50,0.9,30.0,3.0,0.0,64,,0.2,12.0,steady,greedy+lc,4,24358,89.0318651445895,20.02675405604748,162.25451271553354,8968.83909125147,6.213400114951966,22.0,0.9466371275435381,main,
200/200/150/150/100/100/50/50,0.9,30.0,3.0,0.0,64,,0.2,12.0,steady,greedy+lc,5,24518,126.10785750133437,21.487998829057275,7114.274376897258,7948.309158959092,9.13679745493107,364.0,0.9784916524154672,main,
200/200/150/150/100/100/50/50,0.9,30.0,3.0,0.0,64,,0.2,12.0,steady,greedy+lc,6,24384,135.52182296453063,22.926337922580586,5651.912404332917,9517.583724657796,9.286663385826772,297.3399999999965,0.986873011877131,main,
200/200/150/150/100/100/50/50,0.9,30.0,3.0,0.0,64,,0.2,12.0,steady,greedy+lc,7,24123,106.6186595476444,15.483193906188575,5232.48424698648,9566.003661653844,6.28056211913941,266.0,0.9661965441087237,main,
200/200/150/150/100/100/50/50,0.9,30.0,3.0,0.0,64,,0.2,12.0,steady,greedy+lc,8,24435,65.63367889175555,17.347126642270894,136.7434727302897,6951.284395411727,4.766196030284428,17.0,0.8947315770201605,main,
200/200/150/150/100/100/50/50,0.9,30.0,3.0,0.0,64,,0.2,12.0,steady,greedy+lc,9,24387,66.12230669095023,17.1674139036071,146.83802213926998,8051.98749932142,4.908967892729733,18.0,0.9515524531149546,main,
200/200/150/150/100/100/50/50,0.9,30.0,3.0,0.0,64,,0.2,12.0,steady,jsq,0,24557,20.95572572335738,13.013133031062551,126.20028277608706,224.32929774231621,1.4807590503726025,7.0,0.8648963871848394,main,
200/200/150/150/100/100/50/50,0.9,30.0,3.0,0.0,64,,0.2,12.0,steady,jsq,1,24312,18.319615447504074,11.471874832620799,110.47873867392285,193.1154060575462,1.1755923000987167,5.0,0.836046173355694,main,
200/200/150/150/100/100/50/50,0.9,30.0,3.0,0.0,64,,0.2,12.0,steady,jsq,2,24431,19.403395710578007,12.24017593301241,119.40573394231826,198.7449385899172,1.3265113994515165,6.0,0.8777145656641798,main,
200/200/150/150/100/100/50/50,0.9,30.0,3.0,0.0,64,,0.2,12.0,steady,jsq,3,24221,18.01239568631516,11.46142515893711,111.04745151146886,182.1015056530451,1.1401676231369473,5.0,0.8806976380087855,main,
200/200/150/150/100/100/50/50,0.9,30.0,3.0,0.0,64,,0.2,12.0,steady,jsq,4,24358,20.102471751705846,12.977342249055113,118.2540306033549,203.5789912752699,1.3793414894490517,6.0,0.837406798980433,main,
200/200/150/150/100/100/50/50,0.9,30.0,3.0,0.0,64,,0.2,12.0,steady,jsq,5,24518,18.6649748462656,12.133540366921824,108.9252891427913,173.82214724451956,1.230646871686108,5.0,0.8607228430317414,main,
200/200/150/150/100/100/50/50,0.9,30.0,3.0,0.0,64,,0.2,12.0,steady,jsq,6,24384,19.215642111651356,12.40636832449793,110.01890341480788,181.24939930379853,1.2832185039370079,5.0,0.8686012059598418,main,
200/200/150/150/100/100/50/50,0.9,30.0,3.0,0.0,64,,0.2,12.0,steady,jsq,7,24123,17.521847279997193,11.145387451254152,108.99661786739584,185.32348051357977,1.0899970982050324,5.0,0.8457461794186123,main,
200/200/150/150/100/100/50/50,0.9,30.0,3.0,0.0,64,,0.2,12.0,steady,jsq,8,24435,18.36204844194224,11.623224472767646,109.72101054747134,185.88372227162546,1.1900552486187845,5.0,0.8191354669158738,main,
200/200/150/150/100/100/50/50,0.9,30.0,3.0,0.0,64,,0.2,12.0,steady,jsq,9,24387,18.872916567569387,12.269055049621613,111.57243857168787,181.21797808062672,1.247344896871284,6.0,0.8690188143854762,main,
200/200/150/150/100/100/50/50,0.9,30.0,3.0,0.0,64,,0.2,12.0,steady,jsq+lc,0,24557,20.95572572335738,13.013133031062551,126.20028277608706,224.32929774231621,1.4807590503726025,7.0,0.8648963871848394,main,
200/200/150/150/100/100/50/50,0.9,30.0,3.0,0.0,64,,0.2,12.0,steady,jsq+lc,1,24312,18.319615447504074,11.471874832620799,110.47873867392285,193.1154060575462,1.1755923000987167,5.0,0.836046173355694,main,
200/200/150/150/100/100/50/50,0.9,30.0,3.0,0.0,64,,0.2,12.0,steady,jsq+lc,2,24431,19.403395710578007,12.24017593301241,119.40573394231826,198.7449385899172,1.3265113994515165,6.0,0.8777145656641798,main,
200/200/150/150/100/100/50/50,0.9,30.0,3.0,0.0,64,,0.2,12.0,steady,jsq+lc,3,24221,18.01239568631516,11.46142515893711,111.04745151146886,182.1015056530451,1.1401676231369473,5.0,0.8806976380087855,main,
200/200/150/150/100/100/50/50,0.9,30.0,3.0,0.0,64,,0.2,12.0,steady,jsq+lc,4,24358,20.102471751705846,12.977342249055113,118.2540306033549,203.5789912752699,1.3793414894490517,6.0,0.837406798980433,main,
200/200/150/150/100/100/50/50,0.9,30.0,3.0,0.0,64,,0.2,12.0,steady,jsq+lc,5,24518,18.6649748462656,12.133540366921824,108.9252891427913,173.82214724451956,1.230646871686108,5.0,0.8607228430317414,main,
200/200/150/150/100/100/50/50,0.9,30.0,3.0,0.0,64,,0.2,12.0,steady,jsq+lc,6,24384,19.215642111651356,12.40636832449793,110.01890341480788,181.24939930379853,1.2832185039370079,5.0,0.8686012059598418,main,
200/200/150/150/100/100/50/50,0.9,30.0,3.0,0.0,64,,0.2,12.0,steady,jsq+lc,7,24123,17.521847279997193,11.145387451254152,108.99661786739584,185.32348051357977,1.0899970982050324,5.0,0.8457461794186123,main,
200/200/150/150/100/100/50/50,0.9,30.0,3.0,0.0,64,,0.2,12.0,steady,jsq+lc,8,24435,18.36204844194224,11.623224472767646,109.72101054747134,185.88372227162546,1.1900552486187845,5.0,0.8191354669158738,main,
200/200/150/150/100/100/50/50,0.9,30.0,3.0,0.0,64,,0.2,12.0,steady,jsq+lc,9,24387,18.872916567569387,12.269055049621613,111.57243857168787,181.21797808062672,1.247344896871284,6.0,0.8690188143854762,main,
200/200/150/150/100/100/50/50,0.9,30.0,3.0,0.0,64,,0.2,12.0,steady,p2c,0,24557,41.15617206955926,26.048942204202064,223.56191528387288,324.955571668995,3.4951744919982084,12.0,0.8630455887127009,main,
200/200/150/150/100/100/50/50,0.9,30.0,3.0,0.0,64,,0.2,12.0,steady,p2c,1,24312,36.63030619910025,23.296854138899814,210.45424836372675,312.708709465196,3.002467917077986,9.0,0.8405483148813411,main,
200/200/150/150/100/100/50/50,0.9,30.0,3.0,0.0,64,,0.2,12.0,steady,p2c,2,24431,38.72984813637156,24.494347855246623,219.23418676496976,304.78993645922736,3.220457615324792,10.0,0.8950588365960298,main,
200/200/150/150/100/100/50/50,0.9,30.0,3.0,0.0,64,,0.2,12.0,steady,p2c,3,24221,35.88638798544815,22.61418954466521,194.0029768071767,278.2604962268098,2.9053713719499608,8.0,0.8137722510300609,main,
200/200/150/150/100/100/50/50,0.9,30.0,3.0,0.0,64,,0.2,12.0,steady,p2c,4,24358,40.90103423600318,26.02415696835636,236.4129703707923,356.1352576085334,3.426759175630183,10.0,0.8380021926512033,main,
200/200/150/150/100/100/50/50,0.9,30.0,3.0,0.0,64,,0.2,12.0,steady,p2c,5,24518,38.47523946536213,24.72538419083925,219.818456610241,308.3904868032939,3.218941186067379,9.0,0.8840371071832512,main,
200/200/150/150/100/100/50/50,0.9,30.0,3.0,0.0,64,,0.2,12.0,steady,p2c,6,24384,38.18832932947029,24.030615574234915,227.45362497789196,349.0889896089002,3.132915026246719,9.0,0.8461764584890925,main,
200/200/150/150/100/100/50/50,0.9,30.0,3.0,0.0,64,,0.2,12.0,steady,p2c,7,24123,35.144030943222226,22.194119828125025,205.3572982194039,295.2308550302513,2.831281349749202,8.0,0.8339176029036774,main,
200/200/150/150/100/100/50/50,0.9,30.0,3.0,0.0,64,,0.2,12.0,steady,p2c,8,24435,37.23251428756313,23.384579854212717,210.29565286766402,340.38899989856026,3.070800081849806,10.0,0.84231063924257,main,
200/200/150/150/100/100/50/50,0.9,30.0,3.0,0.0,64,,0.2,12.0,steady,p2c,9,24387,38.10099295407578,25.515456486040478,199.52990386844013,310.5984729876964,3.194775905195391,9.0,0.8512970658688641,main,
200/200/150/150/100/100/50/50,0.9,30.0,3.0,0.0,64,,0.2,12.0,steady,p2c_learned,0,24557,40.6804698177296,27.686320141177667,167.06230610192213,1556.1123987143856,4.049110233334691,16.0,0.9117210386010033,main,
200/200/150/150/100/100/50/50,0.9,30.0,3.0,0.0,64,,0.2,12.0,steady,p2c_learned,1,24312,34.10328228108376,23.746128150224255,160.44451359667158,730.6939995189871,3.4744981901941427,17.0,0.8591091375846527,main,
200/200/150/150/100/100/50/50,0.9,30.0,3.0,0.0,64,,0.2,12.0,steady,p2c_learned,2,24431,32.61764178752988,25.011921899661615,132.1660222126845,532.9671643260901,3.3638000900495273,13.0,0.882429396169718,main,
200/200/150/150/100/100/50/50,0.9,30.0,3.0,0.0,64,,0.2,12.0,steady,p2c_learned,3,24221,33.011957431993615,23.824595316611408,153.96852258500616,490.1365615469561,3.3632797985219436,16.0,0.835143459040548,main,
200/200/150/150/100/100/50/50,0.9,30.0,3.0,0.0,64,,0.2,12.0,steady,p2c_learned,4,24358,35.66409482617413,27.131883111120914,154.24647524490862,414.9983114806547,3.749527875851876,15.0,0.8581167399684615,main,
200/200/150/150/100/100/50/50,0.9,30.0,3.0,0.0,64,,0.2,12.0,steady,p2c_learned,5,24518,36.664067926852006,25.376524515984045,148.52399886554133,1320.3171220095287,3.7415368300840197,18.0,0.8569939012437816,main,
200/200/150/150/100/100/50/50,0.9,30.0,3.0,0.0,64,,0.2,12.0,steady,p2c_learned,6,24384,34.270216612785745,25.690091964164274,145.48246017151823,915.5740896592132,3.560408464566929,14.0,0.8674872851108862,main,
200/200/150/150/100/100/50/50,0.9,30.0,3.0,0.0,64,,0.2,12.0,steady,p2c_learned,7,24123,32.92495367416079,22.408480771236583,146.92519036607698,1266.987224398631,3.212701571114704,14.0,0.8386537809670331,main,
200/200/150/150/100/100/50/50,0.9,30.0,3.0,0.0,64,,0.2,12.0,steady,p2c_learned,8,24435,30.809502540346617,23.544772972986294,125.14731872593003,426.17064116418567,3.0601186822181297,11.0,0.8350509793772954,main,
200/200/150/150/100/100/50/50,0.9,30.0,3.0,0.0,64,,0.2,12.0,steady,p2c_learned,9,24387,35.10489955521985,25.556880524646886,139.9357875794629,1162.8263488571529,3.571164964940337,14.0,0.8825249773917048,main,
200/200/150/150/100/100/50/50,0.9,30.0,3.0,0.0,64,,0.2,12.0,steady,sed,0,24557,20.488547809688075,15.57581454922996,84.09167881414498,124.39270024192142,2.1253410432870465,11.0,0.940438608939483,main,
200/200/150/150/100/100/50/50,0.9,30.0,3.0,0.0,64,,0.2,12.0,steady,sed,1,24312,18.02858380234087,14.08965126629802,71.92732145614276,105.04849333147776,1.7511928265876933,8.0,0.9197079089906333,main,
200/200/150/150/100/100/50/50,0.9,30.0,3.0,0.0,64,,0.2,12.0,steady,sed,2,24431,19.26228123376545,14.919056143249065,76.50516932753324,122.76496627830245,1.9737628422905324,9.0,0.9365264510295888,main,
200/200/150/150/100/100/50/50,0.9,30.0,3.0,0.0,64,,0.2,12.0,steady,sed,3,24221,17.677615868474696,13.891547349738076,68.8667642364194,103.86914893548925,1.7146690888072333,7.0,0.8957132352556847,main,
200/200/150/150/100/100/50/50,0.9,30.0,3.0,0.0,64,,0.2,12.0,steady,sed,4,24358,19.756638702249457,15.407737102973051,76.1437725799748,105.5465427631875,2.006404466704984,9.0,0.9124974279119122,main,
200/200/150/150/100/100/50/50,0.9,30.0,3.0,0.0,64,,0.2,12.0,steady,sed,5,24518,18.288758696552687,14.668605515097966,66.7169237697024,93.80629519839829,1.8132800391549067,7.0,0.9509924329690421,main,
200/200/150/150/100/100/50/50,0.9,30.0,3.0,0.0,64,,0.2,12.0,steady,sed,6,24384,18.832129438391572,14.84972530905404,71.35508692943267,101.42667011946722,1.8671669947506562,8.0,0.9400068781555682,main,
200/200/150/150/100/100/50/50,0.9,30.0,3.0,0.0,64,,0.2,12.0,steady,sed,7,24123,17.260797915157482,13.555015593453845,64.82231978295923,89.05162101096707,1.6592049081789164,7.0,0.8986119325572803,main,
200/200/150/150/100/100/50/50,0.9,30.0,3.0,0.0,64,,0.2,12.0,steady,sed,8,24435,18.08107295318856,14.269450488267665,70.55392372832705,108.45000677899539,1.7936566400654799,8.0,0.917400562582013,main,
200/200/150/150/100/100/50/50,0.9,30.0,3.0,0.0,64,,0.2,12.0,steady,sed,9,24387,18.502446448131938,14.540978875135835,71.8659722772205,109.3692088237267,1.835978185098618,9.0,0.9422065251715878,main,
200/200/150/150/100/100/50/50,0.9,30.0,3.0,0.0,64,,0.2,12.0,steady,ts,0,24557,61.53965110983617,21.291015966063753,267.35248596667583,7623.7837783067025,6.304271694425215,39.0,0.9776587312580217,main,
200/200/150/150/100/100/50/50,0.9,30.0,3.0,0.0,64,,0.2,12.0,steady,ts,1,24312,38.97623136996024,16.067194216144998,100.74688403849648,7929.5915394864005,3.1556433037183282,12.0,0.9521661997588257,main,
200/200/150/150/100/100/50/50,0.9,30.0,3.0,0.0,64,,0.2,12.0,steady,ts,2,24431,25.29106593594399,17.153699157088198,110.78814622535558,178.1914339423724,2.742744873316688,15.0,0.9423783516409214,main,
200/200/150/150/100/100/50/50,0.9,30.0,3.0,0.0,64,,0.2,12.0,steady,ts,3,24221,35.88009398949038,16.115934459250525,87.18478816049915,6018.102912274153,2.994756616159531,10.0,0.9561287333355177,main,
200/200/150/150/100/100/50/50,0.9,30.0,3.0,0.0,64,,0.2,12.0,steady,ts,4,24358,56.52481480765599,20.11456278925472,184.45895647524867,5950.909833084398,5.607685360045981,31.0,0.930663686689116,main,
200/200/150/150/100/100/50/50,0.9,30.0,3.0,0.0,64,,0.2,12.0,steady,ts,5,24518,30.97163851824296,16.38754575385626,128.5822424993573,4054.266834046504,2.969328656497267,20.0,0.9447605523844962,main,
200/200/150/150/100/100/50/50,0.9,30.0,3.0,0.0,64,,0.2,12.0,steady,ts,6,24384,41.095022349822834,18.36247246180278,123.46995708842621,7902.025749613765,3.611220472440945,16.0,0.9783487004058409,main,
200/200/150/150/100/100/50/50,0.9,30.0,3.0,0.0,64,,0.2,12.0,steady,ts,7,24123,37.126111876246654,17.275358276122255,136.09145456227142,5866.42952467025,3.3649214442648097,17.0,0.9324294730997618,main,
200/200/150/150/100/100/50/50,0.9,30.0,3.0,0.0,64,,0.2,12.0,steady,ts,8,24435,23.294646614767593,14.78718785074662,90.11841456895253,2572.8242713217655,2.070063433599345,9.0,0.842490640748407,main,
200/200/150/150/100/100/50/50,0.9,30.0,3.0,0.0,64,,0.2,12.0,steady,ts,9,24387,34.424570745021136,17.616241300062896,170.58001633635175,356.364483458476,3.807356378398327,26.0,0.9627782168691463,main,
200/200/150/150/100/100/50/50,0.9,30.0,3.0,0.0,64,,0.2,12.0,steady,ts+lc,0,24557,61.53965110983617,21.291015966063753,267.35248596667583,7623.7837783067025,6.304271694425215,39.0,0.9776587312580217,main,
200/200/150/150/100/100/50/50,0.9,30.0,3.0,0.0,64,,0.2,12.0,steady,ts+lc,1,24312,38.97623136996024,16.067194216144998,100.74688403849648,7929.5915394864005,3.1556433037183282,12.0,0.9521661997588257,main,
200/200/150/150/100/100/50/50,0.9,30.0,3.0,0.0,64,,0.2,12.0,steady,ts+lc,2,24431,25.29106593594399,17.153699157088198,110.78814622535558,178.1914339423724,2.742744873316688,15.0,0.9423783516409214,main,
200/200/150/150/100/100/50/50,0.9,30.0,3.0,0.0,64,,0.2,12.0,steady,ts+lc,3,24221,35.88009398949038,16.115934459250525,87.18478816049915,6018.102912274153,2.994756616159531,10.0,0.9561287333355177,main,
200/200/150/150/100/100/50/50,0.9,30.0,3.0,0.0,64,,0.2,12.0,steady,ts+lc,4,24358,56.52481480765599,20.11456278925472,184.45895647524867,5950.909833084398,5.607685360045981,31.0,0.930663686689116,main,
200/200/150/150/100/100/50/50,0.9,30.0,3.0,0.0,64,,0.2,12.0,steady,ts+lc,5,24518,30.97163851824296,16.38754575385626,128.5822424993573,4054.266834046504,2.969328656497267,20.0,0.9447605523844962,main,
200/200/150/150/100/100/50/50,0.9,30.0,3.0,0.0,64,,0.2,12.0,steady,ts+lc,6,24384,41.095022349822834,18.36247246180278,123.46995708842621,7902.025749613765,3.611220472440945,16.0,0.9783487004058409,main,
200/200/150/150/100/100/50/50,0.9,30.0,3.0,0.0,64,,0.2,12.0,steady,ts+lc,7,24123,37.126111876246654,17.275358276122255,136.09145456227142,5866.42952467025,3.3649214442648097,17.0,0.9324294730997618,main,
200/200/150/150/100/100/50/50,0.9,30.0,3.0,0.0,64,,0.2,12.0,steady,ts+lc,8,24435,23.294646614767593,14.78718785074662,90.11841456895253,2572.8242713217655,2.070063433599345,9.0,0.842490640748407,main,
200/200/150/150/100/100/50/50,0.9,30.0,3.0,0.0,64,,0.2,12.0,steady,ts+lc,9,24387,34.424570745021136,17.616241300062896,170.58001633635175,356.364483458476,3.807356378398327,26.0,0.9627782168691463,main,
200/200/150/150/100/100/50/50,0.9,30.0,3.0,0.0,64,,0.2,12.0,steady,ts_epoch,0,24557,192.93008218947776,54.949964575143895,4875.269514934215,11999.148214138226,16.649305696949952,226.0,1.386751599897721,main,
200/200/150/150/100/100/50/50,0.9,30.0,3.0,0.0,64,,0.2,12.0,steady,ts_epoch,1,24312,85.97658575117494,32.714540367246414,234.79533011587804,7071.831807041429,6.766699572227706,21.0,1.2737730608779745,main,
200/200/150/150/100/100/50/50,0.9,30.0,3.0,0.0,64,,0.2,12.0,steady,ts_epoch,2,24431,210.7916401916067,43.157611398867424,8515.215141177507,10302.855465379274,14.693135770128116,421.0,1.3370455952105613,main,
200/200/150/150/100/100/50/50,0.9,30.0,3.0,0.0,64,,0.2,12.0,steady,ts_epoch,3,24221,111.45563809615476,34.088282592602326,2073.06378430465,8907.054728233168,8.009991329837744,99.59999999999854,1.2539424623724116,main,
200/200/150/150/100/100/50/50,0.9,30.0,3.0,0.0,64,,0.2,12.0,steady,ts_epoch,4,24358,84.29610205283382,37.935369462652304,216.61402152165357,8632.079179651115,7.3710895804253225,28.0,1.281247036700897,main,
200/200/150/150/100/100/50/50,0.9,30.0,3.0,0.0,64,,0.2,12.0,steady,ts_epoch,5,24518,174.03424897587917,42.32695370500039,7322.326839872291,8362.887501298896,13.347091932457786,333.0,1.2697249304706397,main,
200/200/150/150/100/100/50/50,0.9,30.0,3.0,0.0,64,,0.2,12.0,steady,ts_epoch,6,24384,128.50128299811934,37.63613364853402,3646.3010039110477,8796.390396648394,9.63517060367454,184.16999999999825,1.3153636393031085,main,
200/200/150/150/100/100/50/50,0.9,30.0,3.0,0.0,64,,0.2,12.0,steady,ts_epoch,7,24123,169.42054023255187,37.22743171326037,6319.5371334102,11311.84086227582,11.33461841396178,331.0,1.347869844458678,main,
200/200/150/150/100/100/50/50,0.9,30.0,3.0,0.0,64,,0.2,12.0,steady,ts_epoch,8,24435,116.63444990207132,40.89675708759799,4265.1731296518055,6554.083654075256,9.886924493554329,206.63999999999942,1.244308665085462,main,
200/200/150/150/100/100/50/50,0.9,30.0,3.0,0.0,64,,0.2,12.0,steady,ts_epoch,9,24387,121.75708438651286,40.15944271078453,5417.6775795100975,7611.410668536453,9.679706400951327,230.41999999999825,1.2920300941461365,main,
200/200/150/150/100/100/50/50,0.9,30.0,3.0,0.0,64,,0.2,12.0,steady,wrandom,0,24557,95.33556820266804,59.23525700220722,924.637822202923,1325.5989701789574,10.499165207476484,46.0,0.9653101750099682,main,
200/200/150/150/100/100/50/50,0.9,30.0,3.0,0.0,64,,0.2,12.0,steady,wrandom,1,24312,85.45704652544708,51.09221369236039,522.9957765055208,781.0146685028777,9.61241362290227,39.88999999999942,1.03979729282575,main,
200/200/150/150/100/100/50/50,0.9,30.0,3.0,0.0,64,,0.2,12.0,steady,wrandom,2,24431,78.42465810776277,52.72940539610005,345.48849304194056,449.6075949238404,9.727272727272727,43.0,1.0388773187732792,main,
200/200/150/150/100/100/50/50,0.9,30.0,3.0,0.0,64,,0.2,12.0,steady,wrandom,3,24221,65.74698523661246,43.354762045153095,326.89124004172163,500.66561367942427,7.397341150241526,30.0,1.0336021483883986,main,
200/200/150/150/100/100/50/50,0.9,30.0,3.0,0.0,64,,0.2,12.0,steady,wrandom,4,24358,85.33806200093066,54.86620237862194,495.2469935920462,641.4167156166435,9.26804335331308,35.0,1.004660991911814,main,
200/200/150/150/100/100/50/50,0.9,30.0,3.0,0.0,64,,0.2,12.0,steady,wrandom,5,24518,111.01237239506368,54.71754717571198,924.1908842142901,1344.7529970044063,11.554123501101232,57.0,0.9888118618852614,main,
200/200/150/150/100/100/50/50,0.9,30.0,3.0,0.0,64,,0.2,12.0,steady,wrandom,6,24384,79.49912715417877,54.49236346894626,363.1542096103785,495.5652958141837,9.479699803149606,39.0,0.9823466308194344,main,
200/200/150/150/100/100/50/50,0.9,30.0,3.0,0.0,64,,0.2,12.0,steady,wrandom,7,24123,60.88488921292718,42.77230764958784,269.4585982450973,431.9497346729152,7.3446088794926006,34.0,0.9940804515963139,main,
200/200/150/150/100/100/50/50,0.9,30.0,3.0,0.0,64,,0.2,12.0,steady,wrandom,8,24435,89.23124846978577,54.81675719605761,529.7270339007805,689.1769756917897,10.330632289748312,49.0,0.9896765622015922,main,
200/200/150/150/100/100/50/50,0.9,30.0,3.0,0.0,64,,0.2,12.0,steady,wrandom,9,24387,79.90925981835113,52.90873007130781,389.79610167311716,519.9955067467212,9.669660064788618,45.0,0.9640695597046816,main,
200/200/150/150/100/100/50/50,0.9,30.0,3.0,0.01,1,,0.2,12.0,steady,greedy,0,24557,81.13576313924513,74.95059572191742,214.62453250844908,319.7962374755128,11.581219204300199,29.43999999999869,4.835977269208945,main,
200/200/150/150/100/100/50/50,0.9,30.0,3.0,0.01,1,,0.2,12.0,steady,greedy,1,24312,78.41832902857776,73.30015247545418,196.47865910763028,265.7311134206271,11.459114840408029,28.0,4.109211070518907,main,
200/200/150/150/100/100/50/50,0.9,30.0,3.0,0.01,1,,0.2,12.0,steady,greedy,2,24431,74.60158860095827,69.51834016255809,193.76442249606785,288.73937313377263,10.923171380622978,27.0,4.726936050593804,main,
200/200/150/150/100/100/50/50,0.9,30.0,3.0,0.01,1,,0.2,12.0,steady,greedy,3,24221,63.27853766719759,58.28985858804003,181.98226235092125,251.44843523810184,8.929276247884067,21.0,4.736496364104218,main,
200/200/150/150/100/100/50/50,0.9,30.0,3.0,0.01,1,,0.2,12.0,steady,greedy,4,24358,76.2872561633098,72.0258667696303,189.34758644047122,276.8420429985729,10.922612693981444,25.0,4.727225120759359,main,
200/200/150/150/100/100/50/50,0.9,30.0,3.0,0.01,1,,0.2,12.0,steady,greedy,5,24518,79.86800103655085,75.31992725825498,202.99237115117987,342.4863471895449,11.545680724365772,27.0,5.016666087373702,main,
200/200/150/150/100/100/50/50,0.9,30.0,3.0,0.01,1,,0.2,12.0,steady,greedy,6,24384,70.48551821442098,65.8913892435411,183.93577839464353,291.5705057760043,10.02038221784777,23.0,4.760692861527675,main,
200/200/150/150/100/100/50/50,0.9,30.0,3.0,0.01,1,,0.2,12.0,steady,greedy,7,24123,65.30530185003097,60.326024718900584,181.93215353987367,272.2938213375949,9.407992372424657,23.0,4.527312280715916,main,
200/200/150/150/100/100/50/50,0.9,30.0,3.0,0.01,1,,0.2,12.0,steady,greedy,8,24435,71.49927578937233,66.46536932951008,188.47707152367283,287.84440541844253,10.35072641702476,25.0,4.720621816766258,main,
200/200/150/150/100/100/50/50,0.9,30.0,3.0,0.01,1,,0.2,12.0,steady,greedy,9,24387,71.18192035585632,66.33548621050167,181.8951302135502,244.66334215193683,10.154508549637102,24.0,4.745729911539234,main,
200/200/150/150/100/100/50/50,0.9,30.0,3.0,0.01,1,,0.2,12.0,steady,greedy+lc,0,24557,25.721644316239797,21.147050576278303,95.58750196169213,147.80234305714765,2.9086614814513174,12.0,0.9039243283662481,main,
200/200/150/150/100/100/50/50,0.9,30.0,3.0,0.01,1,,0.2,12.0,steady,greedy+lc,1,24312,22.047073706582005,17.888532077993347,80.08397213867185,115.13402417786251,2.3653751233958538,9.0,0.8987652142346338,main,
200/200/150/150/100/100/50/50,0.9,30.0,3.0,0.01,1,,0.2,12.0,steady,greedy+lc,2,24431,23.32064864529087,18.52423314440088,85.33325641365539,122.62458565162906,2.6367729523965453,12.0,0.9278701913697454,main,
200/200/150/150/100/100/50/50,0.9,30.0,3.0,0.01,1,,0.2,12.0,steady,greedy+lc,3,24221,21.898427018815394,18.11008037699935,76.889757666812,110.82557691780731,2.398992609718839,9.0,0.8806811769045095,main,
200/200/150/150/100/100/50/50,0.9,30.0,3.0,0.01,1,,0.2,12.0,steady,greedy+lc,4,24358,24.163498032535617,19.7625561992405,86.49018410179663,121.93174953114267,2.6593726906971016,10.0,0.8892941490614027,main,
200/200/150/150/100/100/50/50,0.9,30.0,3.0,0.01,1,,0.2,12.0,steady,greedy+lc,5,24518,23.240127885529432,19.653264575684837,78.96416092667528,106.63905643406902,2.6056774614568887,9.0,0.934902154544369,main,
200/200/150/150/100/100/50/50,0.9,30.0,3.0,0.01,1,,0.2,12.0,steady,greedy+lc,6,24384,22.87124624969188,19.101162821682838,79.33444094140424,113.90844776342804,2.511605971128609,9.0,0.8778126668611383,main,
200/200/150/150/100/100/50/50,0.9,30.0,3.0,0.01,1,,0.2,12.0,steady,greedy+lc,7,24123,20.928177033978983,16.952856366748037,76.68012488015664,106.87643157965185,2.207395431745637,9.0,0.8682118634158984,main,
200/200/150/150/100/100/50/50,0.9,30.0,3.0,0.01,1,,0.2,12.0,steady,greedy+lc,8,24435,21.92685137049957,17.7952048868395,81.47350040743169,124.65902299814336,2.369183548189073,9.0,0.8699086794127097,main,
200/200/150/150/100/100/50/50,0.9,30.0,3.0,0.01,1,,0.2,12.0,steady,greedy+lc,9,24387,22.721276176890527,18.84686936202229,79.20122859236709,116.79841474672097,2.484848484848485,10.0,0.8845982358819504,main,
200/200/150/150/100/100/50/50,0.9,30.0,3.0,0.01,1,,0.2,12.0,steady,jsq,0,24557,42.976942950378756,29.384566262045553,232.69428457465543,413.30047764296626,4.141426069959685,14.0,3.65324943804252,main,
200/200/150/150/100/100/50/50,0.9,30.0,3.0,0.01,1,,0.2,12.0,steady,jsq,1,24312,38.72453676154956,26.283264410413842,208.1484174029649,321.9778739485781,3.6763738071734124,13.0,3.3794364699146735,main,
200/200/150/150/100/100/50/50,0.9,30.0,3.0,0.01,1,,0.2,12.0,steady,jsq,2,24431,39.80160688457231,26.360241452574762,235.81305990536342,451.69777241870236,3.748843682207032,13.0,3.5386084547039767,main,
200/200/150/150/100/100/50/50,0.9,30.0,3.0,0.01,1,,0.2,12.0,steady,jsq,3,24221,38.89016308852345,26.168337498345906,219.82544259180833,336.16001247865154,3.643449898848107,13.0,3.359419881002925,main,
200/200/150/150/100/100/50/50,0.9,30.0,3.0,0.01,1,,0.2,12.0,steady,jsq,4,24358,40.94465596942338,27.862207506546,221.60626398331527,342.4009463501222,3.90007389769275,13.0,3.5702245829298302,main,
200/200/150/150/100/100/50/50,0.9,30.0,3.0,0.01,1,,0.2,12.0,steady,jsq,5,24518,40.52431069591537,27.67819053226539,223.11314462008826,377.32187468539746,3.836609837670283,13.0,3.5951321972693346,main,
200/200/150/150/100/100/50/50,0.9,30.0,3.0,0.01,1,,0.2,12.0,steady,jsq,6,24384,40.3280509775474,27.260982271002376,222.40867973625723,374.94337185477957,3.7953576115485563,13.0,3.52280804669753,main,
200/200/150/150/100/100/50/50,0.9,30.0,3.0,0.01,1,,0.2,12.0,steady,jsq,7,24123,37.44454460528123,24.88312629390066,223.65822516571382,341.3568173809116,3.4746922024623803,12.0,3.249881494795246,main,
200/200/150/150/100/100/50/50,0.9,30.0,3.0,0.01,1,,0.2,12.0,steady,jsq,8,24435,40.23150265044934,26.856350037339993,226.42762447816727,363.44613950628377,3.8085942295887047,13.0,3.5176179891070745,main,
200/200/150/150/100/100/50/50,0.9,30.0,3.0,0.01,1,,0.2,12.0,steady,jsq,9,24387,40.10383838470419,27.325913978078376,217.62555162243953,349.12490220315823,3.795464796817977,13.0,3.515621977076827,main,
200/200/150/150/100/100/50/50,0.9,30.0,3.0,0.01,1,,0.2,12.0,steady,jsq+lc,0,24557,27.720633002253834,17.747140994515576,157.18630689200515,244.43639953368134,2.1727002484016777,9.0,0.8390193398104437,main,
200/200/150/150/100/100/50/50,0.9,30.0,3.0,0.01,1,,0.2,12.0,steady,jsq+lc,1,24312,24.497884659992295,15.566261381077418,145.96211115642552,241.18504286206644,1.790185916419875,6.0,0.8375016191689284,main,
200/200/150/150/100/100/50/50,0.9,30.0,3.0,0.01,1,,0.2,12.0,steady,jsq+lc,2,24431,25.45795972998155,16.16826398027804,151.64318274653417,249.2051484457134,1.9350415455773402,7.0,0.8399058428996256,main,
200/200/150/150/100/100/50/50,0.9,30.0,3.0,0.01,1,,0.2,12.0,steady,jsq+lc,3,24221,24.03183275298324,15.615659070132182,136.2581496223193,218.32770066712047,1.7393996944799968,6.0,0.8163848986500197,main,
200/200/150/150/100/100/50/50,0.9,30.0,3.0,0.01,1,,0.2,12.0,steady,jsq+lc,4,24358,26.097449121939988,17.14052699465274,150.621816374667,235.08032395004255,1.9732326135150668,7.0,0.7846226620207417,main,
200/200/150/150/100/100/50/50,0.9,30.0,3.0,0.01,1,,0.2,12.0,steady,jsq+lc,5,24518,24.933958796668772,16.262633603309595,143.7787102188993,209.87759082543303,1.8527204502814258,6.0,0.8294365629821022,main,
200/200/150/150/100/100/50/50,0.9,30.0,3.0,0.01,1,,0.2,12.0,steady,jsq+lc,6,24384,25.250204953401216,16.641877685991346,145.68028918168352,254.0213395734625,1.8810695538057742,6.0,0.8433449368246699,main,
200/200/150/150/100/100/50/50,0.9,30.0,3.0,0.01,1,,0.2,12.0,steady,jsq+lc,7,24123,23.264417660444007,14.866973382490656,136.37355758785762,206.66185401826849,1.6695270074203044,6.0,0.8034423606042854,main,
200/200/150/150/100/100/50/50,0.9,30.0,3.0,0.01,1,,0.2,12.0,steady,jsq+lc,8,24435,24.82571707699595,15.963280527671486,139.07270662375936,205.52813993577814,1.855657867812564,7.0,0.7767450024154978,main,
200/200/150/150/100/100/50/50,0.9,30.0,3.0,0.01,1,,0.2,12.0,steady,jsq+lc,9,24387,25.30439934092227,16.293059478257987,150.92047374253045,238.20815671652002,1.8921556567023414,7.0,0.8196662812731901,main,
200/200/150/150/100/100/50/50,0.9,30.0,3.0,0.01,1,,0.2,12.0,steady,p2c,0,24557,44.844113945945686,28.579131504123723,259.4121936633523,402.88894602272535,3.898481084823065,13.0,1.0182257601607363,main,
200/200/150/150/100/100/50/50,0.9,30.0,3.0,0.01,1,,0.2,12.0,steady,p2c,1,24312,41.329992708868375,26.266881018210064,237.74479825029235,339.63324027646837,3.4745804540967424,10.0,1.0224802575702063,main,
200/200/150/150/100/100/50/50,0.9,30.0,3.0,0.01,1,,0.2,12.0,steady,p2c,2,24431,41.009119839164754,26.05376444601859,227.51934809081428,326.3311134720381,3.50341778887479,11.0,0.9977631187504055,main,
200/200/150/150/100/100/50/50,0.9,30.0,3.0,0.01,1,,0.2,12.0,steady,p2c,3,24221,39.58663091732146,25.170764388204425,231.64917762035972,317.38491498523956,3.273522975929978,9.0,0.9978475829088607,main,
200/200/150/150/100/100/50/50,0.9,30.0,3.0,0.01,1,,0.2,12.0,steady,p2c,4,24358,43.51137061621057,27.55162652812615,244.14207546674075,332.809546773058,3.7062156170457343,11.0,1.011193702376671,main,
200/200/150/150/100/100/50/50,0.9,30.0,3.0,0.01,1,,0.2,12.0,steady,p2c,5,24518,42.74063009220792,26.929871037086883,233.1906082881467,313.8472242479957,3.6259074965331592,10.0,1.0561307778346487,main,
200/200/150/150/100/100/50/50,0.9,30.0,3.0,0.01,1,,0.2,12.0,steady,p2c,6,24384,42.10164860476885,26.946350974593525,234.69561275389003,348.21460318320896,3.540764435695538,10.0,0.9818037777853821,main,
200/200/150/150/100/100/50/50,0.9,30.0,3.0,0.01,1,,0.2,12.0,steady,p2c,7,24123,38.493492945607784,23.640738361892843,230.10843987337216,336.8427993665174,3.184802885213282,11.0,0.9945018500332432,main,
200/200/150/150/100/100/50/50,0.9,30.0,3.0,0.01,1,,0.2,12.0,steady,p2c,8,24435,40.59565315218745,25.37296258324062,241.5348834678048,342.3466721495457,3.4042971147943524,10.0,0.946864367526341,main,
200/200/150/150/100/100/50/50,0.9,30.0,3.0,0.01,1,,0.2,12.0,steady,p2c,9,24387,42.52126113323132,27.62576755859314,233.05604880811362,363.4829517933581,3.6211916184852586,12.0,0.9679633694262211,main,
200/200/150/150/100/100/50/50,0.9,30.0,3.0,0.01,1,,0.2,12.0,steady,p2c_learned,0,24557,34.41136150092153,27.199373641323632,130.53597504647365,192.67308122925496,3.6848556419758114,14.0,1.0606587878448366,main,
200/200/150/150/100/100/50/50,0.9,30.0,3.0,0.01,1,,0.2,12.0,steady,p2c_learned,1,24312,30.175053149173007,23.77842806528019,117.0208627329318,178.12793256288333,3.1520236920039486,11.0,1.0473732926724972,main,
200/200/150/150/100/100/50/50,0.9,30.0,3.0,0.01,1,,0.2,12.0,steady,p2c_learned,2,24431,32.169932334554275,25.888216881261528,123.53746847103679,230.13065989286784,3.4430436740207115,12.0,1.021707310811104,main,
200/200/150/150/100/100/50/50,0.9,30.0,3.0,0.01,1,,0.2,12.0,steady,p2c_learned,3,24221,29.685319535644368,24.373920886870515,108.98613049712384,170.6392495860866,3.077040584616655,10.0,0.9929847840572902,main,
200/200/150/150/100/100/50/50,0.9,30.0,3.0,0.01,1,,0.2,12.0,steady,p2c_learned,4,24358,32.64398092082164,26.622742993720916,124.77722513349714,183.58695517597357,3.4565645783726087,11.0,1.0585752805478128,main,
200/200/150/150/100/100/50/50,0.9,30.0,3.0,0.01,1,,0.2,12.0,steady,p2c_learned,5,24518,31.515951874738153,26.018153654672638,116.76875749084269,190.68498350376228,3.3806183212333796,10.0,1.010667086942323,main,
200/200/150/150/100/100/50/50,0.9,30.0,3.0,0.01,1,,0.2,12.0,steady,p2c_learned,6,24384,32.37647843255317,26.226107047589764,121.53221304366232,180.59910429284423,3.3874671916010497,11.0,1.044840847812712,main,
200/200/150/150/100/100/50/50,0.9,30.0,3.0,0.01,1,,0.2,12.0,steady,p2c_learned,7,24123,29.15177217005141,22.852910326172093,116.00261996626675,172.47448272648305,2.9637690171205904,10.0,0.9805988861417446,main,
200/200/150/150/100/100/50/50,0.9,30.0,3.0,0.01,1,,0.2,12.0,steady,p2c_learned,8,24435,29.799940493816223,23.840329318195685,116.88926786861707,174.0211798329854,3.138244321669736,11.0,0.9792043119352218,main,
200/200/150/150/100/100/50/50,0.9,30.0,3.0,0.01,1,,0.2,12.0,steady,p2c_learned,9,24387,31.958415170742835,26.23077974990906,117.29896193177093,175.67838901362938,3.395538606634682,12.0,1.0364050546398864,main,
200/200/150/150/100/100/50/50,0.9,30.0,3.0,0.01,1,,0.2,12.0,steady,sed,0,24557,43.17652820616198,33.91673440553422,182.5550478016372,320.00871629869835,4.955450584354766,16.0,4.050399125338333,main,
200/200/150/150/100/100/50/50,0.9,30.0,3.0,0.01,1,,0.2,12.0,steady,sed,1,24312,39.88385062943086,31.078549909519637,167.08746041465977,263.9609185632435,4.524103323461665,14.0,3.874917717194205,main,
200/200/150/150/100/100/50/50,0.9,30.0,3.0,0.01,1,,0.2,12.0,steady,sed,2,24431,41.13004492026128,31.971684501318265,182.77527707165615,324.38144497765654,4.6637878105685395,15.0,4.042458251958086,main,
200/200/150/150/100/100/50/50,0.9,30.0,3.0,0.01,1,,0.2,12.0,steady,sed,3,24221,39.49569520671186,31.12359319355562,163.286118815775,267.2354374645293,4.472688988893935,14.0,3.9730745577440567,main,
200/200/150/150/100/100/50/50,0.9,30.0,3.0,0.01,1,,0.2,12.0,steady,sed,4,24358,41.50433497981113,32.10564052327136,185.18125032198512,309.8800113447233,4.645291074800887,15.0,3.9035451735691864,main,
200/200/150/150/100/100/50/50,0.9,30.0,3.0,0.01,1,,0.2,12.0,steady,sed,5,24518,40.24914696773697,31.47093589224781,172.3991161248967,281.64244797040385,4.578758463169916,15.0,4.04689221280327,main,
200/200/150/150/100/100/50/50,0.9,30.0,3.0,0.01,1,,0.2,12.0,steady,sed,6,24384,40.721021671022555,32.296845619587344,170.78745443722585,283.5858628794663,4.617331036745407,14.0,3.914701331795918,main,
200/200/150/150/100/100/50/50,0.9,30.0,3.0,0.01,1,,0.2,12.0,steady,sed,7,24123,38.57318696179174,30.045274993060644,164.17696409776966,289.68118922936793,4.4012767897856815,14.0,3.8163445500724857,main,
200/200/150/150/100/100/50/50,0.9,30.0,3.0,0.01,1,,0.2,12.0,steady,sed,8,24435,39.98204571521537,31.274909596090694,177.62704145222452,298.92093106197746,4.517618170656845,14.0,3.8707778801599266,main,
200/200/150/150/100/100/50/50,0.9,30.0,3.0,0.01,1,,0.2,12.0,steady,sed,9,24387,40.61666751899947,32.042347320352604,172.27752860593617,271.825472693005,4.583548611965392,15.0,3.9533432554588868,main,
200/200/150/150/100/100/50/50,0.9,30.0,3.0,0.01,1,,0.2,12.0,steady,ts,0,24557,81.48336180647566,74.1813670610636,223.81111478734215,313.41603938057835,11.673087103473552,34.0,4.56759873171894,main,
200/200/150/150/100/100/50/50,0.9,30.0,3.0,0.01,1,,0.2,12.0,steady,ts,1,24312,65.20012774331911,59.68095546735519,178.01065979887977,257.6705100073655,9.285373478117801,21.0,4.502623521249301,main,
200/200/150/150/100/100/50/50,0.9,30.0,3.0,0.01,1,,0.2,12.0,steady,ts,2,24431,69.24614188414016,63.77340507674489,187.51948533595652,273.8874639278677,9.970611108837133,24.0,4.804725638078368,main,
200/200/150/150/100/100/50/50,0.9,30.0,3.0,0.01,1,,0.2,12.0,steady,ts,3,24221,60.03733633164281,55.168276650398695,166.56175725547155,243.23589783818818,8.439205647991413,20.0,4.440793120551353,main,
200/200/150/150/100/100/50/50,0.9,30.0,3.0,0.01,1,,0.2,12.0,steady,ts,4,24358,63.71334494529923,58.57970099406096,174.29210872177129,262.80461559069136,8.932670991050168,22.0,4.466267203642829,main,
200/200/150/150/100/100/50/50,0.9,30.0,3.0,0.01,1,,0.2,12.0,steady,ts,5,24518,63.50926855191721,59.23970632120312,169.18852189660228,278.20240759480953,9.025491475650542,22.0,4.4345320568464395,main,
200/200/150/150/100/100/50/50,0.9,30.0,3.0,0.01,1,,0.2,12.0,steady,ts,6,24384,67.95803626103026,63.721349038881044,177.5468762760182,245.89989758786754,9.520710301837271,23.0,4.0566374100142735,main,
200/200/150/150/100/100/50/50,0.9,30.0,3.0,0.01,1,,0.2,12.0,steady,ts,7,24123,59.6049231408862,54.44278381230916,164.05853465979433,223.8872589886694,8.462546117812876,21.0,4.484380170551958,main,
200/200/150/150/100/100/50/50,0.9,30.0,3.0,0.01,1,,0.2,12.0,steady,ts,8,24435,62.89365649390533,57.702541369819116,178.12548586138146,302.67229575623435,8.81890730509515,22.0,4.434469695442356,main,
200/200/150/150/100/100/50/50,0.9,30.0,3.0,0.01,1,,0.2,12.0,steady,ts,9,24387,84.78052075638342,65.45606951774019,528.2609697804681,2564.35794583019,10.653257883298478,32.0,5.783524014695677,main,
200/200/150/150/100/100/50/50,0.9,30.0,3.0,0.01,1,,0.2,12.0,steady,ts+lc,0,24557,25.331856111750906,20.658855078295346,93.08254164476078,155.50834416844367,2.8557641405709164,12.0,0.8719995672192252,main,
200/200/150/150/100/100/50/50,0.9,30.0,3.0,0.01,1,,0.2,12.0,steady,ts+lc,1,24312,22.075542455789616,17.62453534786035,80.73881706140256,125.21830482130194,2.388162224415926,9.0,0.8902878465486486,main,
200/200/150/150/100/100/50/50,0.9,30.0,3.0,0.01,1,,0.2,12.0,steady,ts+lc,2,24431,23.042867363677153,18.333068168685074,90.11883327955515,127.87945878774957,2.569972575825795,10.0,0.9215543318072843,main,
200/200/150/150/100/100/50/50,0.9,30.0,3.0,0.01,1,,0.2,12.0,steady,ts+lc,3,24221,21.75051260527571,17.81706026037888,78.34959116773663,115.37199959186998,2.3676974526237564,9.0,0.8657529576793872,main,
200/200/150/150/100/100/50/50,0.9,30.0,3.0,0.01,1,,0.2,12.0,steady,ts+lc,4,24358,24.33155616843312,20.031233291094352,88.79647079135871,123.13171219162037,2.733311437720667,10.0,0.9117707451067145,main,
200/200/150/150/100/100/50/50,0.9,30.0,3.0,0.01,1,,0.2,12.0,steady,ts+lc,5,24518,22.694525617171582,19.179236940924937,78.30969096905125,110.40706577344096,2.537686597601762,9.0,0.8925110084714241,main,
200/200/150/150/100/100/50/50,0.9,30.0,3.0,0.01,1,,0.2,12.0,steady,ts+lc,6,24384,31.99545761407824,27.568020125864123,99.32110841392335,134.89740517168326,3.9942175196850394,13.0,0.9311914463696955,main,
200/200/150/150/100/100/50/50,0.9,30.0,3.0,0.01,1,,0.2,12.0,steady,ts+lc,7,24123,21.044210699469694,17.07419807048538,76.4316036021422,105.59740013085077,2.2571404883306387,9.0,0.8687112951875532,main,
200/200/150/150/100/100/50/50,0.9,30.0,3.0,0.01,1,,0.2,12.0,steady,ts+lc,8,24435,22.496576623172643,18.449847652561857,81.74503232602383,126.3573553305466,2.468753836709638,10.0,0.8861777041257619,main,
200/200/150/150/100/100/50/50,0.9,30.0,3.0,0.01,1,,0.2,12.0,steady,ts+lc,9,24387,22.598012862860454,18.470657272428248,80.08266397671505,121.28384929808934,2.4476155328658713,10.0,0.9173333540766194,main,
200/200/150/150/100/100/50/50,0.9,30.0,3.0,0.01,1,,0.2,12.0,steady,ts_epoch,0,24557,101.03593815528475,65.69713513345654,570.5291894336469,946.7710968564313,11.661196400211752,54.0,5.901281393212501,main,
200/200/150/150/100/100/50/50,0.9,30.0,3.0,0.01,1,,0.2,12.0,steady,ts_epoch,1,24312,89.79829855541448,59.623084678781524,472.38475444951774,789.3090445889184,10.424687397170121,50.0,5.384008606410709,main,
200/200/150/150/100/100/50/50,0.9,30.0,3.0,0.01,1,,0.2,12.0,steady,ts_epoch,2,24431,93.85175883633278,61.1190236850252,507.0535553137023,832.9727688524838,10.998362735868364,53.70000000000073,5.626486269743927,main,
200/200/150/150/100/100/50/50,0.9,30.0,3.0,0.01,1,,0.2,12.0,steady,ts_epoch,3,24221,83.9050737634206,57.35623584957583,428.31327070026134,840.3172421058784,9.684488666859338,40.0,4.80598811265674,main,
200/200/150/150/100/100/50/50,0.9,30.0,3.0,0.01,1,,0.2,12.0,steady,ts_epoch,4,24358,94.29451826355533,63.140407689584066,467.11024341250385,821.6278454545916,10.826709910501684,49.0,5.582677639677319,main,
200/200/150/150/100/100/50/50,0.9,30.0,3.0,0.01,1,,0.2,12.0,steady,ts_epoch,5,24518,95.5612873472432,63.380701029382976,540.6050552886604,943.3120190941304,11.236112244065584,54.0,5.748199249191823,main,
200/200/150/150/100/100/50/50,0.9,30.0,3.0,0.01,1,,0.2,12.0,steady,ts_epoch,6,24384,90.64296500530222,60.354024735522316,465.5729395686638,724.2247488943757,10.503567913385826,45.0,5.416983606133588,main,
200/200/150/150/100/100/50/50,0.9,30.0,3.0,0.01,1,,0.2,12.0,steady,ts_epoch,7,24123,81.32632616271859,52.46377898688337,421.48814246313685,789.8985380358916,9.241056253368155,43.0,4.885514919441791,main,
200/200/150/150/100/100/50/50,0.9,30.0,3.0,0.01,1,,0.2,12.0,steady,ts_epoch,8,24435,106.45106333413227,64.01677805420469,746.3137140540688,1690.56939209319,11.92183343564559,55.0,6.285734440376757,main,
200/200/150/150/100/100/50/50,0.9,30.0,3.0,0.01,1,,0.2,12.0,steady,ts_epoch,9,24387,100.50887253421074,65.24401185622786,630.2351529789111,1015.5768670574258,11.484766473941034,52.0,5.911105493353894,main,
200/200/150/150/100/100/50/50,0.9,30.0,3.0,0.01,1,,0.2,12.0,steady,wrandom,0,24557,88.19104014866774,55.360753071131086,419.4601577293773,528.4747661891201,10.444516838376023,48.0,0.9988200395791524,main,
200/200/150/150/100/100/50/50,0.9,30.0,3.0,0.01,1,,0.2,12.0,steady,wrandom,1,24312,80.44470616597994,48.575266714948384,581.1554627146406,966.9234983501742,9.18381869035867,41.0,1.0113217213585342,main,
200/200/150/150/100/100/50/50,0.9,30.0,3.0,0.01,1,,0.2,12.0,steady,wrandom,2,24431,83.7437926420025,50.7308558951971,555.034064189779,793.7082593319213,9.465883508657035,39.0,1.026224524790417,main,
200/200/150/150/100/100/50/50,0.9,30.0,3.0,0.01,1,,0.2,12.0,steady,wrandom,3,24221,82.75217655396737,50.81063646641937,598.0661581404704,753.8971348671228,9.300152760001652,45.0,0.9863427159317741,main,
200/200/150/150/100/100/50/50,0.9,30.0,3.0,0.01,1,,0.2,12.0,steady,wrandom,4,24358,87.69889189758634,57.26840873498773,447.0838066985361,655.7791297292584,9.957016175383858,39.0,1.024362041077479,main,
200/200/150/150/100/100/50/50,0.9,30.0,3.0,0.01,1,,0.2,12.0,steady,wrandom,5,24518,71.44903341182558,48.59412279379471,312.15818250564894,370.60771216865254,8.496410800228404,35.0,1.0012184399899615,main,
200/200/150/150/100/100/50/50,0.9,30.0,3.0,0.01,1,,0.2,12.0,steady,wrandom,6,24384,76.53796967580347,53.45429268693502,334.12652439893867,474.97039799760375,9.367372047244094,47.0,0.98605894161754,main,
200/200/150/150/100/100/50/50,0.9,30.0,3.0,0.01,1,,0.2,12.0,steady,wrandom,7,24123,69.56762557448342,43.01276341491089,420.15299172760047,575.2309509385501,7.812046594536334,37.0,0.9788886728669229,main,
200/200/150/150/100/100/50/50,0.9,30.0,3.0,0.01,1,,0.2,12.0,steady,wrandom,8,24435,77.15042182748694,51.53266225221387,400.6113978917829,769.2903510228518,8.846777163904235,36.0,1.011836190368685,main,
200/200/150/150/100/100/50/50,0.9,30.0,3.0,0.01,1,,0.2,12.0,steady,wrandom,9,24387,84.75837292705707,51.021648299201416,433.1366779249966,612.031235661495,10.05531635707549,53.0,0.9990744673209933,main,
200/200/150/150/100/100/50/50,0.9,30.0,3.0,0.01,4,,0.2,12.0,steady,greedy,0,24557,39.93751981156979,34.437166286766185,136.45829182675394,205.58974287147709,5.069715356110274,16.0,2.5772225885984454,main,
200/200/150/150/100/100/50/50,0.9,30.0,3.0,0.01,4,,0.2,12.0,steady,greedy,1,24312,37.92879217113281,32.60568169852584,125.81924541422879,197.60028339311083,4.922384007897334,15.0,2.364647016326824,main,
200/200/150/150/100/100/50/50,0.9,30.0,3.0,0.01,4,,0.2,12.0,steady,greedy,2,24431,39.334725169051985,34.373553164719794,125.03297486743413,213.42921291672502,5.195039089681143,15.0,2.695794398536789,main,
200/200/150/150/100/100/50/50,0.9,30.0,3.0,0.01,4,,0.2,12.0,steady,greedy,3,24221,34.695642411624924,30.143316246281415,113.03124976079948,161.22211710858235,4.380620123033731,13.0,2.2808247176940517,main,
200/200/150/150/100/100/50/50,0.9,30.0,3.0,0.01,4,,0.2,12.0,steady,greedy,4,24358,39.374072392410056,33.8611557984434,128.83351600584413,429.47228649779083,4.928935052138928,15.0,2.5120132456238693,main,
200/200/150/150/100/100/50/50,0.9,30.0,3.0,0.01,4,,0.2,12.0,steady,greedy,5,24518,44.66383444146152,33.987650918448686,127.10724547201653,3490.094883536371,5.333428501509095,15.0,2.6084950089462415,main,
200/200/150/150/100/100/50/50,0.9,30.0,3.0,0.01,4,,0.2,12.0,steady,greedy,6,24384,35.52776720401047,30.661544192729373,116.23521146659765,174.6508678732775,4.462024278215223,14.0,2.4070725200144296,main,
200/200/150/150/100/100/50/50,0.9,30.0,3.0,0.01,4,,0.2,12.0,steady,greedy,7,24123,37.01994934685847,31.949428268827518,121.40741036716649,173.413320403132,4.771711644488662,14.0,2.5999738270178785,main,
200/200/150/150/100/100/50/50,0.9,30.0,3.0,0.01,4,,0.2,12.0,steady,greedy,8,24435,38.664577211907655,33.81165092990557,127.429932715797,205.11668529844462,4.996275833844894,14.0,2.4777946337472683,main,
200/200/150/150/100/100/50/50,0.9,30.0,3.0,0.01,4,,0.2,12.0,steady,greedy,9,24387,38.30888870757343,33.61710007792951,120.7469548642578,175.77824213245117,4.936441546725715,16.0,2.481875203146984,main,
200/200/150/150/100/100/50/50,0.9,30.0,3.0,0.01,4,,0.2,12.0,steady,greedy+lc,0,24557,30.165910537082926,25.16660954446337,108.12272064751834,209.70303273231954,3.5898114590544448,13.0,1.4665053168718698,main,
200/200/150/150/100/100/50/50,0.9,30.0,3.0,0.01,4,,0.2,12.0,steady,greedy+lc,1,24312,27.50741078000371,22.274624334149173,101.51923033630456,141.73479794189714,3.268879565646594,13.0,1.3619155035995318,main,
200/200/150/150/100/100/50/50,0.9,30.0,3.0,0.01,4,,0.2,12.0,steady,greedy+lc,2,24431,26.66968494080359,22.192607723079405,94.65797431693647,138.38246728919475,3.1948753632679794,12.0,1.3322654667571008,main,
200/200/150/150/100/100/50/50,0.9,30.0,3.0,0.01,4,,0.2,12.0,steady,greedy+lc,3,24221,25.198905924362705,21.060046566717006,87.8433410547501,125.51416746701598,2.9099954584864376,10.0,1.3484875761846409,main,
200/200/150/150/100/100/50/50,0.9,30.0,3.0,0.01,4,,0.2,12.0,steady,greedy+lc,4,24358,27.852277546298456,23.50886691273324,95.69991906408279,144.48708404290687,3.235240988586912,11.0,1.4222802482154082,main,
200/200/150/150/100/100/50/50,0.9,30.0,3.0,0.01,4,,0.2,12.0,steady,greedy+lc,5,24518,27.862589217112752,23.256027103879973,94.1512624474467,131.95915773234753,3.323598988498246,12.0,1.447578636939732,main,
200/200/150/150/100/100/50/50,0.9,30.0,3.0,0.01,4,,0.2,12.0,steady,greedy+lc,6,24384,27.253233122409064,23.200040794183252,93.1771315138749,140.86017385398802,3.18065124671916,10.0,1.4504386199816965,main,
200/200/150/150/100/100/50/50,0.9,30.0,3.0,0.01,4,,0.2,12.0,steady,greedy+lc,7,24123,26.031769145300643,21.677413016337965,87.87995244878098,124.75149772751507,3.0606060606060606,11.0,1.4294985573443566,main,
200/200/150/150/100/100/50/50,0.9,30.0,3.0,0.01,4,,0.2,12.0,steady,greedy+lc,8,24435,26.529435516029707,22.260056322716437,91.54980663336423,144.62371357836983,3.104317577245754,11.0,1.38676389914288,main,
200/200/150/150/100/100/50/50,0.9,30.0,3.0,0.01,4,,0.2,12.0,steady,greedy+lc,9,24387,27.387892360434254,22.79993539338676,96.2717121631618,146.4061491338718,3.2452946241850165,13.0,1.4316374708724426,main,
200/200/150/150/100/100/50/50,0.9,30.0,3.0,0.01,4,,0.2,12.0,steady,jsq,0,24557,43.29379270138822,29.79263490320605,239.28099182061567,378.0736386331975,4.15014048947347,14.0,3.477894894201196,main,
200/200/150/150/100/100/50/50,0.9,30.0,3.0,0.01,4,,0.2,12.0,steady,jsq,1,24312,39.03391967896583,26.072703388926755,220.07683618345936,386.5907192729335,3.6771964461994076,13.0,3.43526361017385,main,
200/200/150/150/100/100/50/50,0.9,30.0,3.0,0.01,4,,0.2,12.0,steady,jsq,2,24431,40.09839649013495,27.156490209129913,226.4559884755878,402.9907442787249,3.8088903442347837,13.0,3.5417296369570552,main,
200/200/150/150/100/100/50/50,0.9,30.0,3.0,0.01,4,,0.2,12.0,steady,jsq,3,24221,38.24550531898899,26.11285936389862,205.78372577561223,385.90226744032776,3.596713595640147,13.0,3.4474860719741818,main,
200/200/150/150/100/100/50/50,0.9,30.0,3.0,0.01,4,,0.2,12.0,steady,jsq,4,24358,41.24389350765302,28.620036222179568,216.69251350947064,335.84263000381446,3.937310123983907,13.0,3.4888143495973845,main,
200/200/150/150/100/100/50/50,0.9,30.0,3.0,0.01,4,,0.2,12.0,steady,jsq,5,24518,40.53081107738605,27.15286484351509,220.38266065724676,333.34290627027946,3.82943143812709,13.0,3.585885038106582,main,
200/200/150/150/100/100/50/50,0.9,30.0,3.0,0.01,4,,0.2,12.0,steady,jsq,6,24384,40.835379101816606,27.39232924959234,218.12446544928122,343.84906345384326,3.8537155511811023,13.0,3.649872588919056,main,
200/200/150/150/100/100/50/50,0.9,30.0,3.0,0.01,4,,0.2,12.0,steady,jsq,7,24123,37.6100814993848,24.874187671018788,218.05172904909125,337.7756008887386,3.5240641711229945,13.0,3.4409781838666316,main,
200/200/150/150/100/100/50/50,0.9,30.0,3.0,0.01,4,,0.2,12.0,steady,jsq,8,24435,40.367539447785575,26.848667819367122,228.0778042429302,403.46455848010646,3.7900143237159813,13.0,3.5525828735319056,main,
200/200/150/150/100/100/50/50,0.9,30.0,3.0,0.01,4,,0.2,12.0,steady,jsq,9,24387,40.21664891715763,27.2844664328602,219.57825807434287,340.5459866242548,3.813384180095953,13.0,3.554166266327574,main,
200/200/150/150/100/100/50/50,0.9,30.0,3.0,0.01,4,,0.2,12.0,steady,jsq+lc,0,24557,31.440044546570032,21.072184401319305,167.9527505812394,273.401101235704,2.7089628211915135,10.0,1.6377134705166845,main,
200/200/150/150/100/100/50/50,0.9,30.0,3.0,0.01,4,,0.2,12.0,steady,jsq+lc,1,24312,28.22218644146683,19.242314413412842,147.86557719602982,260.2096633003391,2.396059559065482,8.0,1.5502022398201314,main,
200/200/150/150/100/100/50/50,0.9,30.0,3.0,0.01,4,,0.2,12.0,steady,jsq+lc,2,24431,28.90744057807722,19.60302999289354,153.97284982179693,255.37201805613887,2.4697720109696695,9.0,1.6206386397212995,main,
200/200/150/150/100/100/50/50,0.9,30.0,3.0,0.01,4,,0.2,12.0,steady,jsq+lc,3,24221,27.446211376070938,18.85919394170088,145.93519916659508,221.56531473284386,2.277569051649395,8.0,1.564554912606677,main,
200/200/150/150/100/100/50/50,0.9,30.0,3.0,0.01,4,,0.2,12.0,steady,jsq+lc,4,24358,29.515738826545594,20.438970773703602,154.8343854364611,253.33118631939902,2.521594547992446,9.0,1.5547116896754898,main,
200/200/150/150/100/100/50/50,0.9,30.0,3.0,0.01,4,,0.2,12.0,steady,jsq+lc,5,24518,28.537164054848954,19.712726878367448,160.5097792639656,261.1874922723244,2.428909372705767,8.0,1.532800697595592,main,
200/200/150/150/100/100/50/50,0.9,30.0,3.0,0.01,4,,0.2,12.0,steady,jsq+lc,6,24384,29.145034930183925,20.243042453288673,154.59383031325817,243.73841871386486,2.469365157480315,8.0,1.5717988943691328,main,
200/200/150/150/100/100/50/50,0.9,30.0,3.0,0.01,4,,0.2,12.0,steady,jsq+lc,7,24123,26.701960458171683,18.07197507962144,146.6720815365748,229.65673416091977,2.222484765576421,8.0,1.528434244122932,main,
200/200/150/150/100/100/50/50,0.9,30.0,3.0,0.01,4,,0.2,12.0,steady,jsq+lc,8,24435,28.37043171274303,19.612112652058755,151.77341284342225,241.20268332890925,2.4113361980765298,8.0,1.5018818737488002,main,
200/200/150/150/100/100/50/50,0.9,30.0,3.0,0.01,4,,0.2,12.0,steady,jsq+lc,9,24387,28.189131023244,19.505449841975775,148.27184995474482,247.76601862180343,2.379095419690819,8.0,1.5440396585700082,main,
200/200/150/150/100/100/50/50,0.9,30.0,3.0,0.01,4,,0.2,12.0,steady,p2c,0,24557,45.096926546014316,29.10778496731581,255.83612082973457,382.95480445172024,3.900150669870098,13.0,0.9875161812414153,main,
200/200/150/150/100/100/50/50,0.9,30.0,3.0,0.01,4,,0.2,12.0,steady,p2c,1,24312,40.388543965089156,25.049948168339498,231.95060442831198,323.80316464921043,3.3425468904244817,10.0,1.0075820962122586,main,
200/200/150/150/100/100/50/50,0.9,30.0,3.0,0.01,4,,0.2,12.0,steady,p2c,2,24431,41.68110265124487,25.98994585695813,238.32144075512892,375.47609349828065,3.5445949817854365,11.0,1.0243042441793224,main,
200/200/150/150/100/100/50/50,0.9,30.0,3.0,0.01,4,,0.2,12.0,steady,p2c,3,24221,40.231431699985514,24.914700365194165,235.70628042889433,341.71227719027854,3.3337599603649726,10.0,1.0180711195157293,main,
200/200/150/150/100/100/50/50,0.9,30.0,3.0,0.01,4,,0.2,12.0,steady,p2c,4,24358,42.519635160242224,27.20421643836879,239.62078344407075,347.58564474637984,3.587445603087281,10.0,1.005744968423365,main,
200/200/150/150/100/100/50/50,0.9,30.0,3.0,0.01,4,,0.2,12.0,steady,p2c,5,24518,43.490734967956655,28.108072416405783,228.4735411684039,328.248322818424,3.727587894608043,10.0,1.0602909167952574,main,
200/200/150/150/100/100/50/50,0.9,30.0,3.0,0.01,4,,0.2,12.0,steady,p2c,6,24384,42.51080511736526,27.49885636874083,239.67037061820483,343.82115218021494,3.5840305118110236,10.0,1.009372488843539,main,
200/200/150/150/100/100/50/50,0.9,30.0,3.0,0.01,4,,0.2,12.0,steady,p2c,7,24123,39.33019295296906,24.36278871975972,218.54771908403137,334.64223167783337,3.2514612610371842,11.0,0.9714423779109005,main,
200/200/150/150/100/100/50/50,0.9,30.0,3.0,0.01,4,,0.2,12.0,steady,p2c,8,24435,41.40368823693239,25.406741077709682,236.38889277778904,379.9816971219281,3.44853693472478,10.0,0.9645288404487908,main,
200/200/150/150/100/100/50/50,0.9,30.0,3.0,0.01,4,,0.2,12.0,steady,p2c,9,24387,41.33309419474684,26.18258573556176,236.6506768513358,324.09023712889325,3.466560052486981,10.0,1.0088287264263442,main,
200/200/150/150/100/100/50/50,0.9,30.0,3.0,0.01,4,,0.2,12.0,steady,p2c_learned,0,24557,35.33730599950645,28.37438046067753,136.3880134621373,209.3786337980914,3.7975729934438247,15.0,0.9986875164473852,main,
200/200/150/150/100/100/50/50,0.9,30.0,3.0,0.01,4,,0.2,12.0,steady,p2c_learned,1,24312,30.439170270230747,23.942820185776093,116.43986245212882,164.73600264481925,3.1618953603158935,11.0,0.9982344883389881,main,
200/200/150/150/100/100/50/50,0.9,30.0,3.0,0.01,4,,0.2,12.0,steady,p2c_learned,2,24431,31.323071358752113,25.185888192932993,117.24974249361277,198.76965425460438,3.384961728950923,12.0,0.9926834687435467,main,
200/200/150/150/100/100/50/50,0.9,30.0,3.0,0.01,4,,0.2,12.0,steady,p2c_learned,3,24221,29.638834389113736,23.4501427376701,113.51685423881777,178.23266144664177,3.0633334709549565,10.0,0.985772491023698,main,
200/200/150/150/100/100/50/50,0.9,30.0,3.0,0.01,4,,0.2,12.0,steady,p2c_learned,4,24358,33.36921911116404,26.958242525546794,126.0789912822122,182.22632351202776,3.527054766401182,12.0,1.0085775485582997,main,
200/200/150/150/100/100/50/50,0.9,30.0,3.0,0.01,4,,0.2,12.0,steady,p2c_learned,5,24518,32.36617453431389,26.75541754924815,117.66553399575068,177.46436934977103,3.4447752671506646,11.0,1.012024799213561,main,
200/200/150/150/100/100/50/50,0.9,30.0,3.0,0.01,4,,0.2,12.0,steady,p2c_learned,6,24384,31.630020681697406,25.53598171326854,117.02394610115654,164.55007983551093,3.3226706036745406,11.0,1.0512464109380844,main,
200/200/150/150/100/100/50/50,0.9,30.0,3.0,0.01,4,,0.2,12.0,steady,p2c_learned,7,24123,29.406849105213634,23.3063484399203,114.68943439969074,175.67371739505006,3.031836836214401,10.0,0.994002884116483,main,
200/200/150/150/100/100/50/50,0.9,30.0,3.0,0.01,4,,0.2,12.0,steady,p2c_learned,8,24435,30.963539869782572,24.671523153847907,119.73764801511344,175.34011381741024,3.2200532023736446,11.0,1.0049467019609435,main,
200/200/150/150/100/100/50/50,0.9,30.0,3.0,0.01,4,,0.2,12.0,steady,p2c_learned,9,24387,31.825911858016305,25.706998318259622,121.64493365028245,173.6855408128983,3.3511297002501332,11.0,1.0195540324509604,main,
200/200/150/150/100/100/50/50,0.9,30.0,3.0,0.01,4,,0.2,12.0,steady,sed,0,24557,43.34676063783089,33.99434774791388,188.53286615053722,323.66291673369415,4.912652196929592,16.0,3.9713021635535597,main,
200/200/150/150/100/100/50/50,0.9,30.0,3.0,0.01,4,,0.2,12.0,steady,sed,1,24312,40.09470755093209,31.330140466956813,172.49140522588291,286.41147425703156,4.599827245804541,14.0,3.7615407514320185,main,
200/200/150/150/100/100/50/50,0.9,30.0,3.0,0.01,4,,0.2,12.0,steady,sed,2,24431,40.32690175548332,31.834239859033886,175.63977909282767,299.8793046570357,4.600425688674226,15.0,4.0561873161106,main,
200/200/150/150/100/100/50/50,0.9,30.0,3.0,0.01,4,,0.2,12.0,steady,sed,3,24221,39.16981733738981,30.195872879993146,172.75452272558059,333.3241630385254,4.383097312249701,14.0,4.025855149628467,main,
200/200/150/150/100/100/50/50,0.9,30.0,3.0,0.01,4,,0.2,12.0,steady,sed,4,24358,40.942028868627176,32.33864713959633,169.90714773933823,307.6068144707038,4.656129403070859,15.0,4.007533637959442,main,
200/200/150/150/100/100/50/50,0.9,30.0,3.0,0.01,4,,0.2,12.0,steady,sed,5,24518,40.49919949023763,31.8073795017364,177.18752187354087,298.6068989867129,4.6035565706827635,14.0,3.9648130511743216,main,
200/200/150/150/100/100/50/50,0.9,30.0,3.0,0.01,4,,0.2,12.0,steady,sed,6,24384,41.072603680942244,32.08158617916457,176.8016364936913,322.0809795860861,4.616961942257218,14.169999999998254,3.917493662567506,main,
200/200/150/150/100/100/50/50,0.9,30.0,3.0,0.01,4,,0.2,12.0,steady,sed,7,24123,38.53751357237081,29.894452043045305,162.19182490647714,292.60549224668705,4.399452804377565,14.0,3.8856149101592474,main,
200/200/150/150/100/100/50/50,0.9,30.0,3.0,0.01,4,,0.2,12.0,steady,sed,8,24435,39.80921660517203,31.360848448949596,169.58930094550226,280.2215584805142,4.499079189686925,14.0,3.874593564272777,main,
200/200/150/150/100/100/50/50,0.9,30.0,3.0,0.01,4,,0.2,12.0,steady,sed,9,24387,40.230369044361915,31.471520339692916,175.12399964328293,282.4918541470123,4.534014023865174,14.0,3.921113539767105,main,
200/200/150/150/100/100/50/50,0.9,30.0,3.0,0.01,4,,0.2,12.0,steady,ts,0,24557,42.05282673351145,36.55284168074502,138.39581847199082,259.37863074399826,5.406442154986358,17.0,2.5467752683819938,main,
200/200/150/150/100/100/50/50,0.9,30.0,3.0,0.01,4,,0.2,12.0,steady,ts,1,24312,36.27895391042268,31.33021282829862,123.45568408356743,186.18934183252486,4.632938466600856,14.0,2.553913397202077,main,
200/200/150/150/100/100/50/50,0.9,30.0,3.0,0.01,4,,0.2,12.0,steady,ts,2,24431,39.150046036887005,34.196476628256534,127.43319832213737,196.8057400877438,5.095820883303999,15.0,2.801842742245043,main,
200/200/150/150/100/100/50/50,0.9,30.0,3.0,0.01,4,,0.2,12.0,steady,ts,3,24221,35.210867389111996,30.478847623594874,115.22203109036327,177.79313575274284,4.451178729201932,13.0,2.500482547374257,main,
200/200/150/150/100/100/50/50,0.9,30.0,3.0,0.01,4,,0.2,12.0,steady,ts,4,24358,38.46281121085207,33.47411682570112,125.85674875198762,186.2764925787646,4.90389194515149,14.0,2.482335036797834,main,
200/200/150/150/100/100/50/50,0.9,30.0,3.0,0.01,4,,0.2,12.0,steady,ts,5,24518,37.07399136687328,32.86601971986691,115.5289292187273,180.30063201067372,4.798148299208744,14.0,2.4222462248162815,main,
200/200/150/150/100/100/50/50,0.9,30.0,3.0,0.01,4,,0.2,12.0,steady,ts,6,24384,46.65182813988335,42.3196848767482,130.40800026704346,176.90764999388549,6.297449146981627,17.0,2.5022886613530577,main,
200/200/150/150/100/100/50/50,0.9,30.0,3.0,0.01,4,,0.2,12.0,steady,ts,7,24123,36.316867554564936,29.817847421176324,114.90003482158721,925.8882068626883,4.496165485221573,14.0,2.455301434973013,main,
200/200/150/150/100/100/50/50,0.9,30.0,3.0,0.01,4,,0.2,12.0,steady,ts,8,24435,37.16816600032839,32.160815823829125,121.83686371777169,213.84620636365472,4.794311438510333,14.0,2.563281890103825,main,
200/200/150/150/100/100/50/50,0.9,30.0,3.0,0.01,4,,0.2,12.0,steady,ts,9,24387,36.780162254551676,32.304574098489525,116.03096197713337,172.38149704102952,4.681510640915242,14.0,2.422720914958119,main,
200/200/150/150/100/100/50/50,0.9,30.0,3.0,0.01,4,,0.2,12.0,steady,ts+lc,0,24557,29.198675700903596,24.013995782919295,107.54088278810354,146.86610595910503,3.4616199047114877,14.0,1.3886986175540676,main,
200/200/150/150/100/100/50/50,0.9,30.0,3.0,0.01,4,,0.2,12.0,steady,ts+lc,1,24312,26.456942666849013,21.74380068840387,91.7858732800494,132.20242579781845,3.1336788417242514,11.0,1.4107685620294899,main,
200/200/150/150/100/100/50/50,0.9,30.0,3.0,0.01,4,,0.2,12.0,steady,ts+lc,2,24431,27.38029608604112,22.814237329082943,96.87761772730799,134.70545356506102,3.2504195489337318,12.0,1.5130304226734936,main,
200/200/150/150/100/100/50/50,0.9,30.0,3.0,0.01,4,,0.2,12.0,steady,ts+lc,3,24221,25.47067368906705,21.33042488522996,87.19488700855214,130.23352510855852,2.8980636637628505,10.0,1.3907639699267054,main,
200/200/150/150/100/100/50/50,0.9,30.0,3.0,0.01,4,,0.2,12.0,steady,ts+lc,4,24358,28.238039065856164,23.70922430548461,96.99444898121735,139.27028315853588,3.3021184005254947,11.0,1.474753839217934,main,
200/200/150/150/100/100/50/50,0.9,30.0,3.0,0.01,4,,0.2,12.0,steady,ts+lc,5,24518,26.568354346233324,22.724644569857677,86.26640568895178,135.47003627334433,3.105228811485439,10.0,1.417649236969004,main,
200/200/150/150/100/100/50/50,0.9,30.0,3.0,0.01,4,,0.2,12.0,steady,ts+lc,6,24384,27.560631235843527,23.42431613281626,91.99630104748324,130.90798135576608,3.291379593175853,11.0,1.4398566746057369,main,
200/200/150/150/100/100/50/50,0.9,30.0,3.0,0.01,4,,0.2,12.0,steady,ts+lc,7,24123,25.590986027911562,21.350079252195897,86.95106168462601,121.4514663706638,3.0310492061518053,11.0,1.469812579968,main,
200/200/150/150/100/100/50/50,0.9,30.0,3.0,0.01,4,,0.2,12.0,steady,ts+lc,8,24435,26.12707802139321,21.814003322759845,92.01901546752835,134.41812502385207,3.0069572334765704,11.0,1.3661037842337689,main,
200/200/150/150/100/100/50/50,0.9,30.0,3.0,0.01,4,,0.2,12.0,steady,ts+lc,9,24387,27.431684130714014,23.21122088278571,90.9062292355003,126.21550503788221,3.2699799073276745,12.0,1.4961311439590355,main,
200/200/150/150/100/100/50/50,0.9,30.0,3.0,0.01,4,,0.2,12.0,steady,ts_epoch,0,24557,58.53728404988388,42.35581620755724,303.1977674121406,505.12347541924845,6.407785967341288,25.0,2.3336120990536102,main,
200/200/150/150/100/100/50/50,0.9,30.0,3.0,0.01,4,,0.2,12.0,steady,ts_epoch,1,24312,56.082832277309876,39.234570171081,271.18850570068685,586.3361686963365,6.209608423823626,27.0,2.4919600156349078,main,
200/200/150/150/100/100/50/50,0.9,30.0,3.0,0.01,4,,0.2,12.0,steady,ts_epoch,2,24431,59.63157346292678,41.85158385716736,286.6101345111377,453.0489774103469,6.66063607711514,27.0,2.839708756042005,main,
200/200/150/150/100/100/50/50,0.9,30.0,3.0,0.01,4,,0.2,12.0,steady,ts_epoch,3,24221,56.15269031352366,38.66781745691217,300.09130378938653,465.420515775647,6.207093018455059,29.0,2.6088069823702322,main,
200/200/150/150/100/100/50/50,0.9,30.0,3.0,0.01,4,,0.2,12.0,steady,ts_epoch,4,24358,54.23203821625038,40.63808454096307,263.14617012154974,439.1804175658132,5.983414073405042,23.0,2.061516673647991,main,
200/200/150/150/100/100/50/50,0.9,30.0,3.0,0.01,4,,0.2,12.0,steady,ts_epoch,5,24518,56.217963652465556,41.49523644935815,271.2363735391468,474.28857596445107,6.221429154090872,25.0,2.39821666478243,main,
200/200/150/150/100/100/50/50,0.9,30.0,3.0,0.01,4,,0.2,12.0,steady,ts_epoch,6,24384,60.87828589248829,44.33011435672274,298.93804024265614,639.5545181800517,6.734169947506562,27.0,2.846373503322679,main,
200/200/150/150/100/100/50/50,0.9,30.0,3.0,0.01,4,,0.2,12.0,steady,ts_epoch,7,24123,56.089116000900795,38.91904691397663,296.29792465860135,693.3347763401323,6.106122787381337,26.0,2.562222734322077,main,
200/200/150/150/100/100/50/50,0.9,30.0,3.0,0.01,4,,0.2,12.0,steady,ts_epoch,8,24435,57.984370700630315,42.16594891620318,301.2025761566643,491.20643778489983,6.414569265397994,25.0,2.593519422061404,main,
200/200/150/150/100/100/50/50,0.9,30.0,3.0,0.01,4,,0.2,12.0,steady,ts_epoch,9,24387,58.02986170137293,41.95004575183603,283.1269634949951,430.77878456409553,6.5043670808217495,28.0,2.6666714784416508,main,
200/200/150/150/100/100/50/50,0.9,30.0,3.0,0.01,4,,0.2,12.0,steady,wrandom,0,24557,96.08561002412657,57.125473653055536,548.5735587916616,822.7490975869623,10.584232601702162,40.0,0.996354434670474,main,
200/200/150/150/100/100/50/50,0.9,30.0,3.0,0.01,4,,0.2,12.0,steady,wrandom,1,24312,96.98136969921488,47.97427095849649,535.4496006876492,634.9721707906652,10.655890095426127,50.0,1.009314492678114,main,
200/200/150/150/100/100/50/50,0.9,30.0,3.0,0.01,4,,0.2,12.0,steady,wrandom,2,24431,77.82056401518642,50.02797171330009,333.6896192212181,420.3898980932576,9.61835373091564,53.0,0.999473798746195,main,
200/200/150/150/100/100/50/50,0.9,30.0,3.0,0.01,4,,0.2,12.0,steady,wrandom,3,24221,75.39024315473056,48.340629655843514,373.0706748953156,553.3263827080739,8.55088559514471,40.0,0.9775078493897567,main,
200/200/150/150/100/100/50/50,0.9,30.0,3.0,0.01,4,,0.2,12.0,steady,wrandom,4,24358,71.02470852116231,48.6943256845036,387.3036107223844,717.4802627803006,8.017489120617457,30.0,0.9926556729842292,main,
200/200/150/150/100/100/50/50,0.9,30.0,3.0,0.01,4,,0.2,12.0,steady,wrandom,5,24518,98.13434798801542,55.19175759922312,483.3711367669507,620.5477709666109,12.023778448486826,57.0,1.0257018787728789,main,
200/200/150/150/100/100/50/50,0.9,30.0,3.0,0.01,4,,0.2,12.0,steady,wrandom,6,24384,80.91144556125677,54.46076892947893,483.6120685602756,731.227432816797,9.510047572178477,48.0,0.9891467127127483,main,
200/200/150/150/100/100/50/50,0.9,30.0,3.0,0.01,4,,0.2,12.0,steady,wrandom,7,24123,71.01651980734077,40.94941772171268,481.203059737481,626.3786936266533,7.404137130539319,30.0,0.9801515756653835,main,
200/200/150/150/100/100/50/50,0.9,30.0,3.0,0.01,4,,0.2,12.0,steady,wrandom,8,24435,84.249720236539,49.018713163935246,623.3381363828205,954.3725560368873,9.316267648864335,42.0,0.9853512642245852,main,
200/200/150/150/100/100/50/50,0.9,30.0,3.0,0.01,4,,0.2,12.0,steady,wrandom,9,24387,84.14862514911853,53.86447707190811,501.9927432529738,625.8105366572884,10.231680813548202,52.0,0.9722474783526036,main,
200/200/150/150/100/100/50/50,0.9,30.0,3.0,0.01,16,,0.2,12.0,steady,greedy,0,24557,35.64894980320249,29.939644222476858,119.38893614091452,190.38606082572946,4.411858125992588,14.0,2.21222193883907,main,
200/200/150/150/100/100/50/50,0.9,30.0,3.0,0.01,16,,0.2,12.0,steady,greedy,1,24312,34.52711569531951,28.598564933313142,126.87936276615666,180.57667734079473,4.2898979927607765,16.0,2.159069397386693,main,
200/200/150/150/100/100/50/50,0.9,30.0,3.0,0.01,16,,0.2,12.0,steady,greedy,2,24431,34.968680776517374,28.266951307394095,128.74951768840674,201.1890102882497,4.331955302689206,16.0,2.254089996188026,main,
200/200/150/150/100/100/50/50,0.9,30.0,3.0,0.01,16,,0.2,12.0,steady,greedy,3,24221,31.95996753081021,27.40275020919647,108.14830521981591,163.61154648934217,3.9257256100078446,12.0,2.0460751381739897,main,
200/200/150/150/100/100/50/50,0.9,30.0,3.0,0.01,16,,0.2,12.0,steady,greedy,4,24358,41.57053575619867,29.056136401141686,128.21013762605395,2403.587521257669,4.536374086542409,14.0,2.114836889701652,main,
200/200/150/150/100/100/50/50,0.9,30.0,3.0,0.01,16,,0.2,12.0,steady,greedy,5,24518,33.820220980523715,28.438285361967353,117.90558473989911,437.5728694653187,4.1005791663267805,13.0,2.0728314491621385,main,
200/200/150/150/100/100/50/50,0.9,30.0,3.0,0.01,16,,0.2,12.0,steady,greedy,6,24384,60.05436612990352,29.36291788490486,139.12599277445355,4590.618742679432,5.484826115485564,14.0,2.107882918365669,main,
200/200/150/150/100/100/50/50,0.9,30.0,3.0,0.01,16,,0.2,12.0,steady,greedy,7,24123,30.315463953516716,25.112182341825218,107.19176105258003,166.27967849954337,3.679890560875513,13.0,1.9187898074485688,main,
200/200/150/150/100/100/50/50,0.9,30.0,3.0,0.01,16,,0.2,12.0,steady,greedy,8,24435,31.56531580148604,27.000150377064713,109.57861760100761,168.00763823464743,3.833558420298752,12.0,2.0429813942067057,main,
200/200/150/150/100/100/50/50,0.9,30.0,3.0,0.01,16,,0.2,12.0,steady,greedy,9,24387,37.69029785034372,28.801098544708026,117.89152924374729,2515.7542723981765,4.375322917948087,14.0,2.054986587726149,main,
200/200/150/150/100/100/50/50,0.9,30.0,3.0,0.01,16,,0.2,12.0,steady,greedy+lc,0,24557,33.812213869460294,28.379438316914474,117.89770673226855,200.41633212319732,4.12648124770941,15.0,1.955418915348465,main,
200/200/150/150/100/100/50/50,0.9,30.0,3.0,0.01,16,,0.2,12.0,steady,greedy+lc,1,24312,31.368175469533618,25.477114950346547,114.48873782964881,176.88457218012277,3.771265218821981,14.0,1.8602768259125155,main,
200/200/150/150/100/100/50/50,0.9,30.0,3.0,0.01,16,,0.2,12.0,steady,greedy+lc,2,24431,32.40867973305552,26.46309043659123,119.88377503847336,189.9757690847983,3.986615365723875,15.0,1.871304567054214,main,
200/200/150/150/100/100/50/50,0.9,30.0,3.0,0.01,16,,0.2,12.0,steady,greedy+lc,3,24221,29.219846890249787,24.266787142334323,100.18920142277416,160.53424822715277,3.438132199331159,11.0,1.804722901778566,main,
200/200/150/150/100/100/50/50,0.9,30.0,3.0,0.01,16,,0.2,12.0,steady,greedy+lc,4,24358,54.37467615349843,29.18945046534005,169.74265133511403,3462.5777639240837,5.438131209458905,21.43000000000029,2.029505425543995,main,
200/200/150/150/100/100/50/50,0.9,30.0,3.0,0.01,16,,0.2,12.0,steady,greedy+lc,5,24518,31.473453395496055,26.852651969099917,107.19799936418192,148.5431488779359,3.847418223346113,13.0,1.90220118839897,main,
200/200/150/150/100/100/50/50,0.9,30.0,3.0,0.01,16,,0.2,12.0,steady,greedy+lc,6,24384,47.13536282915727,27.58194621651766,120.94248572444806,3734.3293863898025,4.697793635170604,14.0,1.846784210458075,main,
200/200/150/150/100/100/50/50,0.9,30.0,3.0,0.01,16,,0.2,12.0,steady,greedy+lc,7,24123,28.436816348281212,23.609165991643977,100.96106894797886,148.34826316967954,3.3376445715707,12.0,1.6682620679897666,main,
200/200/150/150/100/100/50/50,0.9,30.0,3.0,0.01,16,,0.2,12.0,steady,greedy+lc,8,24435,28.674518731282124,24.030799674992664,104.23529309737879,157.2620558786762,3.3950071618579907,11.0,1.755787119584322,main,
200/200/150/150/100/100/50/50,0.9,30.0,3.0,0.01,16,,0.2,12.0,steady,greedy+lc,9,24387,32.00469411928699,25.769696208548964,108.09966561380007,160.84853533477954,3.7473243941444214,13.0,1.8376542123209259,main,
200/200/150/150/100/100/50/50,0.9,30.0,3.0,0.01,16,,0.2,12.0,steady,jsq,0,24557,42.8990408985086,29.487005316333637,230.9479600017344,354.5063552809422,4.078877713075701,14.0,3.4729933029467093,main,
200/200/150/150/100/100/50/50,0.9,30.0,3.0,0.01,16,,0.2,12.0,steady,jsq,1,24312,38.74902083887498,25.961143251204355,221.17425852699463,354.1660852068385,3.654409345179335,13.0,3.352456216435006,main,
200/200/150/150/100/100/50/50,0.9,30.0,3.0,0.01,16,,0.2,12.0,steady,jsq,2,24431,39.607426487523405,26.35605121165696,227.86302716431564,381.3262305066237,3.740207113912652,13.0,3.4617569046741066,main,
200/200/150/150/100/100/50/50,0.9,30.0,3.0,0.01,16,,0.2,12.0,steady,jsq,3,24221,38.3135108244549,25.817444906031994,211.41930477788287,343.7448794870088,3.5993972172907807,13.0,3.4389597690008307,main,
200/200/150/150/100/100/50/50,0.9,30.0,3.0,0.01,16,,0.2,12.0,steady,jsq,4,24358,40.5762122883714,27.672272594463365,223.3601494590932,372.1813558858172,3.869981115034075,13.0,3.464879666802159,main,
200/200/150/150/100/100/50/50,0.9,30.0,3.0,0.01,16,,0.2,12.0,steady,jsq,5,24518,40.263980298643425,27.44388978642487,219.3643978767076,335.81372385529806,3.8220491067786933,13.0,3.579569742337233,main,
200/200/150/150/100/100/50/50,0.9,30.0,3.0,0.01,16,,0.2,12.0,steady,jsq,6,24384,40.132007077212506,27.20889547137162,230.00328513824488,361.3034589615101,3.7569307742782154,13.0,3.5349515958566307,main,
200/200/150/150/100/100/50/50,0.9,30.0,3.0,0.01,16,,0.2,12.0,steady,jsq,7,24123,37.43128799584104,25.04341811875932,204.83788612280307,343.1064965393064,3.5396924097334495,13.0,3.3169683430496044,main,
200/200/150/150/100/100/50/50,0.9,30.0,3.0,0.01,16,,0.2,12.0,steady,jsq,8,24435,39.41014342887186,26.817773224019348,214.01847386722113,322.9995416255811,3.738612645794966,13.0,3.4065115630810063,main,
200/200/150/150/100/100/50/50,0.9,30.0,3.0,0.01,16,,0.2,12.0,steady,jsq,9,24387,41.03205964557369,27.913003483750032,217.77440888842023,348.06200475212546,3.867306351744782,13.0,3.5991956974303445,main,
200/200/150/150/100/100/50/50,0.9,30.0,3.0,0.01,16,,0.2,12.0,steady,jsq+lc,0,24557,37.98243042286399,26.307926680227744,205.05463983339723,348.90218100754316,3.5672517001262367,13.0,2.797301778515136,main,
200/200/150/150/100/100/50/50,0.9,30.0,3.0,0.01,16,,0.2,12.0,steady,jsq+lc,1,24312,34.60099577218678,23.335193996383286,194.2190621140206,314.78591971768833,3.153751233958539,11.0,2.615673129161237,main,
200/200/150/150/100/100/50/50,0.9,30.0,3.0,0.01,16,,0.2,12.0,steady,jsq+lc,2,24431,34.98763002075288,23.305848736363544,193.57800790592316,307.89665861383986,3.2060496909663954,12.0,2.7701467289026596,main,
200/200/150/150/100/100/50/50,0.9,30.0,3.0,0.01,16,,0.2,12.0,steady,jsq+lc,3,24221,33.818385205378746,22.527634427422782,193.3982948454549,321.3494400731649,3.0511126708228398,11.0,2.716681264241976,main,
200/200/150/150/100/100/50/50,0.9,30.0,3.0,0.01,16,,0.2,12.0,steady,jsq+lc,4,24358,36.641734005194884,24.818369064259826,194.90373811094682,295.98111022293267,3.3830774283602922,11.0,2.7886854952983913,main,
200/200/150/150/100/100/50/50,0.9,30.0,3.0,0.01,16,,0.2,12.0,steady,jsq+lc,5,24518,35.148577362555145,24.299540025030097,180.7331676976715,282.9876265986183,3.2581368790276533,11.0,2.8668938672261874,main,
200/200/150/150/100/100/50/50,0.9,30.0,3.0,0.01,16,,0.2,12.0,steady,jsq+lc,6,24384,35.8024796836328,24.759350556030846,192.3530073499831,297.8533685213892,3.286130249343832,11.0,2.860573552424191,main,
200/200/150/150/100/100/50/50,0.9,30.0,3.0,0.01,16,,0.2,12.0,steady,jsq+lc,7,24123,32.71195176333485,22.10955105618595,182.69548712440303,295.3602552716675,2.964805372466111,11.0,2.503876899269305,main,
200/200/150/150/100/100/50/50,0.9,30.0,3.0,0.01,16,,0.2,12.0,steady,jsq+lc,8,24435,34.92097330453076,23.78252227403621,186.80952517022362,302.8152761802069,3.2110087988541025,11.0,2.637117986545369,main,
200/200/150/150/100/100/50/50,0.9,30.0,3.0,0.01,16,,0.2,12.0,steady,jsq+lc,9,24387,35.38504560690271,24.14562705117973,193.68012871383326,320.37205668974156,3.22790831180547,11.0,2.7374885237334015,main,
200/200/150/150/100/100/50/50,0.9,30.0,3.0,0.01,16,,0.2,12.0,steady,p2c,0,24557,46.12984526721812,29.278906897040713,263.5037711444613,395.87104656457774,3.969784582807346,12.0,1.0397143827372872,main,
200/200/150/150/100/100/50/50,0.9,30.0,3.0,0.01,16,,0.2,12.0,steady,p2c,1,24312,41.160791167456715,24.85516445788427,231.33115558354407,307.52778427776417,3.44282658769332,10.0,1.0301101679756783,main,
200/200/150/150/100/100/50/50,0.9,30.0,3.0,0.01,16,,0.2,12.0,steady,p2c,2,24431,42.47361721985921,26.320920812291426,250.77079341147063,354.2271483264745,3.605910523515206,11.0,1.0368679623296788,main,
200/200/150/150/100/100/50/50,0.9,30.0,3.0,0.01,16,,0.2,12.0,steady,p2c,3,24221,39.73816983506321,25.192863583043845,229.44945360004135,334.998858580116,3.2939185004747946,9.0,0.9705408891642774,main,
200/200/150/150/100/100/50/50,0.9,30.0,3.0,0.01,16,,0.2,12.0,steady,p2c,4,24358,43.745045315125054,27.48049368867367,238.9369951148425,368.5647154766428,3.6989079563182528,11.0,0.9569710089269012,main,
200/200/150/150/100/100/50/50,0.9,30.0,3.0,0.01,16,,0.2,12.0,steady,p2c,5,24518,42.61637784209716,27.020529654775416,241.88550953777673,327.9610013853203,3.6320662370503305,10.0,1.0249442381031422,main,
200/200/150/150/100/100/50/50,0.9,30.0,3.0,0.01,16,,0.2,12.0,steady,p2c,6,24384,41.98899306781483,27.044397485917138,233.62231830670586,322.45403217161385,3.515625,10.0,0.9965139213331137,main,
200/200/150/150/100/100/50/50,0.9,30.0,3.0,0.01,16,,0.2,12.0,steady,p2c,7,24123,37.90957096804584,23.8254738215673,207.8242331891309,289.4792235494953,3.1334411142892673,9.0,0.9755125207611683,main,
200/200/150/150/100/100/50/50,0.9,30.0,3.0,0.01,16,,0.2,12.0,steady,p2c,8,24435,41.384088450555915,25.949359090227553,232.35810356957515,342.9201692274902,3.4883568651524453,10.0,0.9695115369817466,main,
200/200/150/150/100/100/50/50,0.9,30.0,3.0,0.01,16,,0.2,12.0,steady,p2c,9,24387,43.281997721489,27.553955183627465,248.7493356389328,360.59012477991934,3.653503916020831,10.0,1.000003609670842,main,
200/200/150/150/100/100/50/50,0.9,30.0,3.0,0.01,16,,0.2,12.0,steady,p2c_learned,0,24557,34.88196407470647,27.515912496178352,135.0456642612502,204.38808933610832,3.7384045282404204,14.0,1.0061918223794328,main,
200/200/150/150/100/100/50/50,0.9,30.0,3.0,0.01,16,,0.2,12.0,steady,p2c_learned,1,24312,30.82651728834663,24.195835968097157,122.10335921984502,189.5851808844831,3.2004359986837776,12.0,1.0002638123247776,main,
200/200/150/150/100/100/50/50,0.9,30.0,3.0,0.01,16,,0.2,12.0,steady,p2c_learned,2,24431,32.06897257701147,25.269070315085074,120.5028408872879,188.07957242080116,3.3615897834718185,12.0,1.0347792123411679,main,
200/200/150/150/100/100/50/50,0.9,30.0,3.0,0.01,16,,0.2,12.0,steady,p2c_learned,3,24221,30.60812418763545,24.29221731528486,118.6060178200371,174.85768011203268,3.162668758515338,11.0,0.9555215145326948,main,
200/200/150/150/100/100/50/50,0.9,30.0,3.0,0.01,16,,0.2,12.0,steady,p2c_learned,4,24358,33.163358573347864,26.616119470574517,123.95490379934415,178.4060469647219,3.5013958453074965,12.0,0.9961152554133953,main,
200/200/150/150/100/100/50/50,0.9,30.0,3.0,0.01,16,,0.2,12.0,steady,p2c_learned,5,24518,31.596152925148534,26.33565436485985,115.00533121649858,165.0023682962033,3.384533811893303,11.0,0.9787464837289594,main,
200/200/150/150/100/100/50/50,0.9,30.0,3.0,0.01,16,,0.2,12.0,steady,p2c_learned,6,24384,31.92422628061558,25.94058244007247,118.22042839890037,175.92220932709026,3.3686843832021,11.0,0.9873030743636801,main,
200/200/150/150/100/100/50/50,0.9,30.0,3.0,0.01,16,,0.2,12.0,steady,p2c_learned,7,24123,29.86126489447742,23.59932861923042,117.33255109943245,188.17431104134147,3.0904945487708826,11.0,0.986718664190365,main,
200/200/150/150/100/100/50/50,0.9,30.0,3.0,0.01,16,,0.2,12.0,steady,p2c_learned,8,24435,30.690097889651412,24.367698830658924,115.00721138445215,162.83526612336115,3.2248004910988337,11.0,0.9476786562017263,main,
200/200/150/150/100/100/50/50,0.9,30.0,3.0,0.01,16,,0.2,12.0,steady,p2c_learned,9,24387,31.828109980192384,26.3144421220467,112.906355925921,166.31408750623882,3.386599417722557,12.0,0.991664202372586,main,
200/200/150/150/100/100/50/50,0.9,30.0,3.0,0.01,16,,0.2,12.0,steady,sed,0,24557,42.733883300185084,33.8093422741359,173.70052791692203,257.6037805105753,4.901290874292463,16.0,3.9254139974437843,main,
200/200/150/150/100/100/50/50,0.9,30.0,3.0,0.01,16,,0.2,12.0,steady,sed,1,24312,38.9712237895381,30.372581149404,166.87522644359345,280.5085522919687,4.4510118460019745,14.0,3.866151069941482,main,
200/200/150/150/100/100/50/50,0.9,30.0,3.0,0.01,16,,0.2,12.0,steady,sed,2,24431,40.00029048599552,30.69871658816581,187.10687633140887,324.80018631934394,4.460439605419344,14.0,3.924421564112009,main,
200/200/150/150/100/100/50/50,0.9,30.0,3.0,0.01,16,,0.2,12.0,steady,sed,3,24221,39.689669100408764,31.12674566440532,180.27182731839082,279.018975489388,4.463110523925519,14.0,3.9459108315190097,main,
200/200/150/150/100/100/50/50,0.9,30.0,3.0,0.01,16,,0.2,12.0,steady,sed,4,24358,41.529732454244574,32.52510814248932,174.5140575017905,309.8800113447233,4.713318006404466,15.0,3.9358072470969425,main,
200/200/150/150/100/100/50/50,0.9,30.0,3.0,0.01,16,,0.2,12.0,steady,sed,5,24518,40.704413685384154,32.0467746885611,180.72041309743045,330.7027997208373,4.585080349131251,14.0,4.072163072311701,main,
200/200/150/150/100/100/50/50,0.9,30.0,3.0,0.01,16,,0.2,12.0,steady,sed,6,24384,40.74943450612894,31.55944368872987,186.24984165775467,305.6719133779766,4.55565124671916,14.0,3.991078534315232,main,
200/200/150/150/100/100/50/50,0.9,30.0,3.0,0.01,16,,0.2,12.0,steady,sed,7,24123,38.45661775447098,29.830053325017758,169.30374416805108,313.43461244050246,4.38477801268499,14.0,3.8873166707940774,main,
200/200/150/150/100/100/50/50,0.9,30.0,3.0,0.01,16,,0.2,12.0,steady,sed,8,24435,40.19689116725812,31.593724004791213,172.692496296047,291.4718531274878,4.521956210354,14.0,3.944383005583749,main,
200/200/150/150/100/100/50/50,0.9,30.0,3.0,0.01,16,,0.2,12.0,steady,sed,9,24387,40.42293931433444,31.9258811938532,171.62916016588292,283.5089745759283,4.545331529093369,15.0,4.060854613083199,main,
200/200/150/150/100/100/50/50,0.9,30.0,3.0,0.01,16,,0.2,12.0,steady,ts,0,24557,35.55819537310169,29.83076964258835,123.19744440058393,179.48450405136077,4.408274626379444,16.0,2.1760990273771137,main,
200/200/150/150/100/100/50/50,0.9,30.0,3.0,0.01,16,,0.2,12.0,steady,ts,1,24312,31.294249591145956,26.42216244357609,107.2356619702985,169.2593373446377,3.811821322803554,12.0,2.02624028098821,main,
200/200/150/150/100/100/50/50,0.9,30.0,3.0,0.01,16,,0.2,12.0,steady,ts,2,24431,34.03559583508826,28.486332783717927,117.72510617077361,199.67713953969664,4.32258196553559,15.0,2.1625489031669707,main,
200/200/150/150/100/100/50/50,0.9,30.0,3.0,0.01,16,,0.2,12.0,steady,ts,3,24221,30.58104041904965,25.601640946325332,107.22265574998458,150.6168181808664,3.67445605053466,12.0,2.146590228556456,main,
200/200/150/150/100/100/50/50,0.9,30.0,3.0,0.01,16,,0.2,12.0,steady,ts,4,24358,33.648613850492744,28.50430231109291,115.94806196606524,176.26786528285612,4.057106494786107,13.0,2.280910554773929,main,
200/200/150/150/100/100/50/50,0.9,30.0,3.0,0.01,16,,0.2,12.0,steady,ts,5,24518,31.64286152184595,27.08287219829808,104.92940591168929,162.0536801901852,3.799575821845175,12.0,2.0852010248455226,main,
200/200/150/150/100/100/50/50,0.9,30.0,3.0,0.01,16,,0.2,12.0,steady,ts,6,24384,32.863711942972174,28.209003318069747,109.5989544068676,173.66928568848368,4.0289534120734904,13.0,2.0702799344833105,main,
200/200/150/150/100/100/50/50,0.9,30.0,3.0,0.01,16,,0.2,12.0,steady,ts,7,24123,30.76035885674205,25.741652827200312,102.51446833337162,156.70396876197802,3.830991170252456,13.0,1.8821073937592385,main,
200/200/150/150/100/100/50/50,0.9,30.0,3.0,0.01,16,,0.2,12.0,steady,ts,8,24435,30.810102110292004,25.763958859282177,110.33677326237529,169.2390847436323,3.6853693472478004,12.0,1.967050103582701,main,
200/200/150/150/100/100/50/50,0.9,30.0,3.0,0.01,16,,0.2,12.0,steady,ts,9,24387,33.97918080640606,28.523494801557803,120.1202937957169,197.7172552833515,4.178783778242506,14.0,2.284236732263168,main,
200/200/150/150/100/100/50/50,0.9,30.0,3.0,0.01,16,,0.2,12.0,steady,ts+lc,0,24557,33.1669153227968,27.66766041497437,116.35007673143747,171.62520733839534,4.046951989249501,16.0,1.9582868325968321,main,
200/200/150/150/100/100/50/50,0.9,30.0,3.0,0.01,16,,0.2,12.0,steady,ts+lc,1,24312,29.38068907125909,24.458812804303953,102.30089455925696,143.34866028757318,3.570746956235604,12.0,1.802428414854414,main,
200/200/150/150/100/100/50/50,0.9,30.0,3.0,0.01,16,,0.2,12.0,steady,ts+lc,2,24431,34.925358104494464,27.334486787266243,138.13334994017606,178.45228689762808,4.386271540256232,19.0,2.0254026588899707,main,
200/200/150/150/100/100/50/50,0.9,30.0,3.0,0.01,16,,0.2,12.0,steady,ts+lc,3,24221,28.181264658131663,24.06945244278802,95.72186582364101,140.39929712578672,3.3594814417241237,11.0,1.7341382526654425,main,
200/200/150/150/100/100/50/50,0.9,30.0,3.0,0.01,16,,0.2,12.0,steady,ts+lc,4,24358,30.488087750700913,25.685984906036907,105.30157394762166,161.48597512366337,3.6000492651285,12.0,1.8653410726390378,main,
200/200/150/150/100/100/50/50,0.9,30.0,3.0,0.01,16,,0.2,12.0,steady,ts+lc,5,24518,29.967873106307312,25.631535608999556,100.2549434301236,148.0034606404348,3.5588139326209314,11.0,1.9035846092972923,main,
200/200/150/150/100/100/50/50,0.9,30.0,3.0,0.01,16,,0.2,12.0,steady,ts+lc,6,24384,31.301701940627748,26.824640257135712,105.77183054136958,138.10787495083403,3.797695209973753,12.0,1.929570448717505,main,
200/200/150/150/100/100/50/50,0.9,30.0,3.0,0.01,16,,0.2,12.0,steady,ts+lc,7,24123,27.940949258872305,23.629335377190586,93.10137525245298,132.32347901864705,3.3751606350785557,11.0,1.6928095278689614,main,
200/200/150/150/100/100/50/50,0.9,30.0,3.0,0.01,16,,0.2,12.0,steady,ts+lc,8,24435,29.480675027636142,25.06233269533098,103.17102068837961,145.95912083110005,3.534479230611827,12.0,1.8391674757103749,main,
200/200/150/150/100/100/50/50,0.9,30.0,3.0,0.01,16,,0.2,12.0,steady,ts+lc,9,24387,32.36918739896622,26.021073778149884,138.60311725089613,215.404724389472,3.917866076188133,18.0,2.0398863400476857,main,
200/200/150/150/100/100/50/50,0.9,30.0,3.0,0.01,16,,0.2,12.0,steady,ts_epoch,0,24557,52.098652791276564,39.33849466064743,232.96617744750085,344.0566385859058,5.75558903774891,21.0,1.825874848355889,main,
200/200/150/150/100/100/50/50,0.9,30.0,3.0,0.01,16,,0.2,12.0,steady,ts_epoch,1,24312,47.12463589967093,35.32015227463514,205.29891677497068,295.948754905692,5.061204343534057,19.0,1.6213434410999126,main,
200/200/150/150/100/100/50/50,0.9,30.0,3.0,0.01,16,,0.2,12.0,steady,ts_epoch,2,24431,52.5448336009374,37.968052883663006,232.94539214863534,360.93318533903965,5.919446604723507,26.0,1.7975447374880094,main,
200/200/150/150/100/100/50/50,0.9,30.0,3.0,0.01,16,,0.2,12.0,steady,ts_epoch,3,24221,46.804751556848515,34.525106336271705,207.55403553634218,295.8715657393856,5.064572065562941,18.0,1.6232415173440513,main,
200/200/150/150/100/100/50/50,0.9,30.0,3.0,0.01,16,,0.2,12.0,steady,ts_epoch,4,24358,47.772222423049776,35.92755789051605,209.37908031096845,351.91807519216434,5.117620494293456,17.0,1.575772448211668,main,
200/200/150/150/100/100/50/50,0.9,30.0,3.0,0.01,16,,0.2,12.0,steady,ts_epoch,5,24518,48.627768403836505,37.1944339106145,217.27691613692008,362.17741944701163,5.225018353862469,18.0,1.6937850522087623,main,
200/200/150/150/100/100/50/50,0.9,30.0,3.0,0.01,16,,0.2,12.0,steady,ts_epoch,6,24384,47.63787729057196,37.13609026851117,202.24780476907569,300.2630653152733,5.241428805774278,18.0,1.6913388949765074,main,
200/200/150/150/100/100/50/50,0.9,30.0,3.0,0.01,16,,0.2,12.0,steady,ts_epoch,7,24123,45.3560927753149,34.265878542413475,206.066549256792,326.65587670554686,4.816482195415164,17.0,1.5934116289502496,main,
200/200/150/150/100/100/50/50,0.9,30.0,3.0,0.01,16,,0.2,12.0,steady,ts_epoch,8,24435,44.562375195768354,33.285505730251685,197.38612392527386,307.92791680261035,4.782770615919787,17.0,1.5553338671746557,main,
200/200/150/150/100/100/50/50,0.9,30.0,3.0,0.01,16,,0.2,12.0,steady,ts_epoch,9,24387,49.179155940861826,37.70895843223343,218.51049889373982,319.8061201414924,5.387255504982162,19.0,1.7021016072540331,main,
200/200/150/150/100/100/50/50,0.9,30.0,3.0,0.01,16,,0.2,12.0,steady,wrandom,0,24557,91.89527260435908,55.84661023224413,639.9616494778941,830.0368077019823,9.824082746263795,44.0,1.003252329569981,main,
200/200/150/150/100/100/50/50,0.9,30.0,3.0,0.01,16,,0.2,12.0,steady,wrandom,1,24312,88.32910182003079,51.815517143481316,484.9320492739371,774.6865886039784,10.117061533399145,56.0,0.9649302376597372,main,
200/200/150/150/100/100/50/50,0.9,30.0,3.0,0.01,16,,0.2,12.0,steady,wrandom,2,24431,128.55561107907505,48.73452448148896,1282.809096323978,1547.24040565551,11.509189144938807,65.0,1.0044222031810381,main,
200/200/150/150/100/100/50/50,0.9,30.0,3.0,0.01,16,,0.2,12.0,steady,wrandom,3,24221,78.63610656194835,49.78953745974746,650.4514406199721,864.0004002814121,8.642252590727056,37.0,0.9732688831589569,main,
200/200/150/150/100/100/50/50,0.9,30.0,3.0,0.01,16,,0.2,12.0,steady,wrandom,4,24358,81.75500446046136,55.03215935602768,512.9602376638966,796.4174054022171,9.428976106412678,38.0,0.9810190486336038,main,
200/200/150/150/100/100/50/50,0.9,30.0,3.0,0.01,16,,0.2,12.0,steady,wrandom,5,24518,81.0549177592282,59.704357664309704,395.8807454713183,596.3819351925238,10.034994697773065,43.0,1.005194055569227,main,
200/200/150/150/100/100/50/50,0.9,30.0,3.0,0.01,16,,0.2,12.0,steady,wrandom,6,24384,77.25234414671871,50.84377402694429,444.4513553756398,670.7647519395376,8.507053805774278,29.0,1.0050581761677506,main,
200/200/150/150/100/100/50/50,0.9,30.0,3.0,0.01,16,,0.2,12.0,steady,wrandom,7,24123,78.31238418474909,45.98171876181567,386.74199164189207,474.91569862354856,9.653069684533433,64.0,1.0027122717624517,main,
200/200/150/150/100/100/50/50,0.9,30.0,3.0,0.01,16,,0.2,12.0,steady,wrandom,8,24435,81.21413899395596,48.57856137684635,440.20989755466553,564.8307372701487,9.18927767546552,44.0,0.962585787198917,main,
200/200/150/150/100/100/50/50,0.9,30.0,3.0,0.01,16,,0.2,12.0,steady,wrandom,9,24387,91.81935967586035,55.19569443414163,722.4972516316753,1029.8971950563796,9.589043342764588,36.0,0.9836706000750048,main,
200/200/150/150/100/100/50/50,0.9,30.0,3.0,0.01,64,,0.2,12.0,steady,greedy,0,24557,155.33944526318572,39.64254697171299,5692.206876032699,7285.685011198425,13.411125137435354,278.0,1.854206306514639,main,
200/200/150/150/100/100/50/50,0.9,30.0,3.0,0.01,64,,0.2,12.0,steady,greedy,1,24312,110.19390532475548,28.539390896017203,4017.881831264493,8210.296876488988,8.134624876604146,193.0,1.923351431727065,main,
200/200/150/150/100/100/50/50,0.9,30.0,3.0,0.01,64,,0.2,12.0,steady,greedy,2,24431,142.46568580322895,29.61934587761661,3846.686848672535,11754.942438137097,9.606892881994188,177.70000000000073,2.03797580675713,main,
200/200/150/150/100/100/50/50,0.9,30.0,3.0,0.01,64,,0.2,12.0,steady,greedy,3,24221,90.64756186521133,27.34985464209494,3984.5854349492006,6254.937300995592,6.554394946533999,200.0,1.9804338676720898,main,
200/200/150/150/100/100/50/50,0.9,30.0,3.0,0.01,64,,0.2,12.0,steady,greedy,4,24358,115.07014348918273,33.14467009784661,189.1994140639858,9325.572826070118,8.930084571803924,25.0,2.0834129636627856,main,
200/200/150/150/100/100/50/50,0.9,30.0,3.0,0.01,64,,0.2,12.0,steady,greedy,5,24518,141.54021046904703,33.925354513470566,7312.285286195072,8092.513283884025,10.915123582673953,378.0,1.96861702952642,main,
200/200/150/150/100/100/50/50,0.9,30.0,3.0,0.01,64,,0.2,12.0,steady,greedy,6,24384,150.14570565191107,35.89224992180107,5611.6720645319765,9580.902912181195,10.987819881889763,292.35999999998603,1.9776226664666976,main,
200/200/150/150/100/100/50/50,0.9,30.0,3.0,0.01,64,,0.2,12.0,steady,greedy,7,24123,138.22819397940728,26.378033484196095,5660.340957942069,9489.231939135545,9.131451312025867,297.77999999999884,2.0553552032166484,main,
200/200/150/150/100/100/50/50,0.9,30.0,3.0,0.01,64,,0.2,12.0,steady,greedy,8,24435,86.95155220864986,31.215034161064636,182.4614331951499,7823.881789324911,7.364763658686311,23.0,2.019005082906646,main,
200/200/150/150/100/100/50/50,0.9,30.0,3.0,0.01,64,,0.2,12.0,steady,greedy,9,24387,132.988318340387,27.573035440042304,7427.182694041117,8570.27962305204,9.411530733587567,417.0,1.9716518385728028,main,
200/200/150/150/100/100/50/50,0.9,30.0,3.0,0.01,64,,0.2,12.0,steady,greedy+lc,0,24557,157.0564375427854,39.669810443921705,5770.057782375606,7220.527334242233,13.583173840452824,279.4399999999987,1.8677493791243016,main,
200/200/150/150/100/100/50/50,0.9,30.0,3.0,0.01,64,,0.2,12.0,steady,greedy+lc,1,24312,109.30012742868303,27.68345644639858,4221.031741481121,8254.275285727039,7.978364593616321,207.0,1.8212513615905705,main,
200/200/150/150/100/100/50/50,0.9,30.0,3.0,0.01,64,,0.2,12.0,steady,greedy+lc,2,24431,136.17766073604213,29.080453410433194,3300.461939078604,11775.544160424504,9.223895870001227,132.0,1.9049463769680757,main,
200/200/150/150/100/100/50/50,0.9,30.0,3.0,0.01,64,,0.2,12.0,steady,greedy+lc,3,24221,91.95656402712457,27.083622807584362,4245.116359856306,6388.811294205303,6.534081994963048,205.79999999999927,1.8996767261526661,main,
200/200/150/150/100/100/50/50,0.9,30.0,3.0,0.01,64,,0.2,12.0,steady,greedy+lc,4,24358,108.43020106838787,34.040838989461975,204.95805549920996,9391.746129131112,8.88837342967403,28.0,1.9787259534077213,main,
200/200/150/150/100/100/50/50,0.9,30.0,3.0,0.01,64,,0.2,12.0,steady,greedy+lc,5,24518,127.08759851717984,33.498257399283474,6246.7617436053515,8063.812803019446,10.068928950159068,334.8299999999981,2.059607299859201,main,
200/200/150/150/100/100/50/50,0.9,30.0,3.0,0.01,64,,0.2,12.0,steady,greedy+lc,6,24384,153.22155691801476,33.993744409221094,6215.833758944501,9463.43561686412,11.08058562992126,317.0,1.865486770668148,main,
200/200/150/150/100/100/50/50,0.9,30.0,3.0,0.01,64,,0.2,12.0,steady,greedy+lc,7,24123,135.2523737538967,25.79535807696942,5679.089755676987,9460.88499658773,8.905525846702318,299.0,1.898856882625488,main,
200/200/150/150/100/100/50/50,0.9,30.0,3.0,0.01,64,,0.2,12.0,steady,greedy+lc,8,24435,86.17521963905874,30.054121587063776,166.93093898305978,7716.831682792137,7.0875383670963785,21.0,1.9793711676646,main,
200/200/150/150/100/100/50/50,0.9,30.0,3.0,0.01,64,,0.2,12.0,steady,greedy+lc,9,24387,128.73669709082742,27.810032082268066,7407.603315400748,8477.527035932035,9.099356214376511,397.0,1.9466950986515383,main,
200/200/150/150/100/100/50/50,0.9,30.0,3.0,0.01,64,,0.2,12.0,steady,jsq,0,24557,42.88817716033293,29.206731609366265,231.67328447275258,377.85689150641787,4.142077615343894,14.0,3.498689722943796,main,
200/200/150/150/100/100/50/50,0.9,30.0,3.0,0.01,64,,0.2,12.0,steady,jsq,1,24312,39.294893946310516,25.911560987590843,246.9111951938559,398.9675569092662,3.656753866403422,13.0,3.3914198867971486,main,
200/200/150/150/100/100/50/50,0.9,30.0,3.0,0.01,64,,0.2,12.0,steady,jsq,2,24431,39.62604448671596,26.5472119500636,234.26453723329507,364.89715313988324,3.7528140477262495,13.0,3.4826297095940264,main,
200/200/150/150/100/100/50/50,0.9,30.0,3.0,0.01,64,,0.2,12.0,steady,jsq,3,24221,38.04575773774188,26.082894200399664,214.8978490289818,332.2390162936183,3.5563354114198424,13.0,3.439935577953039,main,
200/200/150/150/100/100/50/50,0.9,30.0,3.0,0.01,64,,0.2,12.0,steady,jsq,4,24358,41.44846832375778,28.455693289925588,219.43353135440464,352.1207051371686,3.9310698743739225,13.0,3.581795449756738,main,
200/200/150/150/100/100/50/50,0.9,30.0,3.0,0.01,64,,0.2,12.0,steady,jsq,5,24518,40.142865416272116,27.768479425113178,222.56355198709537,347.86575465062384,3.8100579166326782,13.0,3.4886805142531596,main,
200/200/150/150/100/100/50/50,0.9,30.0,3.0,0.01,64,,0.2,12.0,steady,jsq,6,24384,40.15125736060693,27.23982138894776,233.41787193481818,364.17922979380717,3.7863353018372705,13.0,3.520365733204207,main,
200/200/150/150/100/100/50/50,0.9,30.0,3.0,0.01,64,,0.2,12.0,steady,jsq,7,24123,36.6741317776037,24.803162975162607,196.53899104953538,326.04849798853,3.4690544293827466,13.0,3.2158292683241836,main,
200/200/150/150/100/100/50/50,0.9,30.0,3.0,0.01,64,,0.2,12.0,steady,jsq,8,24435,39.67198606565963,26.444145745546876,223.4531843833814,366.61666752908,3.734110906486597,13.0,3.4000896585187927,main,
200/200/150/150/100/100/50/50,0.9,30.0,3.0,0.01,64,,0.2,12.0,steady,jsq,9,24387,39.763261217572676,27.4173796275603,213.15093375774643,321.7868057102334,3.8160495345881,13.0,3.7070493137263036,main,
200/200/150/150/100/100/50/50,0.9,30.0,3.0,0.01,64,,0.2,12.0,steady,jsq+lc,0,24557,41.93264757383682,28.870497576486187,231.15776087850315,363.8556664862551,4.004112880237814,14.0,3.300822498901079,main,
200/200/150/150/100/100/50/50,0.9,30.0,3.0,0.01,64,,0.2,12.0,steady,jsq+lc,1,24312,38.00167518137719,25.551092142097165,207.47637362647308,371.5563938743461,3.5281342546890424,12.0,3.1404298669896153,main,
200/200/150/150/100/100/50/50,0.9,30.0,3.0,0.01,64,,0.2,12.0,steady,jsq+lc,2,24431,38.34951971896891,25.91431721059223,213.32428059591513,329.5716109487639,3.6163890139576766,13.0,3.2730599994466116,main,
200/200/150/150/100/100/50/50,0.9,30.0,3.0,0.01,64,,0.2,12.0,steady,jsq+lc,3,24221,37.06543877898023,25.313834593632123,193.90707295735604,312.1915699254782,3.4658354320630855,12.0,3.1905975446438517,main,
200/200/150/150/100/100/50/50,0.9,30.0,3.0,0.01,64,,0.2,12.0,steady,jsq+lc,4,24358,39.58867868600581,27.256303224655554,223.31482548838727,367.6800160570391,3.7503900156006242,13.0,3.283708449658839,main,
200/200/150/150/100/100/50/50,0.9,30.0,3.0,0.01,64,,0.2,12.0,steady,jsq+lc,5,24518,38.69182621897325,26.74050279065554,208.01704968162963,314.7000094654774,3.6584142262827313,13.0,3.3323970843709714,main,
200/200/150/150/100/100/50/50,0.9,30.0,3.0,0.01,64,,0.2,12.0,steady,jsq+lc,6,24384,38.637127380530835,26.84755677531303,213.8579210722697,354.38276553838,3.6278297244094486,12.0,3.303933121698378,main,
200/200/150/150/100/100/50/50,0.9,30.0,3.0,0.01,64,,0.2,12.0,steady,jsq+lc,7,24123,36.18822093066383,23.902310073182775,207.41954352667196,332.3087734596558,3.365087261120093,12.0,3.1203599913147464,main,
200/200/150/150/100/100/50/50,0.9,30.0,3.0,0.01,64,,0.2,12.0,steady,jsq+lc,8,24435,39.2871437575054,26.594789447308642,224.9191077013708,361.65772977699925,3.6821772048291384,13.0,3.2138501087840763,main,
200/200/150/150/100/100/50/50,0.9,30.0,3.0,0.01,64,,0.2,12.0,steady,jsq+lc,9,24387,38.6056004145492,26.28395234855674,212.52987835329714,348.36649474702585,3.615532865871161,13.0,3.228684018772332,main,
200/200/150/150/100/100/50/50,0.9,30.0,3.0,0.01,64,,0.2,12.0,steady,p2c,0,24557,45.82540858328016,27.563355638644538,276.25234459353914,373.2456440485454,3.9449851366209225,14.0,1.040089213267505,main,
200/200/150/150/100/100/50/50,0.9,30.0,3.0,0.01,64,,0.2,12.0,steady,p2c,1,24312,40.48925610297106,25.217647819046896,234.1587717684971,346.18481688335635,3.364840408028957,10.0,0.9648575860585558,main,
200/200/150/150/100/100/50/50,0.9,30.0,3.0,0.01,64,,0.2,12.0,steady,p2c,2,24431,42.75547341046125,26.441543357300645,232.8654157574773,328.6231273678812,3.661659367197413,11.0,0.9921796321265799,main,
200/200/150/150/100/100/50/50,0.9,30.0,3.0,0.01,64,,0.2,12.0,steady,p2c,3,24221,40.16167028193513,25.220754726971606,227.51545083028253,343.3574499974139,3.3060980141199785,9.0,0.9705018314188693,main,
200/200/150/150/100/100/50/50,0.9,30.0,3.0,0.01,64,,0.2,12.0,steady,p2c,4,24358,44.80133789819781,28.91390943178962,250.48502923633663,334.82674605324115,3.818416947204204,10.0,1.012097209580193,main,
200/200/150/150/100/100/50/50,0.9,30.0,3.0,0.01,64,,0.2,12.0,steady,p2c,5,24518,42.12318917911062,26.192832733056726,246.4800203984538,359.80099404393263,3.5489436332490416,10.0,1.0016472300919252,main,
200/200/150/150/100/100/50/50,0.9,30.0,3.0,0.01,64,,0.2,12.0,steady,p2c,6,24384,42.50515001946798,27.24599974064912,245.94348401217377,319.102863287086,3.570661089238845,10.0,0.9816331024944814,main,
200/200/150/150/100/100/50/50,0.9,30.0,3.0,0.01,64,,0.2,12.0,steady,p2c,7,24123,38.442654382959006,24.215461029186702,222.51226343308485,341.6582653761034,3.177216764084069,10.0,0.9781827593597819,main,
200/200/150/150/100/100/50/50,0.9,30.0,3.0,0.01,64,,0.2,12.0,steady,p2c,8,24435,42.747107063129846,27.369616531448315,236.3436350356827,354.2121330350742,3.620912625332515,11.0,0.9859868502709153,main,
200/200/150/150/100/100/50/50,0.9,30.0,3.0,0.01,64,,0.2,12.0,steady,p2c,9,24387,42.57656780214449,27.73617796917005,230.53419915043523,330.56068711163874,3.6245130602370117,11.0,0.9602386993494502,main,
200/200/150/150/100/100/50/50,0.9,30.0,3.0,0.01,64,,0.2,12.0,steady,p2c_learned,0,24557,42.68856298902715,29.71079300193935,168.27759402819208,1694.13018219262,4.329030419025125,17.0,1.0297951228772884,main,
200/200/150/150/100/100/50/50,0.9,30.0,3.0,0.01,64,,0.2,12.0,steady,p2c_learned,1,24312,36.47655360167545,26.05083619840265,167.821163119863,663.2085084573231,3.825888450148075,18.0,0.9600109705374709,main,
200/200/150/150/100/100/50/50,0.9,30.0,3.0,0.01,64,,0.2,12.0,steady,p2c_learned,2,24431,34.90319126654878,26.58894392887845,149.0065546910097,493.0138966623056,3.650485039498997,13.0,1.0131216541018202,main,
200/200/150/150/100/100/50/50,0.9,30.0,3.0,0.01,64,,0.2,12.0,steady,p2c_learned,3,24221,36.15675271817324,26.38691792373038,163.75399000340045,417.52858980154815,3.755294991949135,17.0,0.9747086333009594,main,
200/200/150/150/100/100/50/50,0.9,30.0,3.0,0.01,64,,0.2,12.0,steady,p2c_learned,4,24358,37.92605584896464,29.321568120468378,160.1029509707229,527.3628151751185,4.04799244601363,15.0,0.9848442103929703,main,
200/200/150/150/100/100/50/50,0.9,30.0,3.0,0.01,64,,0.2,12.0,steady,p2c_learned,5,24518,39.188316939155904,27.20526374321386,150.3527131412568,1417.7814412196283,4.019862957826903,19.0,0.9945091245939157,main,
200/200/150/150/100/100/50/50,0.9,30.0,3.0,0.01,64,,0.2,12.0,steady,p2c_learned,6,24384,36.42456060838998,28.0030659147652,151.14704424586918,846.053690708794,3.832636154855643,15.0,0.9974047886469852,main,
200/200/150/150/100/100/50/50,0.9,30.0,3.0,0.01,64,,0.2,12.0,steady,p2c_learned,7,24123,36.10505791003967,25.043712060005774,155.8352551639258,1320.1652850246746,3.628694606806782,15.0,0.9597236624398247,main,
200/200/150/150/100/100/50/50,0.9,30.0,3.0,0.01,64,,0.2,12.0,steady,p2c_learned,8,24435,35.5215301388052,26.189732413676836,142.65324764699082,1005.0088141587667,3.591364845508492,13.0,0.9787924260603816,main,
200/200/150/150/100/100/50/50,0.9,30.0,3.0,0.01,64,,0.2,12.0,steady,p2c_learned,9,24387,37.29056668549167,27.725793523202924,148.68989907065452,1054.6656766837486,3.8684545044490917,14.0,1.015710042628895,main,
200/200/150/150/100/100/50/50,0.9,30.0,3.0,0.01,64,,0.2,12.0,steady,sed,0,24557,42.45892030950742,33.19931604089277,181.22544765137246,286.35493797888785,4.80697967992833,15.0,3.885859866005844,main,
200/200/150/150/100/100/50/50,0.9,30.0,3.0,0.01,64,,0.2,12.0,steady,sed,1,24312,39.483054307796216,30.27132236257124,180.26362939822423,290.0629733739181,4.475403093122738,14.0,3.9089723480283514,main,
200/200/150/150/100/100/50/50,0.9,30.0,3.0,0.01,64,,0.2,12.0,steady,sed,2,24431,40.80796883487683,30.956828256332614,191.0075357571977,317.3254939715245,4.586795464778356,15.0,4.17626294734021,main,
200/200/150/150/100/100/50/50,0.9,30.0,3.0,0.01,64,,0.2,12.0,steady,sed,3,24221,39.24014947320064,30.372401458031106,171.9877926901364,280.15246658673016,4.37153709590851,14.0,3.8506198705919843,main,
200/200/150/150/100/100/50/50,0.9,30.0,3.0,0.01,64,,0.2,12.0,steady,sed,4,24358,41.01946708300426,32.742987865155726,162.97591225457208,300.8242501182484,4.647672222678381,14.0,4.001064395528073,main,
200/200/150/150/100/100/50/50,0.9,30.0,3.0,0.01,64,,0.2,12.0,steady,sed,5,24518,40.34814828528481,31.988236675857706,171.65925252839003,287.7611742380137,4.573374663512522,14.0,3.970259731007526,main,
200/200/150/150/100/100/50/50,0.9,30.0,3.0,0.01,64,,0.2,12.0,steady,sed,6,24384,40.839282856389886,32.20949048468125,172.94199448831117,321.2797326620596,4.59883530183727,14.0,3.9487288928522952,main,
200/200/150/150/100/100/50/50,0.9,30.0,3.0,0.01,64,,0.2,12.0,steady,sed,7,24123,38.34726961683006,29.542514156515765,166.18111772320987,290.6643616324251,4.350329560999875,14.0,3.842295403192275,main,
200/200/150/150/100/100/50/50,0.9,30.0,3.0,0.01,64,,0.2,12.0,steady,sed,8,24435,40.14800640511827,31.532637842226485,176.63156760231834,277.40539006358887,4.539594843462247,14.0,3.819555334399444,main,
200/200/150/150/100/100/50/50,0.9,30.0,3.0,0.01,64,,0.2,12.0,steady,sed,9,24387,40.91396385168532,32.17673247949904,174.5556102368662,288.97373676521477,4.587157091893221,15.0,4.1225903107476665,main,
200/200/150/150/100/100/50/50,0.9,30.0,3.0,0.01,64,,0.2,12.0,steady,ts,0,24557,67.7136821439595,33.254150433167595,281.22980076145365,5253.949595098613,7.918801156493057,45.0,1.9647692498930602,main,
200/200/150/150/100/100/50/50,0.9,30.0,3.0,0.01,64,,0.2,12.0,steady,ts,1,24312,49.037171741981155,26.825572823200304,129.97720562637383,6807.596561813388,4.778710102007239,15.0,1.9946692411280709,main,
200/200/150/150/100/100/50/50,0.9,30.0,3.0,0.01,64,,0.2,12.0,steady,ts,2,24431,58.24596174955474,31.282281142871682,177.3560652772437,5501.961493694224,6.404035856084483,27.0,2.1908267139576045,main,
200/200/150/150/100/100/50/50,0.9,30.0,3.0,0.01,64,,0.2,12.0,steady,ts,3,24221,56.6342068533091,30.12332402925999,122.21299639470188,6869.05993563096,5.6247471202675365,15.0,1.873733253651894,main,
200/200/150/150/100/100/50/50,0.9,30.0,3.0,0.01,64,,0.2,12.0,steady,ts,4,24358,71.88325964896141,33.6526628076772,191.34646680107795,7870.834166116065,7.226373265456934,29.0,2.2038267274213283,main,
200/200/150/150/100/100/50/50,0.9,30.0,3.0,0.01,64,,0.2,12.0,steady,ts,5,24518,49.220277574116054,28.313993689987882,151.01588777226226,5639.316844099431,5.070560404600702,21.0,2.0614138602797194,main,
200/200/150/150/100/100/50/50,0.9,30.0,3.0,0.01,64,,0.2,12.0,steady,ts,6,24384,66.66525157555031,34.17662719783343,215.60737375900436,6541.33004598491,7.664944225721785,34.0,1.9749495584346861,main,
200/200/150/150/100/100/50/50,0.9,30.0,3.0,0.01,64,,0.2,12.0,steady,ts,7,24123,49.68498297355586,27.990947437331215,148.1570760569377,7649.636637001399,5.094930149649712,19.0,2.080777230139347,main,
200/200/150/150/100/100/50/50,0.9,30.0,3.0,0.01,64,,0.2,12.0,steady,ts,8,24435,43.38759443405063,27.02335240093756,171.33777860760898,3766.1259764878105,4.597503580928995,21.0,2.06977055986315,main,
200/200/150/150/100/100/50/50,0.9,30.0,3.0,0.01,64,,0.2,12.0,steady,ts,9,24387,48.27824794078032,29.68034719060242,200.57996187986927,311.4934434013469,5.815639480050847,31.0,2.194393612447179,main,
200/200/150/150/100/100/50/50,0.9,30.0,3.0,0.01,64,,0.2,12.0,steady,ts+lc,0,24557,67.09317763346777,32.658221963359324,281.75625838141985,5253.949595098613,7.8254672802052365,44.0,1.9406590665329158,main,
200/200/150/150/100/100/50/50,0.9,30.0,3.0,0.01,64,,0.2,12.0,steady,ts+lc,1,24312,48.58033445690737,25.987077524724178,128.18724870549943,6848.566512422006,4.691716025008226,14.0,1.910498118205052,main,
200/200/150/150/100/100/50/50,0.9,30.0,3.0,0.01,64,,0.2,12.0,steady,ts+lc,2,24431,57.46264495743451,30.310394284507325,180.1772313992622,5501.961493694224,6.304899512913921,26.0,2.0114863136066656,main,
200/200/150/150/100/100/50/50,0.9,30.0,3.0,0.01,64,,0.2,12.0,steady,ts+lc,3,24221,56.71035619853706,30.583392943857035,122.92388255428851,6869.05993563096,5.66875851533793,14.0,1.881357642973971,main,
200/200/150/150/100/100/50/50,0.9,30.0,3.0,0.01,64,,0.2,12.0,steady,ts+lc,4,24358,70.29106366548926,31.309643626323602,188.8512096105464,7870.834166116065,6.953239182198867,30.0,1.9977780964227694,main,
200/200/150/150/100/100/50/50,0.9,30.0,3.0,0.01,64,,0.2,12.0,steady,ts+lc,5,24518,49.42384348421073,28.071957046203355,153.87841243635273,5716.326914558335,5.078187454115344,20.0,2.0022897507695783,main,
200/200/150/150/100/100/50/50,0.9,30.0,3.0,0.01,64,,0.2,12.0,steady,ts+lc,6,24384,67.66616550307981,34.56822936048365,219.92506808530635,6541.33004598491,7.8257053805774275,35.0,1.9095961418551903,main,
200/200/150/150/100/100/50/50,0.9,30.0,3.0,0.01,64,,0.2,12.0,steady,ts+lc,7,24123,49.93629018004678,27.709516742526752,149.80061010279533,7641.291251698939,5.141151598059943,21.0,1.928612976805557,main,
200/200/150/150/100/100/50/50,0.9,30.0,3.0,0.01,64,,0.2,12.0,steady,ts+lc,8,24435,41.01988315682741,26.156351314877924,149.54209924773232,3336.0859503154074,4.385921833435646,19.0,1.9820848744769302,main,
200/200/150/150/100/100/50/50,0.9,30.0,3.0,0.01,64,,0.2,12.0,steady,ts+lc,9,24387,47.482504457189016,28.69676725656234,203.19475507556098,308.72857101307125,5.664903432156477,30.0,2.0089418425806453,main,
200/200/150/150/100/100/50/50,0.9,30.0,3.0,0.01,64,,0.2,12.0,steady,ts_epoch,0,24557,197.1522339131298,54.75422041519007,4366.114469038889,12534.804811650129,16.224335220100176,207.4399999999987,1.4924683858458492,main,
200/200/150/150/100/100/50/50,0.9,30.0,3.0,0.01,64,,0.2,12.0,steady,ts_epoch,1,24312,87.83968464810665,33.13478065895082,261.18821612458464,7404.097420912836,6.95899144455413,21.0,1.3470686125099072,main,
200/200/150/150/100/100/50/50,0.9,30.0,3.0,0.01,64,,0.2,12.0,steady,ts_epoch,2,24431,239.86210561379346,43.53265156156283,9050.232926884828,10921.89313016739,16.24587614096844,458.0,1.4651805694307034,main,
200/200/150/150/100/100/50/50,0.9,30.0,3.0,0.01,64,,0.2,12.0,steady,ts_epoch,3,24221,142.5587719036514,37.2590875766452,5965.981375327271,7658.631835062653,10.184096445233475,266.7999999999993,1.3627230644950168,main,
200/200/150/150/100/100/50/50,0.9,30.0,3.0,0.01,64,,0.2,12.0,steady,ts_epoch,4,24358,133.12368653329207,40.77021911805012,4847.491934283723,8712.79073972109,9.990803842680023,248.0,1.3807716936525796,main,
200/200/150/150/100/100/50/50,0.9,30.0,3.0,0.01,64,,0.2,12.0,steady,ts_epoch,5,24518,165.05434478759545,44.16351412895114,7089.63928663595,8493.788369633527,12.759074965331592,315.0,1.4200738508217006,main,
200/200/150/150/100/100/50/50,0.9,30.0,3.0,0.01,64,,0.2,12.0,steady,ts_epoch,6,24384,135.99125043108336,42.31398479861603,5094.6764874921955,8805.355359659834,10.729125656167978,244.67999999999302,1.4130215733375637,main,
200/200/150/150/100/100/50/50,0.9,30.0,3.0,0.01,64,,0.2,12.0,steady,ts_epoch,7,24123,198.4737145749861,36.773422630863806,6697.496489943249,11799.89198122024,12.758570658707457,351.0,1.4042998427030107,main,
200/200/150/150/100/100/50/50,0.9,30.0,3.0,0.01,64,,0.2,12.0,steady,ts_epoch,8,24435,104.74913813321271,39.877466493525304,4089.960721597184,5943.919337706562,8.601759770820545,206.0,1.3081418488159489,main,
200/200/150/150/100/100/50/50,0.9,30.0,3.0,0.01,64,,0.2,12.0,steady,ts_epoch,9,24387,174.95356399559498,45.2454045982833,6697.241098153909,10110.780082676538,12.676015910116046,327.1399999999994,1.4035322618400508,main,
200/200/150/150/100/100/50/50,0.9,30.0,3.0,0.01,64,,0.2,12.0,steady,wrandom,0,24557,95.33556820266804,59.23525700220722,924.637822202923,1325.5989701789574,10.499165207476484,46.0,0.9653101750099682,main,
200/200/150/150/100/100/50/50,0.9,30.0,3.0,0.01,64,,0.2,12.0,steady,wrandom,1,24312,85.45704652544708,51.09221369236039,522.9957765055208,781.0146685028777,9.61241362290227,39.88999999999942,1.03979729282575,main,
200/200/150/150/100/100/50/50,0.9,30.0,3.0,0.01,64,,0.2,12.0,steady,wrandom,2,24431,78.42465810776277,52.72940539610005,345.48849304194056,449.6075949238404,9.727272727272727,43.0,1.0388773187732792,main,
200/200/150/150/100/100/50/50,0.9,30.0,3.0,0.01,64,,0.2,12.0,steady,wrandom,3,24221,65.74698523661246,43.354762045153095,326.89124004172163,500.66561367942427,7.397341150241526,30.0,1.0336021483883986,main,
200/200/150/150/100/100/50/50,0.9,30.0,3.0,0.01,64,,0.2,12.0,steady,wrandom,4,24358,85.33806200093066,54.86620237862194,495.2469935920462,641.4167156166435,9.26804335331308,35.0,1.004660991911814,main,
200/200/150/150/100/100/50/50,0.9,30.0,3.0,0.01,64,,0.2,12.0,steady,wrandom,5,24518,111.01237239506368,54.71754717571198,924.1908842142901,1344.7529970044063,11.554123501101232,57.0,0.9888118618852614,main,
200/200/150/150/100/100/50/50,0.9,30.0,3.0,0.01,64,,0.2,12.0,steady,wrandom,6,24384,79.49912715417877,54.49236346894626,363.1542096103785,495.5652958141837,9.479699803149606,39.0,0.9823466308194344,main,
200/200/150/150/100/100/50/50,0.9,30.0,3.0,0.01,64,,0.2,12.0,steady,wrandom,7,24123,60.88488921292718,42.77230764958784,269.4585982450973,431.9497346729152,7.3446088794926006,34.0,0.9940804515963139,main,
200/200/150/150/100/100/50/50,0.9,30.0,3.0,0.01,64,,0.2,12.0,steady,wrandom,8,24435,89.23124846978577,54.81675719605761,529.7270339007805,689.1769756917897,10.330632289748312,49.0,0.9896765622015922,main,
200/200/150/150/100/100/50/50,0.9,30.0,3.0,0.01,64,,0.2,12.0,steady,wrandom,9,24387,79.90925981835113,52.90873007130781,389.79610167311716,519.9955067467212,9.669660064788618,45.0,0.9640695597046816,main,
200/200/150/150/100/100/50/50,0.9,30.0,3.0,0.05,1,,0.2,12.0,steady,greedy,0,24557,320.4002977629472,309.82839950025465,698.2247771957852,1192.8256836064693,49.31587734658142,101.0,38.731164391811674,main,
200/200/150/150/100/100/50/50,0.9,30.0,3.0,0.05,1,,0.2,12.0,steady,greedy,1,24312,265.62045281946484,244.61318957506649,820.5479255864398,2720.173808962959,40.03179499835472,90.0,35.549561773807255,main,
200/200/150/150/100/100/50/50,0.9,30.0,3.0,0.05,1,,0.2,12.0,steady,greedy,2,24431,285.85625935144606,259.521403125639,1236.449024013766,2393.0818373608254,43.56334165609267,116.70000000000073,35.840636768096886,main,
200/200/150/150/100/100/50/50,0.9,30.0,3.0,0.05,1,,0.2,12.0,steady,greedy,3,24221,275.7223044715376,268.4535167680693,591.0115100528793,781.6597421973179,42.619049585070805,86.0,38.10988471472691,main,
200/200/150/150/100/100/50/50,0.9,30.0,3.0,0.05,1,,0.2,12.0,steady,greedy,4,24358,297.25098462707194,280.7465937770477,779.8589926188373,1889.1764393292078,44.57771574020855,97.0,38.167422778743166,main,
200/200/150/150/100/100/50/50,0.9,30.0,3.0,0.05,1,,0.2,12.0,steady,greedy,5,24518,315.8484362549211,308.87494315588725,644.5286616871678,868.4867787680034,49.448242107839135,100.0,36.13676097412707,main,
200/200/150/150/100/100/50/50,0.9,30.0,3.0,0.05,1,,0.2,12.0,steady,greedy,6,24384,284.61048031908257,275.7201400753537,620.3453424146549,803.158515261107,43.90182086614173,90.0,36.39691521984182,main,
200/200/150/150/100/100/50/50,0.9,30.0,3.0,0.05,1,,0.2,12.0,steady,greedy,7,24123,260.20776763276314,243.13028572545113,740.6332936296186,2160.9673524541167,40.5332255523774,94.0,35.235311951180904,main,
200/200/150/150/100/100/50/50,0.9,30.0,3.0,0.05,1,,0.2,12.0,steady,greedy,8,24435,288.8728387179512,260.6316527023793,1219.4919673339828,2680.72260969079,43.275179046449765,102.0,38.503469742290974,main,
200/200/150/150/100/100/50/50,0.9,30.0,3.0,0.05,1,,0.2,12.0,steady,greedy,9,24387,307.0171166568872,298.6254743268653,640.0715840435715,901.1514657731435,47.52064624595071,93.0,38.26484505117098,main,
200/200/150/150/100/100/50/50,0.9,30.0,3.0,0.05,1,,0.2,12.0,steady,greedy+lc,0,24557,34.239962492285144,28.078367926047676,119.44320197817959,164.20376805578437,4.234922832593558,16.0,0.9377671102877598,main,
200/200/150/150/100/100/50/50,0.9,30.0,3.0,0.05,1,,0.2,12.0,steady,greedy+lc,1,24312,29.453968173629235,24.31575396928487,105.6587357811539,148.89256695261383,3.502509049029286,13.0,0.8980540062706477,main,
200/200/150/150/100/100/50/50,0.9,30.0,3.0,0.05,1,,0.2,12.0,steady,greedy+lc,2,24431,30.200812516170135,25.152593416464697,104.17498913241928,139.29212298311802,3.7527321845196675,14.0,0.8674730327833117,main,
200/200/150/150/100/100/50/50,0.9,30.0,3.0,0.05,1,,0.2,12.0,steady,greedy+lc,3,24221,28.277961309350218,23.673960241524128,98.1140076947645,133.86267817525436,3.3979604475455183,12.0,0.8771638602216492,main,
200/200/150/150/100/100/50/50,0.9,30.0,3.0,0.05,1,,0.2,12.0,steady,greedy+lc,4,24358,30.751084314340893,25.778708929164118,104.23251132862543,141.51952483293022,3.677682896789556,13.0,0.8998859669449719,main,
200/200/150/150/100/100/50/50,0.9,30.0,3.0,0.05,1,,0.2,12.0,steady,greedy+lc,5,24518,30.777221976963695,26.339738259867573,103.20537072619062,154.40187698888937,3.772330532669875,13.0,0.9161602385217847,main,
200/200/150/150/100/100/50/50,0.9,30.0,3.0,0.05,1,,0.2,12.0,steady,greedy+lc,6,24384,29.82730361494976,25.059241877194438,100.3354216626317,139.26975817742183,3.5609416010498687,12.0,0.9113167368480211,main,
200/200/150/150/100/100/50/50,0.9,30.0,3.0,0.05,1,,0.2,12.0,steady,greedy+lc,7,24123,27.449231175856408,23.19472634995634,95.4975554997644,136.29933345462644,3.2464038469510426,12.0,0.8523946724017433,main,
200/200/150/150/100/100/50/50,0.9,30.0,3.0,0.05,1,,0.2,12.0,steady,greedy+lc,8,24435,28.936182228595108,24.390991424491304,102.2519698279087,152.36010827132083,3.5121751585839984,12.0,0.8818036210209889,main,
200/200/150/150/100/100/50/50,0.9,30.0,3.0,0.05,1,,0.2,12.0,steady,greedy+lc,9,24387,30.15316911829813,25.935722413634288,101.46148741719092,131.88811579860834,3.7238692746135236,14.0,0.8736940300117126,main,
200/200/150/150/100/100/50/50,0.9,30.0,3.0,0.05,1,,0.2,12.0,steady,jsq,0,24557,152.66995241724135,105.52965901646516,847.1648833558277,1172.3086157129342,16.79170908498595,48.0,31.74993558301731,main,
200/200/150/150/100/100/50/50,0.9,30.0,3.0,0.05,1,,0.2,12.0,steady,jsq,1,24312,139.44661296040337,95.79861683223356,774.8657841773304,1123.0462235361472,15.581276735768345,46.0,30.654822444259885,main,
200/200/150/150/100/100/50/50,0.9,30.0,3.0,0.05,1,,0.2,12.0,steady,jsq,2,24431,140.59971209731236,92.02191136562377,828.9566092124886,1233.53354258509,15.450165772993328,48.0,30.096658499914152,main,
200/200/150/150/100/100/50/50,0.9,30.0,3.0,0.05,1,,0.2,12.0,steady,jsq,3,24221,138.55252534007485,91.4257629616877,786.5746827605277,1073.3531570388209,15.08500887659469,46.0,29.592778393001264,main,
200/200/150/150/100/100/50/50,0.9,30.0,3.0,0.05,1,,0.2,12.0,steady,jsq,4,24358,147.70052967984637,101.67969396745758,841.8583813368456,1146.726083254328,16.29530339108301,48.0,31.57037416439961,main,
200/200/150/150/100/100/50/50,0.9,30.0,3.0,0.05,1,,0.2,12.0,steady,jsq,5,24518,140.077466373898,99.15490290235995,758.4515178450888,1129.54363091146,15.836038828615711,47.0,30.8971968677671,main,
200/200/150/150/100/100/50/50,0.9,30.0,3.0,0.05,1,,0.2,12.0,steady,jsq,6,24384,144.6020010773489,96.61585002293106,816.959013049926,1161.2117292783191,15.737983923884514,46.0,30.575192441930188,main,
200/200/150/150/100/100/50/50,0.9,30.0,3.0,0.05,1,,0.2,12.0,steady,jsq,7,24123,129.1277327685242,85.38510391771936,764.3164933273157,1148.4125669724979,14.296687808315715,45.0,28.438545228351135,main,
200/200/150/150/100/100/50/50,0.9,30.0,3.0,0.05,1,,0.2,12.0,steady,jsq,8,24435,144.03102620307408,97.3348181561331,809.5075088197257,1075.3340006824662,15.931368937998773,47.0,30.92532205797022,main,
200/200/150/150/100/100/50/50,0.9,30.0,3.0,0.05,1,,0.2,12.0,steady,jsq,9,24387,143.57314632347342,96.35794006987553,829.0024024488685,1052.8894525210746,15.86423094271538,47.0,31.066560349357704,main,
200/200/150/150/100/100/50/50,0.9,30.0,3.0,0.05,1,,0.2,12.0,steady,jsq+lc,0,24557,45.042685110844495,26.324738020505833,272.3563370611375,368.92990391736294,3.666856700737061,12.0,0.7723861607691966,main,
200/200/150/150/100/100/50/50,0.9,30.0,3.0,0.05,1,,0.2,12.0,steady,jsq+lc,1,24312,40.39233016725047,23.163805965924933,237.54379857010593,323.3856998770777,3.188919052319842,10.0,0.7343042448829007,main,
200/200/150/150/100/100/50/50,0.9,30.0,3.0,0.05,1,,0.2,12.0,steady,jsq+lc,2,24431,40.92980515626727,23.412116708174224,237.9238804101266,350.37892820219906,3.2774344071057264,11.0,0.7359888916617507,main,
200/200/150/150/100/100/50/50,0.9,30.0,3.0,0.05,1,,0.2,12.0,steady,jsq+lc,3,24221,39.74509365322823,22.85894304742797,225.89992441918153,312.2800603284979,3.100904174063829,10.0,0.7420020248010792,main,
200/200/150/150/100/100/50/50,0.9,30.0,3.0,0.05,1,,0.2,12.0,steady,jsq+lc,4,24358,42.8963185494069,25.40233616128873,265.1087053201844,375.3017430660843,3.4264717957139337,11.0,0.7527733115777081,main,
200/200/150/150/100/100/50/50,0.9,30.0,3.0,0.05,1,,0.2,12.0,steady,jsq+lc,5,24518,41.32138701419736,24.147236254633775,240.3081943394817,323.1079649906459,3.305326698751937,10.0,0.743865030957004,main,
200/200/150/150/100/100/50/50,0.9,30.0,3.0,0.05,1,,0.2,12.0,steady,jsq+lc,6,24384,41.4918224533508,24.07796582530164,244.46416166033566,388.91101926734177,3.280511811023622,10.0,0.7434517103242295,main,
200/200/150/150/100/100/50/50,0.9,30.0,3.0,0.05,1,,0.2,12.0,steady,jsq+lc,7,24123,38.762327107231144,21.48110371531331,248.00537265984747,365.29312932564113,2.956348712846661,10.0,0.7099062841054118,main,
200/200/150/150/100/100/50/50,0.9,30.0,3.0,0.05,1,,0.2,12.0,steady,jsq+lc,8,24435,40.30373329966708,23.105877459364876,261.9986650870694,357.36342653516886,3.1718845917740945,10.0,0.7111039854334777,main,
200/200/150/150/100/100/50/50,0.9,30.0,3.0,0.05,1,,0.2,12.0,steady,jsq+lc,9,24387,41.545881509928556,24.176051888917804,242.73329131523744,344.5947194578165,3.2865051051789886,10.0,0.7113950647495758,main,
200/200/150/150/100/100/50/50,0.9,30.0,3.0,0.05,1,,0.2,12.0,steady,p2c,0,24557,61.91630701274713,38.31591475747942,365.6182297044848,494.52300045051277,5.467687421101926,16.0,2.4789694198956878,main,
200/200/150/150/100/100/50/50,0.9,30.0,3.0,0.05,1,,0.2,12.0,steady,p2c,1,24312,53.75157661207877,32.67285932015085,297.8810506049139,429.9575993369324,4.6771553142481075,14.0,2.5269880732314176,main,
200/200/150/150/100/100/50/50,0.9,30.0,3.0,0.05,1,,0.2,12.0,steady,p2c,2,24431,54.27500663739063,32.644056867216165,297.6098048877858,405.54882230535964,4.794073103843478,15.0,2.497306835180742,main,
200/200/150/150/100/100/50/50,0.9,30.0,3.0,0.05,1,,0.2,12.0,steady,p2c,3,24221,53.24614864739542,32.454004259363955,307.92374293137976,442.66081152922044,4.581231163040337,13.0,2.52354490851579,main,
200/200/150/150/100/100/50/50,0.9,30.0,3.0,0.05,1,,0.2,12.0,steady,p2c,4,24358,59.319386481773634,35.22145283753409,334.59456872450176,432.43766399822835,5.193283520814517,16.0,2.40789261554374,main,
200/200/150/150/100/100/50/50,0.9,30.0,3.0,0.05,1,,0.2,12.0,steady,p2c,5,24518,56.51228118761555,35.348100297190044,308.3694040027453,414.4290219314375,5.006403458683416,14.0,2.56426174445737,main,
200/200/150/150/100/100/50/50,0.9,30.0,3.0,0.05,1,,0.2,12.0,steady,p2c,6,24384,58.501487438610525,34.70812427829628,336.3302127380265,447.8941244580362,5.025713582677166,15.0,2.4631089556080217,main,
200/200/150/150/100/100/50/50,0.9,30.0,3.0,0.05,1,,0.2,12.0,steady,p2c,7,24123,52.46757499638321,32.14185199141539,300.99267638734926,405.1619160458279,4.527256145587199,14.0,2.4560856225988488,main,
200/200/150/150/100/100/50/50,0.9,30.0,3.0,0.05,1,,0.2,12.0,steady,p2c,8,24435,54.60449679182011,33.252161398344526,316.18225922042006,402.3139460688744,4.766646204215265,14.0,2.4485255081614112,main,
200/200/150/150/100/100/50/50,0.9,30.0,3.0,0.05,1,,0.2,12.0,steady,p2c,9,24387,56.180875032133834,34.12538964453127,320.9721464816958,456.44583019637537,4.888916225858039,14.0,2.487597757648052,main,
200/200/150/150/100/100/50/50,0.9,30.0,3.0,0.05,1,,0.2,12.0,steady,p2c_learned,0,24557,43.96070860618695,34.59286891058255,171.67455947377658,254.08013529781996,5.0079814309565505,17.0,2.2846855750366446,main,
200/200/150/150/100/100/50/50,0.9,30.0,3.0,0.05,1,,0.2,12.0,steady,p2c_learned,1,24312,39.67530509313634,31.557922331954202,151.67341710163308,240.24341530603172,4.511763738071734,14.0,2.1296822240691995,main,
200/200/150/150/100/100/50/50,0.9,30.0,3.0,0.05,1,,0.2,12.0,steady,p2c_learned,2,24431,41.397175680806775,33.0685621287472,174.31523015778708,301.4027016509727,4.727559248495764,16.0,2.209478307099447,main,
200/200/150/150/100/100/50/50,0.9,30.0,3.0,0.05,1,,0.2,12.0,steady,p2c_learned,3,24221,38.487541725574886,31.150697569884755,151.9274325496691,237.97863808628819,4.321952025102184,14.0,2.194476376547623,main,
200/200/150/150/100/100/50/50,0.9,30.0,3.0,0.05,1,,0.2,12.0,steady,p2c_learned,4,24358,42.941486074913925,35.56366754109597,162.33963290947614,233.710446250182,4.888866080959028,15.0,2.223251278472853,main,
200/200/150/150/100/100/50/50,0.9,30.0,3.0,0.05,1,,0.2,12.0,steady,p2c_learned,5,24518,41.35218078637091,33.15149060241352,162.1352895921298,255.84792276519173,4.750999265845501,15.0,2.218819408955898,main,
200/200/150/150/100/100/50/50,0.9,30.0,3.0,0.05,1,,0.2,12.0,steady,p2c_learned,6,24384,41.29285610803666,33.93803193255085,160.29274221403801,227.9969075740555,4.667035761154856,14.0,2.1246986184985897,main,
200/200/150/150/100/100/50/50,0.9,30.0,3.0,0.05,1,,0.2,12.0,steady,p2c_learned,7,24123,39.11698009971624,30.890410208367136,161.538118107819,283.338098319883,4.341665630311321,14.0,2.120773285432363,main,
200/200/150/150/100/100/50/50,0.9,30.0,3.0,0.05,1,,0.2,12.0,steady,p2c_learned,8,24435,39.382743046934,31.664087113517425,149.59186289407717,270.3275233362197,4.497728667894414,14.0,2.135395191885619,main,
200/200/150/150/100/100/50/50,0.9,30.0,3.0,0.05,1,,0.2,12.0,steady,p2c_learned,9,24387,40.45191191857707,33.72481245415049,151.1290586703295,232.01519011635574,4.601632017058269,14.0,2.2462475506042052,main,
200/200/150/150/100/100/50/50,0.9,30.0,3.0,0.05,1,,0.2,12.0,steady,sed,0,24557,166.99536844625408,125.73074655529481,848.823265311631,1108.295378640984,19.784257034654072,51.0,37.435690409518216,main,
200/200/150/150/100/100/50/50,0.9,30.0,3.0,0.05,1,,0.2,12.0,steady,sed,1,24312,158.73448772439485,122.34440311094907,782.5013958080235,1032.4071610888839,19.075888450148074,49.0,36.850461521571226,main,
200/200/150/150/100/100/50/50,0.9,30.0,3.0,0.05,1,,0.2,12.0,steady,sed,2,24431,155.25954244722263,121.41470868666637,746.1470868548414,993.0521647632215,18.847161393311776,49.0,36.93422523236123,main,
200/200/150/150/100/100/50/50,0.9,30.0,3.0,0.05,1,,0.2,12.0,steady,sed,3,24221,152.2915027428292,117.6309094449266,701.1418173793493,966.9566453667327,18.400685355683084,47.0,36.02470388673787,main,
200/200/150/150/100/100/50/50,0.9,30.0,3.0,0.05,1,,0.2,12.0,steady,sed,4,24358,163.7657169172863,124.58826477973517,838.8664265070593,1112.523237830482,19.111092864767222,49.0,37.089108457247676,main,
200/200/150/150/100/100/50/50,0.9,30.0,3.0,0.05,1,,0.2,12.0,steady,sed,5,24518,160.85158840437495,121.99328493420758,823.2381636256216,1083.5087240874193,19.204135737009544,49.0,37.168339798604634,main,
200/200/150/150/100/100/50/50,0.9,30.0,3.0,0.05,1,,0.2,12.0,steady,sed,6,24384,160.20949301837018,123.13121539287496,790.4345628898272,1096.6986958613238,19.0940780839895,48.0,37.12177832123028,main,
200/200/150/150/100/100/50/50,0.9,30.0,3.0,0.05,1,,0.2,12.0,steady,sed,7,24123,155.1081782961378,115.78167857789978,805.816375675095,1120.0817896120127,18.457737429009658,47.0,36.621847396654495,main,
200/200/150/150/100/100/50/50,0.9,30.0,3.0,0.05,1,,0.2,12.0,steady,sed,8,24435,163.17387970585506,123.90783269308159,815.2724939027356,1129.0809158936559,19.10804174340086,48.0,37.171546704955205,main,
200/200/150/150/100/100/50/50,0.9,30.0,3.0,0.05,1,,0.2,12.0,steady,sed,9,24387,160.28644905377845,124.12014221181167,777.6382286618383,1029.7204140938225,19.171853856562922,48.0,37.68386548013642,main,
200/200/150/150/100/100/50/50,0.9,30.0,3.0,0.05,1,,0.2,12.0,steady,ts,0,24557,335.44688301794315,325.1843634413625,675.9692713010527,925.276649383113,51.72166795618357,101.0,36.04968173757785,main,
200/200/150/150/100/100/50/50,0.9,30.0,3.0,0.05,1,,0.2,12.0,steady,ts,1,24312,280.8853242297932,269.4536003118433,698.7212576673745,1093.010829089014,43.821898650872,90.0,37.84843394948418,main,
200/200/150/150/100/100/50/50,0.9,30.0,3.0,0.05,1,,0.2,12.0,steady,ts,2,24431,314.0678914096448,295.24271694426574,652.0437754636663,5399.303531846409,47.70324587614097,99.0,37.61612358585346,main,
200/200/150/150/100/100/50/50,0.9,30.0,3.0,0.05,1,,0.2,12.0,steady,ts,3,24221,276.10327911681384,254.81371748346504,904.8192891853158,2479.96390736399,41.82923909004583,98.0,35.75103504229344,main,
200/200/150/150/100/100/50/50,0.9,30.0,3.0,0.05,1,,0.2,12.0,steady,ts,4,24358,364.51929872810956,302.65020524083354,2957.4265642780642,4404.662341329776,51.504721241481235,219.0,37.93564593535825,main,
200/200/150/150/100/100/50/50,0.9,30.0,3.0,0.05,1,,0.2,12.0,steady,ts,5,24518,331.38281779064187,324.01532205662954,691.6207866051299,929.6014025730875,51.74182233461131,106.0,38.026842725646276,main,
200/200/150/150/100/100/50/50,0.9,30.0,3.0,0.05,1,,0.2,12.0,steady,ts,6,24384,304.97992431855164,280.5705764713622,1266.3497711930263,2006.26242597635,45.99577591863517,153.0,38.07980195998874,main,
200/200/150/150/100/100/50/50,0.9,30.0,3.0,0.05,1,,0.2,12.0,steady,ts,7,24123,310.32943863130356,260.15625368259344,1696.788504155454,3607.4490184468245,46.60419516643867,168.77999999999884,37.370733185022985,main,
200/200/150/150/100/100/50/50,0.9,30.0,3.0,0.05,1,,0.2,12.0,steady,ts,8,24435,343.4694908331793,339.34108387597917,679.7543343004252,883.7738177316663,53.893840802128096,101.0,38.007564275807134,main,
200/200/150/150/100/100/50/50,0.9,30.0,3.0,0.05,1,,0.2,12.0,steady,ts,9,24387,542.8657188419326,300.1112555849694,10881.12719475154,15148.046775225577,58.41247385902325,532.1399999999994,37.98090959228073,main,
200/200/150/150/100/100/50/50,0.9,30.0,3.0,0.05,1,,0.2,12.0,steady,ts+lc,0,24557,33.60459675362866,27.962105407100424,120.96956760584072,190.45895068087836,4.1332817526570835,15.0,0.93004610771227,main,
200/200/150/150/100/100/50/50,0.9,30.0,3.0,0.05,1,,0.2,12.0,steady,ts+lc,1,24312,28.93219020119585,23.716985176183147,104.36304386595853,156.6647400147319,3.4136640342217834,13.0,0.927968270745902,main,
200/200/150/150/100/100/50/50,0.9,30.0,3.0,0.05,1,,0.2,12.0,steady,ts+lc,2,24431,29.728139072988395,25.14424016487027,99.85940744617565,139.52926957257336,3.641029839138799,14.0,0.8458402374973313,main,
200/200/150/150/100/100/50/50,0.9,30.0,3.0,0.05,1,,0.2,12.0,steady,ts+lc,3,24221,27.90897689530506,23.290960620308,95.1709115035697,134.9648453764084,3.2485859378225506,12.0,0.9086485660768577,main,
200/200/150/150/100/100/50/50,0.9,30.0,3.0,0.05,1,,0.2,12.0,steady,ts+lc,4,24358,31.049198583190208,26.232493400482724,105.66629700754396,156.41341289169515,3.7497742014943753,14.0,0.9003316453980172,main,
200/200/150/150/100/100/50/50,0.9,30.0,3.0,0.05,1,,0.2,12.0,steady,ts+lc,5,24518,30.503978420069615,26.110313424440477,98.02103090864352,136.32241268218104,3.7172689452647036,12.0,0.9451107127607203,main,
200/200/150/150/100/100/50/50,0.9,30.0,3.0,0.05,1,,0.2,12.0,steady,ts+lc,6,24384,39.92393467158086,35.380744887094195,121.61368841262232,172.60035542870602,5.177083333333333,16.0,1.0047495786533052,main,
200/200/150/150/100/100/50/50,0.9,30.0,3.0,0.05,1,,0.2,12.0,steady,ts+lc,7,24123,29.398274581301635,24.422214178056123,97.61012833569168,130.68220500121083,3.6226008373751193,13.0,0.8812729261217587,main,
200/200/150/150/100/100/50/50,0.9,30.0,3.0,0.05,1,,0.2,12.0,steady,ts+lc,8,24435,29.130469872271632,24.109858455908295,104.14153888757076,146.89919800227568,3.4514835277266216,13.0,0.9066312522114115,main,
200/200/150/150/100/100/50/50,0.9,30.0,3.0,0.05,1,,0.2,12.0,steady,ts+lc,9,24387,29.74048829528517,25.02815917705714,99.74665899718548,154.53346246307606,3.5806782302046174,13.0,0.912095627185876,main,
200/200/150/150/100/100/50/50,0.9,30.0,3.0,0.05,1,,0.2,12.0,steady,ts_epoch,0,24557,130.09229030147526,87.12565464844602,651.5089252416276,1062.680297113172,16.44085189558985,76.43999999999869,8.55297008838034,main,
200/200/150/150/100/100/50/50,0.9,30.0,3.0,0.05,1,,0.2,12.0,steady,ts_epoch,1,24312,103.61235231950378,71.79785540239037,538.0811462684258,943.248085654753,12.675510036196117,54.0,6.43969837759972,main,
200/200/150/150/100/100/50/50,0.9,30.0,3.0,0.05,1,,0.2,12.0,steady,ts_epoch,2,24431,102.5921088095513,69.12195818718558,483.13943139114053,973.4837954613373,12.859850190331954,61.0,6.628902351201167,main,
200/200/150/150/100/100/50/50,0.9,30.0,3.0,0.05,1,,0.2,12.0,steady,ts_epoch,3,24221,104.26712687230514,71.39218567442107,588.2851174381043,1038.6189219321761,12.702572148135916,56.0,6.483097833997527,main,
200/200/150/150/100/100/50/50,0.9,30.0,3.0,0.05,1,,0.2,12.0,steady,ts_epoch,4,24358,125.7336620692549,86.77833423322667,664.9070015849717,1367.510008939264,15.625831349043436,67.0,8.063016686838457,main,
200/200/150/150/100/100/50/50,0.9,30.0,3.0,0.05,1,,0.2,12.0,steady,ts_epoch,5,24518,113.06424654566119,75.15705432561415,583.8306170539965,1129.065967885205,14.025573048372625,60.0,7.2849797603657835,main,
200/200/150/150/100/100/50/50,0.9,30.0,3.0,0.05,1,,0.2,12.0,steady,ts_epoch,6,24384,108.01246446738831,77.69732702510446,513.4523738798738,831.2110968193708,13.420767716535433,54.0,6.895745353036913,main,
200/200/150/150/100/100/50/50,0.9,30.0,3.0,0.05,1,,0.2,12.0,steady,ts_epoch,7,24123,86.18256035973857,56.83815415465432,487.9522417698517,791.1862451321709,10.19019193300999,44.0,5.199259000880937,main,
200/200/150/150/100/100/50/50,0.9,30.0,3.0,0.05,1,,0.2,12.0,steady,ts_epoch,8,24435,120.17930492939992,77.77259151024118,629.7326746593283,1750.8417159942962,14.87693881727031,66.0,7.814081906738291,main,
200/200/150/150/100/100/50/50,0.9,30.0,3.0,0.05,1,,0.2,12.0,steady,ts_epoch,9,24387,126.90551498901974,86.66622474656992,609.1989911292223,1084.6108186192064,15.894739000287037,68.0,8.248129907810313,main,
200/200/150/150/100/100/50/50,0.9,30.0,3.0,0.05,1,,0.2,12.0,steady,wrandom,0,24557,88.19104014866774,55.360753071131086,419.4601577293773,528.4747661891201,10.444516838376023,48.0,0.9988200395791524,main,
200/200/150/150/100/100/50/50,0.9,30.0,3.0,0.05,1,,0.2,12.0,steady,wrandom,1,24312,80.44470616597994,48.575266714948384,581.1554627146406,966.9234983501742,9.18381869035867,41.0,1.0113217213585342,main,
200/200/150/150/100/100/50/50,0.9,30.0,3.0,0.05,1,,0.2,12.0,steady,wrandom,2,24431,83.7437926420025,50.7308558951971,555.034064189779,793.7082593319213,9.465883508657035,39.0,1.026224524790417,main,
200/200/150/150/100/100/50/50,0.9,30.0,3.0,0.05,1,,0.2,12.0,steady,wrandom,3,24221,82.75217655396737,50.81063646641937,598.0661581404704,753.8971348671228,9.300152760001652,45.0,0.9863427159317741,main,
200/200/150/150/100/100/50/50,0.9,30.0,3.0,0.05,1,,0.2,12.0,steady,wrandom,4,24358,87.69889189758634,57.26840873498773,447.0838066985361,655.7791297292584,9.957016175383858,39.0,1.024362041077479,main,
200/200/150/150/100/100/50/50,0.9,30.0,3.0,0.05,1,,0.2,12.0,steady,wrandom,5,24518,71.44903341182558,48.59412279379471,312.15818250564894,370.60771216865254,8.496410800228404,35.0,1.0012184399899615,main,
200/200/150/150/100/100/50/50,0.9,30.0,3.0,0.05,1,,0.2,12.0,steady,wrandom,6,24384,76.53796967580347,53.45429268693502,334.12652439893867,474.97039799760375,9.367372047244094,47.0,0.98605894161754,main,
200/200/150/150/100/100/50/50,0.9,30.0,3.0,0.05,1,,0.2,12.0,steady,wrandom,7,24123,69.56762557448342,43.01276341491089,420.15299172760047,575.2309509385501,7.812046594536334,37.0,0.9788886728669229,main,
200/200/150/150/100/100/50/50,0.9,30.0,3.0,0.05,1,,0.2,12.0,steady,wrandom,8,24435,77.15042182748694,51.53266225221387,400.6113978917829,769.2903510228518,8.846777163904235,36.0,1.011836190368685,main,
200/200/150/150/100/100/50/50,0.9,30.0,3.0,0.05,1,,0.2,12.0,steady,wrandom,9,24387,84.75837292705707,51.021648299201416,433.1366779249966,612.031235661495,10.05531635707549,53.0,0.9990744673209933,main,
200/200/150/150/100/100/50/50,0.9,30.0,3.0,0.05,4,,0.2,12.0,steady,greedy,0,24557,129.75871282469285,100.63185703998911,432.7090724674063,3173.3136713378976,17.867817730178768,62.0,16.89802623799374,main,
200/200/150/150/100/100/50/50,0.9,30.0,3.0,0.05,4,,0.2,12.0,steady,greedy,1,24312,149.5431793807719,78.66911432167534,416.5975292722584,12426.003720605553,15.756622244159264,45.0,14.753587079532329,main,
200/200/150/150/100/100/50/50,0.9,30.0,3.0,0.05,4,,0.2,12.0,steady,greedy,2,24431,85.05356910708953,76.70803851466523,262.81229081946367,396.36147691980915,12.375015349351234,36.0,11.592080716461181,main,
200/200/150/150/100/100/50/50,0.9,30.0,3.0,0.05,4,,0.2,12.0,steady,greedy,3,24221,96.49684760720302,79.13077889427278,301.57463925512366,2202.0996935623516,13.33503984145989,40.0,13.940484597139587,main,
200/200/150/150/100/100/50/50,0.9,30.0,3.0,0.05,4,,0.2,12.0,steady,greedy,4,24358,105.17693848155973,94.84540563771392,335.25694058262985,500.07350828507634,15.31985384678545,45.0,14.863885458034805,main,
200/200/150/150/100/100/50/50,0.9,30.0,3.0,0.05,4,,0.2,12.0,steady,greedy,5,24518,111.34069485536854,90.6950442082981,394.7452216954274,588.5444940732534,16.451056366750958,65.0,15.521358281611375,main,
200/200/150/150/100/100/50/50,0.9,30.0,3.0,0.05,4,,0.2,12.0,steady,greedy,6,24384,409.67006152211144,133.60358474524858,9748.70543330796,11201.125368664123,35.283792650918635,482.16999999999825,16.027103637632376,main,
200/200/150/150/100/100/50/50,0.9,30.0,3.0,0.05,4,,0.2,12.0,steady,greedy,7,24123,244.73139992422426,78.33755354000616,8428.208397562466,11222.842743363295,20.561746051486132,406.77999999999884,14.709450343417041,main,
200/200/150/150/100/100/50/50,0.9,30.0,3.0,0.05,4,,0.2,12.0,steady,greedy,8,24435,98.18157360619279,87.36833848820247,305.9282984913266,963.1152390506268,14.235072641702477,40.0,15.125543496898889,main,
200/200/150/150/100/100/50/50,0.9,30.0,3.0,0.05,4,,0.2,12.0,steady,greedy,9,24387,106.42027346914271,95.42923047047402,328.8921979760988,797.1251826957468,15.649075327018494,44.0,15.206388146906875,main,
200/200/150/150/100/100/50/50,0.9,30.0,3.0,0.05,4,,0.2,12.0,steady,greedy+lc,0,24557,44.2760497138272,37.7843366406303,147.00133186867387,209.01214224375303,5.829498717270025,20.0,4.764660877020488,main,
200/200/150/150/100/100/50/50,0.9,30.0,3.0,0.05,4,,0.2,12.0,steady,greedy+lc,1,24312,39.99851330230107,33.04088184934528,142.08144496222224,223.05181444809315,5.126233958538993,19.0,5.023877164625224,main,
200/200/150/150/100/100/50/50,0.9,30.0,3.0,0.05,4,,0.2,12.0,steady,greedy+lc,2,24431,40.253137237856066,33.96060754997876,133.01532865076632,170.12871488980585,5.2777618599320535,19.0,5.276526115433743,main,
200/200/150/150/100/100/50/50,0.9,30.0,3.0,0.05,4,,0.2,12.0,steady,greedy+lc,3,24221,36.91590059022189,31.045082468057927,127.88185366630096,296.83353331311787,4.637958796086041,17.0,4.17576881371196,main,
200/200/150/150/100/100/50/50,0.9,30.0,3.0,0.05,4,,0.2,12.0,steady,greedy+lc,4,24358,41.900163190355215,35.606567714166815,135.89610739016695,189.67460774960236,5.470933574185072,19.0,5.021344876426233,main,
200/200/150/150/100/100/50/50,0.9,30.0,3.0,0.05,4,,0.2,12.0,steady,greedy+lc,5,24518,44.51212191328124,38.11455804824071,143.1327513021092,197.54593819294655,5.968268211110205,22.0,5.2254211547077345,main,
200/200/150/150/100/100/50/50,0.9,30.0,3.0,0.05,4,,0.2,12.0,steady,greedy+lc,6,24384,37.3392835049943,32.34283087626366,121.30439230968123,174.61439422583382,4.728879593175853,17.0,3.7237879551853115,main,
200/200/150/150/100/100/50/50,0.9,30.0,3.0,0.05,4,,0.2,12.0,steady,greedy+lc,7,24123,37.13582187884791,31.155461004519935,123.13307972479049,190.9273520309416,4.842929983832857,17.0,4.445079950486953,main,
200/200/150/150/100/100/50/50,0.9,30.0,3.0,0.05,4,,0.2,12.0,steady,greedy+lc,8,24435,38.56653703116611,32.62556774757641,131.95852749086797,178.0108493753018,5.036873337425823,18.0,4.727254119838518,main,
200/200/150/150/100/100/50/50,0.9,30.0,3.0,0.05,4,,0.2,12.0,steady,greedy+lc,9,24387,40.6523928778832,34.28540922175216,135.05364289719853,181.7417125936536,5.224422848238816,19.0,5.031525393619448,main,
200/200/150/150/100/100/50/50,0.9,30.0,3.0,0.05,4,,0.2,12.0,steady,jsq,0,24557,155.18874920991365,104.67125100840846,906.349772259209,1261.9934067510699,16.90410066376186,48.43999999999869,31.898428841358044,main,
200/200/150/150/100/100/50/50,0.9,30.0,3.0,0.05,4,,0.2,12.0,steady,jsq,1,24312,141.17583544013894,93.90701833535343,783.9338149789935,1080.2445178380356,15.363153998025666,47.0,29.846036186622378,main,
200/200/150/150/100/100/50/50,0.9,30.0,3.0,0.05,4,,0.2,12.0,steady,jsq,2,24431,138.85851484867408,92.98696751031343,810.6811619732788,1139.9870694653068,15.365068969751546,46.0,30.133160789650574,main,
200/200/150/150/100/100/50/50,0.9,30.0,3.0,0.05,4,,0.2,12.0,steady,jsq,3,24221,140.44807181448823,90.740692410467,823.2587984148136,1104.307458368889,15.105569547087239,46.0,29.847616939192072,main,
200/200/150/150/100/100/50/50,0.9,30.0,3.0,0.05,4,,0.2,12.0,steady,jsq,4,24358,149.30637109478937,100.16064357789567,869.5836997997799,1180.3899772416523,16.230150258641924,47.0,31.247560835907258,main,
200/200/150/150/100/100/50/50,0.9,30.0,3.0,0.05,4,,0.2,12.0,steady,jsq,5,24518,147.28036885608458,100.86275645528175,843.1758463846122,1149.4885350382106,16.20805122766947,48.0,31.501862023781488,main,
200/200/150/150/100/100/50/50,0.9,30.0,3.0,0.05,4,,0.2,12.0,steady,jsq,6,24384,144.45265613503804,96.47452960517344,804.3841536465978,1109.7670189227285,15.807947834645669,47.0,31.080028824680163,main,
200/200/150/150/100/100/50/50,0.9,30.0,3.0,0.05,4,,0.2,12.0,steady,jsq,7,24123,129.73531682788072,83.0409608967102,782.0515850234915,1140.742266910528,14.271898188450857,45.0,28.45140148440654,main,
200/200/150/150/100/100/50/50,0.9,30.0,3.0,0.05,4,,0.2,12.0,steady,jsq,8,24435,145.10330801149766,98.04309531724975,836.4091995766346,1159.7347452790166,16.113607530182115,48.0,30.856729320495948,main,
200/200/150/150/100/100/50/50,0.9,30.0,3.0,0.05,4,,0.2,12.0,steady,jsq,9,24387,149.1221022695363,101.64691893294008,862.5454804441564,1128.239660997877,16.503505966293517,48.0,31.93396981886746,main,
200/200/150/150/100/100/50/50,0.9,30.0,3.0,0.05,4,,0.2,12.0,steady,jsq+lc,0,24557,61.999602811502186,44.12987440657545,318.9762576501089,484.46225741696475,6.301746956061408,22.0,9.213393216011191,main,
200/200/150/150/100/100/50/50,0.9,30.0,3.0,0.05,4,,0.2,12.0,steady,jsq+lc,1,24312,55.43473377563301,37.85328381006403,282.7818138187282,464.33897743268943,5.526612372490951,20.0,8.514447898446281,main,
200/200/150/150/100/100/50/50,0.9,30.0,3.0,0.05,4,,0.2,12.0,steady,jsq+lc,2,24431,56.15740249237913,38.4487183364266,296.5665411825102,442.7319150000827,5.6740207113912655,20.0,8.63517294958567,main,
200/200/150/150/100/100/50/50,0.9,30.0,3.0,0.05,4,,0.2,12.0,steady,jsq+lc,3,24221,54.02597045216551,37.880483770313056,275.32579652399147,402.96572388858146,5.411667561207217,18.0,8.381399592206442,main,
200/200/150/150/100/100/50/50,0.9,30.0,3.0,0.05,4,,0.2,12.0,steady,jsq+lc,4,24358,58.35497308316025,40.83061848419689,282.64209484663513,441.93760623393996,5.8506856063716235,20.0,8.656349878576833,main,
200/200/150/150/100/100/50/50,0.9,30.0,3.0,0.05,4,,0.2,12.0,steady,jsq+lc,5,24518,57.452591281806185,40.848580216440666,287.77416622374943,424.61772087938533,5.879394730402153,19.0,9.023415700096018,main,
200/200/150/150/100/100/50/50,0.9,30.0,3.0,0.05,4,,0.2,12.0,steady,jsq+lc,6,24384,56.47078303406623,39.46067067756864,279.31981413116034,440.80194847467874,5.677329396325459,18.0,8.76809229586099,main,
200/200/150/150/100/100/50/50,0.9,30.0,3.0,0.05,4,,0.2,12.0,steady,jsq+lc,7,24123,51.24226711040724,36.20870829310263,253.0222538444123,382.5351883018886,5.119346681590184,18.0,7.911257939720783,main,
200/200/150/150/100/100/50/50,0.9,30.0,3.0,0.05,4,,0.2,12.0,steady,jsq+lc,8,24435,55.87588257098062,39.11819833608732,283.07091252743504,452.58351699008017,5.59864947820749,19.0,8.54978801036322,main,
200/200/150/150/100/100/50/50,0.9,30.0,3.0,0.05,4,,0.2,12.0,steady,jsq+lc,9,24387,56.81236110853972,40.85816583046764,277.60595029910223,436.96887900346076,5.735391807110346,19.0,8.880074597454701,main,
200/200/150/150/100/100/50/50,0.9,30.0,3.0,0.05,4,,0.2,12.0,steady,p2c,0,24557,61.259339014669784,37.283447996074415,340.5062114543452,502.86940252168574,5.412998330414953,17.0,2.451059178984132,main,
200/200/150/150/100/100/50/50,0.9,30.0,3.0,0.05,4,,0.2,12.0,steady,p2c,1,24312,54.83065098173595,32.464164552576946,321.52690026028444,480.14568042312516,4.699531095755183,14.0,2.409236728551572,main,
200/200/150/150/100/100/50/50,0.9,30.0,3.0,0.05,4,,0.2,12.0,steady,p2c,2,24431,55.21810806102941,33.648192887845596,311.2495404222894,465.02464554848433,4.83553681797716,15.0,2.4945637557110545,main,
200/200/150/150/100/100/50/50,0.9,30.0,3.0,0.05,4,,0.2,12.0,steady,p2c,3,24221,52.30975722194499,31.87633782932231,299.2613599620382,428.84888317449605,4.519218859667231,13.0,2.4554542007102804,main,
200/200/150/150/100/100/50/50,0.9,30.0,3.0,0.05,4,,0.2,12.0,steady,p2c,4,24358,56.11745991025678,36.14499514000747,312.34657343548764,393.6133186097753,4.961080548485097,14.0,2.522485807884578,main,
200/200/150/150/100/100/50/50,0.9,30.0,3.0,0.05,4,,0.2,12.0,steady,p2c,5,24518,58.77482552358225,34.999454704157884,327.4473459277974,458.7985403871691,5.123337955787584,15.0,2.5033929871067757,main,
200/200/150/150/100/100/50/50,0.9,30.0,3.0,0.05,4,,0.2,12.0,steady,p2c,6,24384,54.92728657183597,33.84903306558584,316.54833048851134,448.3752500717461,4.773663057742782,13.0,2.416226427517281,main,
200/200/150/150/100/100/50/50,0.9,30.0,3.0,0.05,4,,0.2,12.0,steady,p2c,7,24123,52.60756878326092,31.322731148126337,307.6214766833273,416.51951416951425,4.501057082452431,14.0,2.414518690673528,main,
200/200/150/150/100/100/50/50,0.9,30.0,3.0,0.05,4,,0.2,12.0,steady,p2c,8,24435,57.31439306934595,33.87420395505103,327.776670677743,484.03173481196507,4.9606302435031715,15.0,2.3884877604222545,main,
200/200/150/150/100/100/50/50,0.9,30.0,3.0,0.05,4,,0.2,12.0,steady,p2c,9,24387,56.71010434723609,35.16632429001376,328.80391678814357,455.0585595156708,4.970722106040103,14.139999999999418,2.4916535550731815,main,
200/200/150/150/100/100/50/50,0.9,30.0,3.0,0.05,4,,0.2,12.0,steady,p2c_learned,0,24557,43.814504956624845,35.811818886720914,160.99405797322558,254.9525923285911,5.021867491957487,17.0,2.152880666509716,main,
200/200/150/150/100/100/50/50,0.9,30.0,3.0,0.05,4,,0.2,12.0,steady,p2c_learned,1,24312,38.75033116105435,30.794059899235116,147.92718701186124,229.9832414715335,4.38042941757157,14.0,2.0600156282135624,main,
200/200/150/150/100/100/50/50,0.9,30.0,3.0,0.05,4,,0.2,12.0,steady,p2c_learned,2,24431,39.146162076994585,32.13386464432055,149.95591436053354,224.06856642430748,4.492284392779665,15.0,1.9601389005535637,main,
200/200/150/150/100/100/50/50,0.9,30.0,3.0,0.05,4,,0.2,12.0,steady,p2c_learned,3,24221,37.45058905754604,30.19285882663425,144.89310840453217,221.79902331788148,4.2229470294372655,14.0,2.0284691414121006,main,
200/200/150/150/100/100/50/50,0.9,30.0,3.0,0.05,4,,0.2,12.0,steady,p2c_learned,4,24358,40.294930012711255,32.8535650224091,150.70596634455828,240.11429480454404,4.561211922161097,14.0,2.0840225944671307,main,
200/200/150/150/100/100/50/50,0.9,30.0,3.0,0.05,4,,0.2,12.0,steady,p2c_learned,5,24518,40.93332544013127,33.30736056204664,148.92888767483845,247.8371338244287,4.636063300432335,14.0,2.0976534644315272,main,
200/200/150/150/100/100/50/50,0.9,30.0,3.0,0.05,4,,0.2,12.0,steady,p2c_learned,6,24384,40.61267480957838,32.91123577506294,150.47508415970003,231.30426888338124,4.612409776902887,15.0,2.094623408952916,main,
200/200/150/150/100/100/50/50,0.9,30.0,3.0,0.05,4,,0.2,12.0,steady,p2c_learned,7,24123,35.9959849153723,29.152905963254483,141.6957333347551,199.90765727848213,4.065000207271069,14.0,1.9473317054302308,main,
200/200/150/150/100/100/50/50,0.9,30.0,3.0,0.05,4,,0.2,12.0,steady,p2c_learned,8,24435,39.67227828177834,32.77267941797213,147.8828423889274,230.0291940874737,4.51573562512789,14.0,2.0663326413426373,main,
200/200/150/150/100/100/50/50,0.9,30.0,3.0,0.05,4,,0.2,12.0,steady,p2c_learned,9,24387,39.49632382456476,32.19514513339572,148.37630599125438,236.60480845795283,4.472710870545782,14.0,2.1528009918460596,main,
200/200/150/150/100/100/50/50,0.9,30.0,3.0,0.05,4,,0.2,12.0,steady,sed,0,24557,170.41729468040145,130.7306771254204,833.7244127783515,1075.6494403863087,20.01694017998941,49.0,37.92360274853849,main,
200/200/150/150/100/100/50/50,0.9,30.0,3.0,0.05,4,,0.2,12.0,steady,sed,1,24312,158.46999013050706,120.38452287229529,808.9411848500245,1141.6147941757854,18.934559065482066,49.0,36.819296791032976,main,
200/200/150/150/100/100/50/50,0.9,30.0,3.0,0.05,4,,0.2,12.0,steady,sed,2,24431,153.85058059212338,118.42949988878092,756.6380906397624,973.015294966624,18.59428594818059,48.0,36.675096711126926,main,
200/200/150/150/100/100/50/50,0.9,30.0,3.0,0.05,4,,0.2,12.0,steady,sed,3,24221,155.3933193414396,119.16995633342697,811.0482711541047,1088.0700920935385,18.642128731266258,49.0,36.422963698113776,main,
200/200/150/150/100/100/50/50,0.9,30.0,3.0,0.05,4,,0.2,12.0,steady,sed,4,24358,160.53889377061853,127.23152316025832,746.9217446281847,1058.312561920353,19.392807291239016,50.0,36.81719557905931,main,
200/200/150/150/100/100/50/50,0.9,30.0,3.0,0.05,4,,0.2,12.0,steady,sed,5,24518,163.97159951250563,124.1142130041064,842.0473410120422,1147.1437936296445,19.4164695325883,48.0,37.71065496253698,main,
200/200/150/150/100/100/50/50,0.9,30.0,3.0,0.05,4,,0.2,12.0,steady,sed,6,24384,158.65272992261927,120.62557785581961,793.0015000551737,1096.4017017985502,18.929749015748033,48.0,36.5579644526984,main,
200/200/150/150/100/100/50/50,0.9,30.0,3.0,0.05,4,,0.2,12.0,steady,sed,7,24123,151.0646600447762,116.30485366316456,762.1440532068827,1087.2333923604062,18.376611532562286,47.0,36.33324857800928,main,
200/200/150/150/100/100/50/50,0.9,30.0,3.0,0.05,4,,0.2,12.0,steady,sed,8,24435,158.069784393319,119.99589528708476,829.1347580454138,1187.9551305828516,18.82635563740536,49.0,36.42666724066842,main,
200/200/150/150/100/100/50/50,0.9,30.0,3.0,0.05,4,,0.2,12.0,steady,sed,9,24387,161.87494862192588,124.54971365006529,799.5894103931118,1020.0322911726421,19.20658547586829,49.0,37.180926577523095,main,
200/200/150/150/100/100/50/50,0.9,30.0,3.0,0.05,4,,0.2,12.0,steady,ts,0,24557,182.15035833141502,118.18499102722058,486.71420421897005,10781.966902588809,22.83621777904467,69.0,16.15617156122464,main,
200/200/150/150/100/100/50/50,0.9,30.0,3.0,0.05,4,,0.2,12.0,steady,ts,1,24312,96.49282849690137,88.08381922608821,275.4876143869615,437.279310674691,14.39803389272787,39.0,13.027449019500416,main,
200/200/150/150/100/100/50/50,0.9,30.0,3.0,0.05,4,,0.2,12.0,steady,ts,2,24431,93.77611626005057,85.20735809448965,271.99159477846604,419.8549944839844,13.962711309401989,41.0,13.226662611996106,main,
200/200/150/150/100/100/50/50,0.9,30.0,3.0,0.05,4,,0.2,12.0,steady,ts,3,24221,89.20883660027957,78.91304599872484,275.29088192082685,438.0144384054957,13.064943643945337,42.0,13.48929386849497,main,
200/200/150/150/100/100/50/50,0.9,30.0,3.0,0.05,4,,0.2,12.0,steady,ts,4,24358,97.2417375124073,89.73384395702766,271.71088731882173,429.1243794464618,14.19981115034075,38.0,12.801403975483119,main,
200/200/150/150/100/100/50/50,0.9,30.0,3.0,0.05,4,,0.2,12.0,steady,ts,5,24518,99.15634046492188,82.25575216877078,345.64047295617655,755.724627044476,14.391630638714414,54.0,13.858276906965449,main,
200/200/150/150/100/100/50/50,0.9,30.0,3.0,0.05,4,,0.2,12.0,steady,ts,6,24384,91.20827302348384,82.34295090876209,276.64265244354567,494.4067928490969,13.22313812335958,39.0,14.686531454593405,main,
200/200/150/150/100/100/50/50,0.9,30.0,3.0,0.05,4,,0.2,12.0,steady,ts,7,24123,95.65116699534357,86.88644089245301,284.46938574470533,442.3249571712663,14.361729469800606,41.0,13.182137829725214,main,
200/200/150/150/100/100/50/50,0.9,30.0,3.0,0.05,4,,0.2,12.0,steady,ts,8,24435,84.95680452998782,77.03110332875518,254.66765380824634,444.2811656171833,12.510456312666257,36.0,12.376290853259672,main,
200/200/150/150/100/100/50/50,0.9,30.0,3.0,0.05,4,,0.2,12.0,steady,ts,9,24387,95.11337213172169,87.28886032467287,275.76414020785137,409.45766264150024,14.07188256038053,42.0,15.030045749598226,main,
200/200/150/150/100/100/50/50,0.9,30.0,3.0,0.05,4,,0.2,12.0,steady,ts+lc,0,24557,42.76886776860925,36.089294552695605,144.7984205909324,193.8432959754307,5.43527303823757,19.0,5.1334112146765385,main,
200/200/150/150/100/100/50/50,0.9,30.0,3.0,0.05,4,,0.2,12.0,steady,ts+lc,1,24312,40.1366341226817,33.68717182497072,139.3466887590251,199.3496512897279,5.178677196446199,20.0,5.761139886092019,main,
200/200/150/150/100/100/50/50,0.9,30.0,3.0,0.05,4,,0.2,12.0,steady,ts+lc,2,24431,40.46793756363617,33.38282317909247,140.35653948983494,185.10387949666432,5.38434775490156,21.0,6.130964115916465,main,
200/200/150/150/100/100/50/50,0.9,30.0,3.0,0.05,4,,0.2,12.0,steady,ts+lc,3,24221,38.0885107222213,31.671820407469298,131.6008792678431,183.74267623264373,4.956318896825069,18.0,4.89345660632376,main,
200/200/150/150/100/100/50/50,0.9,30.0,3.0,0.05,4,,0.2,12.0,steady,ts+lc,4,24358,39.64248909857646,33.565962749436906,136.69251627930618,193.3744106392121,5.0685195828885785,18.0,4.957779301197437,main,
200/200/150/150/100/100/50/50,0.9,30.0,3.0,0.05,4,,0.2,12.0,steady,ts+lc,5,24518,40.67443345157057,35.51848182349637,130.33884558476592,175.83459648420714,5.294232808548821,19.0,4.910843300192682,main,
200/200/150/150/100/100/50/50,0.9,30.0,3.0,0.05,4,,0.2,12.0,steady,ts+lc,6,24384,39.99863746253429,33.959390930220266,136.12868041546312,185.17088990286956,5.216781496062992,19.0,5.1254410587572785,main,
200/200/150/150/100/100/50/50,0.9,30.0,3.0,0.05,4,,0.2,12.0,steady,ts+lc,7,24123,35.70578699042953,29.92247528118952,120.07873721059886,158.64696182895096,4.527173237159557,17.0,4.503084768139005,main,
200/200/150/150/100/100/50/50,0.9,30.0,3.0,0.05,4,,0.2,12.0,steady,ts+lc,8,24435,39.05753133427787,32.73096855677693,131.11596940883325,182.61018481643634,5.055739717618171,19.0,5.695279044661688,main,
200/200/150/150/100/100/50/50,0.9,30.0,3.0,0.05,4,,0.2,12.0,steady,ts+lc,9,24387,41.86665137299146,36.123276487812106,135.976343200338,184.87493508025162,5.565014146881535,20.0,5.59270206824846,main,
200/200/150/150/100/100/50/50,0.9,30.0,3.0,0.05,4,,0.2,12.0,steady,ts_epoch,0,24557,73.25965532120571,52.83619452172417,359.0574258792385,704.7607063046424,8.578409414830801,36.0,3.376376596907162,main,
200/200/150/150/100/100/50/50,0.9,30.0,3.0,0.05,4,,0.2,12.0,steady,ts_epoch,1,24312,64.58858122438363,46.6289172390546,298.5633726442621,561.8948729866075,7.810587364264561,36.0,3.2374320014134605,main,
200/200/150/150/100/100/50/50,0.9,30.0,3.0,0.05,4,,0.2,12.0,steady,ts_epoch,2,24431,74.63008564323901,52.62870725983859,326.4602632998776,608.8486937921747,9.070115836437314,41.0,4.146189982495871,main,
200/200/150/150/100/100/50/50,0.9,30.0,3.0,0.05,4,,0.2,12.0,steady,ts_epoch,3,24221,66.18280577204173,46.20172538548317,317.63440944814516,480.0212458788189,7.780975186821354,35.0,3.3564718697976406,main,
200/200/150/150/100/100/50/50,0.9,30.0,3.0,0.05,4,,0.2,12.0,steady,ts_epoch,4,24358,70.31824203898077,51.11550555137456,341.4465277928644,526.7157683229128,8.3797109779128,42.0,3.3377638492536956,main,
200/200/150/150/100/100/50/50,0.9,30.0,3.0,0.05,4,,0.2,12.0,steady,ts_epoch,5,24518,62.4599169711596,47.33038009551205,272.4244150994981,452.70281597707066,7.35055877314626,28.0,2.7402202429576823,main,
200/200/150/150/100/100/50/50,0.9,30.0,3.0,0.05,4,,0.2,12.0,steady,ts_epoch,6,24384,68.33432223107225,50.97292519023,302.30729930637494,456.20554208109263,7.979207677165355,31.0,3.233218457189678,main,
200/200/150/150/100/100/50/50,0.9,30.0,3.0,0.05,4,,0.2,12.0,steady,ts_epoch,7,24123,69.52140646021792,48.989747597506295,329.6101755721941,525.8198932294132,8.376114081996436,40.779999999998836,3.8486870369338426,main,
200/200/150/150/100/100/50/50,0.9,30.0,3.0,0.05,4,,0.2,12.0,steady,ts_epoch,8,24435,67.12516596278311,51.029765978665154,277.084615650704,401.04821461393004,8.045508491917332,33.0,3.3370208435131845,main,
200/200/150/150/100/100/50/50,0.9,30.0,3.0,0.05,4,,0.2,12.0,steady,ts_epoch,9,24387,70.38667101982226,52.61755932329848,315.18950442117074,479.23774013047864,8.669619059334892,39.0,3.507815564336014,main,
200/200/150/150/100/100/50/50,0.9,30.0,3.0,0.05,4,,0.2,12.0,steady,wrandom,0,24557,96.08561002412657,57.125473653055536,548.5735587916616,822.7490975869623,10.584232601702162,40.0,0.996354434670474,main,
200/200/150/150/100/100/50/50,0.9,30.0,3.0,0.05,4,,0.2,12.0,steady,wrandom,1,24312,96.98136969921488,47.97427095849649,535.4496006876492,634.9721707906652,10.655890095426127,50.0,1.009314492678114,main,
200/200/150/150/100/100/50/50,0.9,30.0,3.0,0.05,4,,0.2,12.0,steady,wrandom,2,24431,77.82056401518642,50.02797171330009,333.6896192212181,420.3898980932576,9.61835373091564,53.0,0.999473798746195,main,
200/200/150/150/100/100/50/50,0.9,30.0,3.0,0.05,4,,0.2,12.0,steady,wrandom,3,24221,75.39024315473056,48.340629655843514,373.0706748953156,553.3263827080739,8.55088559514471,40.0,0.9775078493897567,main,
200/200/150/150/100/100/50/50,0.9,30.0,3.0,0.05,4,,0.2,12.0,steady,wrandom,4,24358,71.02470852116231,48.6943256845036,387.3036107223844,717.4802627803006,8.017489120617457,30.0,0.9926556729842292,main,
200/200/150/150/100/100/50/50,0.9,30.0,3.0,0.05,4,,0.2,12.0,steady,wrandom,5,24518,98.13434798801542,55.19175759922312,483.3711367669507,620.5477709666109,12.023778448486826,57.0,1.0257018787728789,main,
200/200/150/150/100/100/50/50,0.9,30.0,3.0,0.05,4,,0.2,12.0,steady,wrandom,6,24384,80.91144556125677,54.46076892947893,483.6120685602756,731.227432816797,9.510047572178477,48.0,0.9891467127127483,main,
200/200/150/150/100/100/50/50,0.9,30.0,3.0,0.05,4,,0.2,12.0,steady,wrandom,7,24123,71.01651980734077,40.94941772171268,481.203059737481,626.3786936266533,7.404137130539319,30.0,0.9801515756653835,main,
200/200/150/150/100/100/50/50,0.9,30.0,3.0,0.05,4,,0.2,12.0,steady,wrandom,8,24435,84.249720236539,49.018713163935246,623.3381363828205,954.3725560368873,9.316267648864335,42.0,0.9853512642245852,main,
200/200/150/150/100/100/50/50,0.9,30.0,3.0,0.05,4,,0.2,12.0,steady,wrandom,9,24387,84.14862514911853,53.86447707190811,501.9927432529738,625.8105366572884,10.231680813548202,52.0,0.9722474783526036,main,
200/200/150/150/100/100/50/50,0.9,30.0,3.0,0.05,16,,0.2,12.0,steady,greedy,0,24557,129.32101436303623,70.55953168880613,1992.2546073286435,5119.4216703668235,13.767764792116301,108.0,12.835778082671473,main,
200/200/150/150/100/100/50/50,0.9,30.0,3.0,0.05,16,,0.2,12.0,steady,greedy,1,24312,183.62652849765084,44.64014489434387,7233.332078389267,9161.135290966933,13.835554458703522,385.8899999999994,8.176614359815275,main,
200/200/150/150/100/100/50/50,0.9,30.0,3.0,0.05,16,,0.2,12.0,steady,greedy,2,24431,73.1702079018888,46.649026804692184,346.05723421261865,2562.1134494731937,8.597519544840571,42.70000000000073,8.116043353876435,main,
200/200/150/150/100/100/50/50,0.9,30.0,3.0,0.05,16,,0.2,12.0,steady,greedy,3,24221,59.267581723647055,44.990365264908405,180.9626090695388,2520.681462359347,7.58858015771438,28.0,7.606995549287117,main,
200/200/150/150/100/100/50/50,0.9,30.0,3.0,0.05,16,,0.2,12.0,steady,greedy,4,24358,120.5960237305472,50.31979062668146,4340.681649586469,7328.047719575692,10.79550866245176,204.0,9.225845249863978,main,
200/200/150/150/100/100/50/50,0.9,30.0,3.0,0.05,16,,0.2,12.0,steady,greedy,5,24518,118.89686112485927,54.782035356678804,999.0073153711176,8481.8545524611,11.55404192837915,46.82999999999811,9.004590901989603,main,
200/200/150/150/100/100/50/50,0.9,30.0,3.0,0.05,16,,0.2,12.0,steady,greedy,6,24384,164.84101116554157,64.16125566496555,5038.668152404307,6409.452033632328,16.053559711286088,256.0,12.361865722211173,main,
200/200/150/150/100/100/50/50,0.9,30.0,3.0,0.05,16,,0.2,12.0,steady,greedy,7,24123,104.98062629317492,44.14190074291824,965.5184926438397,6172.132189026595,9.726029100858103,46.0,8.167693617954015,main,
200/200/150/150/100/100/50/50,0.9,30.0,3.0,0.05,16,,0.2,12.0,steady,greedy,8,24435,1064.4174522672226,63.85451627679828,23279.290305552884,26456.067362476384,59.26539799467976,1188.6599999999999,11.952096351193394,main,
200/200/150/150/100/100/50/50,0.9,30.0,3.0,0.05,16,,0.2,12.0,steady,greedy,9,24387,145.14572202916204,54.64559976982741,3890.006373374095,6838.803854485124,12.993111083774142,201.13999999999942,10.025714567911901,main,
200/200/150/150/100/100/50/50,0.9,30.0,3.0,0.05,16,,0.2,12.0,steady,greedy+lc,0,24557,61.3015498408099,51.252294224111594,225.49910691231187,324.09788014424424,8.428391090116872,29.0,8.691467345120923,main,
200/200/150/150/100/100/50/50,0.9,30.0,3.0,0.05,16,,0.2,12.0,steady,greedy+lc,1,24312,173.42998353560196,42.16267616664293,6472.088665291083,8030.652083207836,13.065605462323132,342.0,7.796461163711676,main,
200/200/150/150/100/100/50/50,0.9,30.0,3.0,0.05,16,,0.2,12.0,steady,greedy+lc,2,24431,58.37779847017061,40.81144840923301,219.8329101155362,2044.6462013180994,7.017436863001924,28.0,7.550554749387607,main,
200/200/150/150/100/100/50/50,0.9,30.0,3.0,0.05,16,,0.2,12.0,steady,greedy+lc,3,24221,47.253749928002776,36.30519339932192,178.15188412858285,1442.8229044875945,6.026382065150076,24.0,5.76553408552091,main,
200/200/150/150/100/100/50/50,0.9,30.0,3.0,0.05,16,,0.2,12.0,steady,greedy+lc,4,24358,137.97793920311034,43.51252612160117,5651.975803252508,8524.023900580889,10.825478282289186,266.0,8.097045237487485,main,
200/200/150/150/100/100/50/50,0.9,30.0,3.0,0.05,16,,0.2,12.0,steady,greedy+lc,5,24518,114.34474224393074,46.48303632035233,304.64781399197943,6366.242300539248,10.303776817032384,35.0,8.473710709353657,main,
200/200/150/150/100/100/50/50,0.9,30.0,3.0,0.05,16,,0.2,12.0,steady,greedy+lc,6,24384,97.2031980393243,44.67998751398383,268.3312210853204,5522.681095855138,9.212844488188976,34.0,7.307187742751342,main,
200/200/150/150/100/100/50/50,0.9,30.0,3.0,0.05,16,,0.2,12.0,steady,greedy+lc,7,24123,72.26231464806064,38.22305289893535,183.0300703685833,4635.338848536114,7.384736558471168,25.0,7.018379450067896,main,
200/200/150/150/100/100/50/50,0.9,30.0,3.0,0.05,16,,0.2,12.0,steady,greedy+lc,8,24435,82.18053606287012,42.50157648873554,231.04898876759543,5157.660846872774,8.430325352977286,30.0,7.810949423452774,main,
200/200/150/150/100/100/50/50,0.9,30.0,3.0,0.05,16,,0.2,12.0,steady,greedy+lc,9,24387,60.26926866052148,42.329690034506484,193.6532413826982,4028.5955168526093,7.223602739164309,26.0,7.0083962848595505,main,
200/200/150/150/100/100/50/50,0.9,30.0,3.0,0.05,16,,0.2,12.0,steady,jsq,0,24557,156.93922192749238,107.73197962488723,895.7432588944567,1270.6883194334496,17.21655739707619,48.43999999999869,32.819713978861145,main,
200/200/150/150/100/100/50/50,0.9,30.0,3.0,0.05,16,,0.2,12.0,steady,jsq,1,24312,131.98990814842603,86.96544232940795,771.3738351414695,1038.4624548613592,14.553759460348799,46.0,28.503769292707467,main,
200/200/150/150/100/100/50/50,0.9,30.0,3.0,0.05,16,,0.2,12.0,steady,jsq,2,24431,142.68309801063137,93.75183275612997,840.6652431574183,1099.2310091885836,15.576808153575376,47.0,30.727025273537052,main,
200/200/150/150/100/100/50/50,0.9,30.0,3.0,0.05,16,,0.2,12.0,steady,jsq,3,24221,140.4805727704396,92.770976520681,806.1188695074321,1171.2350526719201,15.327401841377316,47.0,29.96450162936413,main,
200/200/150/150/100/100/50/50,0.9,30.0,3.0,0.05,16,,0.2,12.0,steady,jsq,4,24358,148.4350860701987,100.45260276631218,892.7112892547425,1261.4360441741726,16.207283028163232,48.0,31.20368985781198,main,
200/200/150/150/100/100/50/50,0.9,30.0,3.0,0.05,16,,0.2,12.0,steady,jsq,5,24518,146.3797000796896,97.13951003300458,853.3867845611521,1212.6785648876507,15.952361530304266,48.0,30.991598042756635,main,
200/200/150/150/100/100/50/50,0.9,30.0,3.0,0.05,16,,0.2,12.0,steady,jsq,6,24384,139.0127908914983,94.08287974541985,746.2802454709987,1041.9344550286048,15.440903871391075,47.0,30.147580993972866,main,
200/200/150/150/100/100/50/50,0.9,30.0,3.0,0.05,16,,0.2,12.0,steady,jsq,7,24123,128.63340451901817,83.44052279612058,762.7309190949031,1160.4442692606674,14.107366413795962,45.0,27.86743968757681,main,
200/200/150/150/100/100/50/50,0.9,30.0,3.0,0.05,16,,0.2,12.0,steady,jsq,8,24435,144.43887983779328,95.24568737112959,828.3624066174215,1112.429191563562,15.798731328013096,47.0,30.481656713585718,main,
200/200/150/150/100/100/50/50,0.9,30.0,3.0,0.05,16,,0.2,12.0,steady,jsq,9,24387,147.33728567381883,101.93440658003894,808.9496734049176,1165.9812748547781,16.197851314224792,47.0,31.53916948947662,main,
200/200/150/150/100/100/50/50,0.9,30.0,3.0,0.05,16,,0.2,12.0,steady,jsq+lc,0,24557,105.79133266239265,74.112666090965,590.6810524283557,909.0428365009872,11.798713197866189,39.0,21.96421166560425,main,
200/200/150/150/100/100/50/50,0.9,30.0,3.0,0.05,16,,0.2,12.0,steady,jsq+lc,1,24312,100.37578934012912,65.46097798155782,575.676152815086,959.1723839825916,10.929746627179993,38.0,20.848336387764693,main,
200/200/150/150/100/100/50/50,0.9,30.0,3.0,0.05,16,,0.2,12.0,steady,jsq+lc,2,24431,102.92504908645665,67.72224806172034,584.967077535534,942.4188197728397,11.41758421677377,39.0,22.26872509529093,main,
200/200/150/150/100/100/50/50,0.9,30.0,3.0,0.05,16,,0.2,12.0,steady,jsq+lc,3,24221,98.88056832887284,63.651791149480275,586.8448590118523,906.7558599473123,10.704223607613228,38.0,20.659738763450974,main,
200/200/150/150/100/100/50/50,0.9,30.0,3.0,0.05,16,,0.2,12.0,steady,jsq+lc,4,24358,112.01474091397851,74.74693163674928,620.7082739315717,974.5053982877924,12.272271943509319,40.0,23.414304260249164,main,
200/200/150/150/100/100/50/50,0.9,30.0,3.0,0.05,16,,0.2,12.0,steady,jsq+lc,5,24518,104.38105796418536,70.3800879535761,616.3675794680877,930.7425669874597,11.407374174076189,39.0,21.915319336594052,main,
200/200/150/150/100/100/50/50,0.9,30.0,3.0,0.05,16,,0.2,12.0,steady,jsq+lc,6,24384,103.41850560640691,69.08265671548541,620.7387007203262,910.6780741276169,11.365485564304462,38.0,21.81917679113837,main,
200/200/150/150/100/100/50/50,0.9,30.0,3.0,0.05,16,,0.2,12.0,steady,jsq+lc,7,24123,97.43440044020693,63.9435667599777,610.9565902543573,971.5455894984751,10.549019607843137,37.0,20.651097537986246,main,
200/200/150/150/100/100/50/50,0.9,30.0,3.0,0.05,16,,0.2,12.0,steady,jsq+lc,8,24435,105.4538276466113,69.6107605578149,604.6222823329763,941.9503227602049,11.55342746060978,40.0,21.932642672512785,main,
200/200/150/150/100/100/50/50,0.9,30.0,3.0,0.05,16,,0.2,12.0,steady,jsq+lc,9,24387,104.88490351956982,70.7132433020652,575.635320200672,887.5981542443566,11.53167671300283,39.0,21.979301486237325,main,
200/200/150/150/100/100/50/50,0.9,30.0,3.0,0.05,16,,0.2,12.0,steady,p2c,0,24557,61.22640072279525,36.89616777067606,342.592391879417,489.4753749486681,5.437919941360915,17.0,2.4550752937306313,main,
200/200/150/150/100/100/50/50,0.9,30.0,3.0,0.05,16,,0.2,12.0,steady,p2c,1,24312,54.99286919115926,32.157706537529585,319.0923110679004,505.46397410628106,4.704425797959855,14.0,2.470054179256878,main,
200/200/150/150/100/100/50/50,0.9,30.0,3.0,0.05,16,,0.2,12.0,steady,p2c,2,24431,56.60403792413491,33.58072906168985,320.78218383950275,436.6375205236614,4.95955957594859,15.0,2.376480659316305,main,
200/200/150/150/100/100/50/50,0.9,30.0,3.0,0.05,16,,0.2,12.0,steady,p2c,3,24221,53.948292548451,32.72225609914159,317.6967471857699,436.76011633410786,4.683126212790554,14.0,2.424188255442088,main,
200/200/150/150/100/100/50/50,0.9,30.0,3.0,0.05,16,,0.2,12.0,steady,p2c,4,24358,59.26081837726772,35.25467935959892,353.65434866430724,464.0746954393703,5.114951966499713,15.0,2.36708338491507,main,
200/200/150/150/100/100/50/50,0.9,30.0,3.0,0.05,16,,0.2,12.0,steady,p2c,5,24518,56.71180704860576,35.07695438200731,321.0528056694108,436.6979349596107,4.96382249775675,14.0,2.4406395059345956,main,
200/200/150/150/100/100/50/50,0.9,30.0,3.0,0.05,16,,0.2,12.0,steady,p2c,6,24384,57.299820940392095,33.93244807899709,317.82197377829897,448.2757626507256,4.941478018372703,14.0,2.4152911373117925,main,
200/200/150/150/100/100/50/50,0.9,30.0,3.0,0.05,16,,0.2,12.0,steady,p2c,7,24123,53.19115229738306,32.02204757230831,301.338588379203,402.37392216917425,4.586660033992455,14.0,2.450803331655653,main,
200/200/150/150/100/100/50/50,0.9,30.0,3.0,0.05,16,,0.2,12.0,steady,p2c,8,24435,53.76861114631273,32.75310506653284,301.66559783925925,440.5809297744899,4.675588295477798,14.0,2.382309502969655,main,
200/200/150/150/100/100/50/50,0.9,30.0,3.0,0.05,16,,0.2,12.0,steady,p2c,9,24387,56.27753409633989,33.528738293838956,311.4348790691748,413.5019133610325,4.873334153442408,14.0,2.4624565972177574,main,
200/200/150/150/100/100/50/50,0.9,30.0,3.0,0.05,16,,0.2,12.0,steady,p2c_learned,0,24557,44.6478628388215,36.07442978037412,172.11640118700865,262.52201325064334,5.095736449892088,17.0,2.0054632597776694,main,
200/200/150/150/100/100/50/50,0.9,30.0,3.0,0.05,16,,0.2,12.0,steady,p2c_learned,1,24312,39.021766236685124,30.250965161053855,156.96391258965434,246.54745243592268,4.308695294504771,15.0,2.0247714949604427,main,
200/200/150/150/100/100/50/50,0.9,30.0,3.0,0.05,16,,0.2,12.0,steady,p2c_learned,2,24431,40.00277799258554,32.227767637031945,145.6676541371086,229.6231033639311,4.498383201670009,15.0,2.0697217716983625,main,
200/200/150/150/100/100/50/50,0.9,30.0,3.0,0.05,16,,0.2,12.0,steady,p2c_learned,3,24221,38.08498025141771,30.143181700282184,153.54303697867968,223.47240021491203,4.1802568019487225,13.0,1.9996943063346175,main,
200/200/150/150/100/100/50/50,0.9,30.0,3.0,0.05,16,,0.2,12.0,steady,p2c_learned,4,24358,40.86987689160132,33.41248798236185,152.79038105068207,222.9894422790445,4.582642253058544,15.0,1.9841203576107542,main,
200/200/150/150/100/100/50/50,0.9,30.0,3.0,0.05,16,,0.2,12.0,steady,p2c_learned,5,24518,38.95196082688148,32.51103829714008,144.49305373406708,205.74617703659476,4.450403784974305,14.0,1.9321694870044688,main,
200/200/150/150/100/100/50/50,0.9,30.0,3.0,0.05,16,,0.2,12.0,steady,p2c_learned,6,24384,40.22256511531102,33.15796543474292,151.92773673734075,238.96086508071957,4.537114501312336,14.0,1.9932952789459792,main,
200/200/150/150/100/100/50/50,0.9,30.0,3.0,0.05,16,,0.2,12.0,steady,p2c_learned,7,24123,37.20201959525888,29.691963046281522,142.73740090692095,221.61142101558397,4.152302781577747,14.0,1.912248153363267,main,
200/200/150/150/100/100/50/50,0.9,30.0,3.0,0.05,16,,0.2,12.0,steady,p2c_learned,8,24435,38.705285004538034,31.19637429210087,140.15556272976355,221.9652966392017,4.38817270308983,14.0,1.991081114209802,main,
200/200/150/150/100/100/50/50,0.9,30.0,3.0,0.05,16,,0.2,12.0,steady,p2c_learned,9,24387,40.00431878320907,32.66750479248692,155.54051680053124,220.3421137403599,4.464140730717185,15.0,2.047035096540193,main,
200/200/150/150/100/100/50/50,0.9,30.0,3.0,0.05,16,,0.2,12.0,steady,sed,0,24557,166.4515268907386,129.2484535855536,833.484903604893,1137.7741140340725,19.79557763570469,50.0,37.51151189622408,main,
200/200/150/150/100/100/50/50,0.9,30.0,3.0,0.05,16,,0.2,12.0,steady,sed,1,24312,162.11860390920867,122.9566668977089,828.8814757845979,1179.1607038417453,19.12870187561698,50.0,37.13487426317864,main,
200/200/150/150/100/100/50/50,0.9,30.0,3.0,0.05,16,,0.2,12.0,steady,sed,2,24431,159.75444481748804,123.03372794519518,781.5583752761116,1041.1094003791166,19.21534116491343,49.0,37.75441057066114,main,
200/200/150/150/100/100/50/50,0.9,30.0,3.0,0.05,16,,0.2,12.0,steady,sed,3,24221,158.17347988409645,121.40243373192483,819.800911765422,1084.6913120011618,19.050369514058048,48.0,37.144481782810374,main,
200/200/150/150/100/100/50/50,0.9,30.0,3.0,0.05,16,,0.2,12.0,steady,sed,4,24358,162.76102699900179,123.40958356083931,834.0771177417811,1107.4441516837553,19.21212743246572,49.0,37.214098375821905,main,
200/200/150/150/100/100/50/50,0.9,30.0,3.0,0.05,16,,0.2,12.0,steady,sed,5,24518,164.16077004374554,126.0948875932344,834.6959546721168,1110.6438476962642,19.550901378579002,49.0,37.797995985964505,main,
200/200/150/150/100/100/50/50,0.9,30.0,3.0,0.05,16,,0.2,12.0,steady,sed,6,24384,158.17695635803082,120.56757902582405,823.9097845285779,1163.1224943155453,18.81229494750656,48.0,36.825011617907194,main,
200/200/150/150/100/100/50/50,0.9,30.0,3.0,0.05,16,,0.2,12.0,steady,sed,7,24123,153.41075298077098,116.0365074197891,821.1907686779604,1134.4161040762979,18.39887244538407,48.0,36.35220061601822,main,
200/200/150/150/100/100/50/50,0.9,30.0,3.0,0.05,16,,0.2,12.0,steady,sed,8,24435,162.03116480829124,124.97294380046498,810.8913354080167,1146.1463412067162,19.250624104767752,49.0,37.20311274515353,main,
200/200/150/150/100/100/50/50,0.9,30.0,3.0,0.05,16,,0.2,12.0,steady,sed,9,24387,158.59067926081292,121.78370644132563,751.4782195269383,1007.8413696472785,18.96034772624759,48.0,36.792186611747155,main,
200/200/150/150/100/100/50/50,0.9,30.0,3.0,0.05,16,,0.2,12.0,steady,ts,0,24557,63.88579322047501,51.6616785387356,212.3564645461249,1603.2686418295693,8.332858248157349,30.0,8.235291104443629,main,
200/200/150/150/100/100/50/50,0.9,30.0,3.0,0.05,16,,0.2,12.0,steady,ts,1,24312,56.35104560662505,45.87098743753026,204.93758773024123,1003.7878696449749,7.4775830865416255,28.0,8.225035611419969,main,
200/200/150/150/100/100/50/50,0.9,30.0,3.0,0.05,16,,0.2,12.0,steady,ts,2,24431,55.30608230645811,46.11168371340213,213.15247907545094,325.1620333323111,7.557734026441816,29.0,7.862908557286861,main,
200/200/150/150/100/100/50/50,0.9,30.0,3.0,0.05,16,,0.2,12.0,steady,ts,3,24221,54.68216841549622,44.18787211325537,206.62529271684258,401.45278846126564,7.43098963709178,31.0,8.756210376775353,main,
200/200/150/150/100/100/50/50,0.9,30.0,3.0,0.05,16,,0.2,12.0,steady,ts,4,24358,52.99176407102576,45.79063820704299,179.61684362701803,254.56289614927172,7.102143033089745,24.0,6.948535090997756,main,
200/200/150/150/100/100/50/50,0.9,30.0,3.0,0.05,16,,0.2,12.0,steady,ts,5,24518,63.29298855067648,50.674078592104266,247.040787526102,451.44779671323926,8.687861978954238,34.0,9.008899068626812,main,
200/200/150/150/100/100/50/50,0.9,30.0,3.0,0.05,16,,0.2,12.0,steady,ts,6,24384,64.09620672481071,51.361064977143656,253.90698790882797,447.1874926629569,8.852485236220472,35.0,9.900652659439999,main,
200/200/150/150/100/100/50/50,0.9,30.0,3.0,0.05,16,,0.2,12.0,steady,ts,7,24123,47.35680125142165,39.51170553893846,173.90049996766848,289.5459977804403,6.410521079467728,23.0,6.301010122167764,main,
200/200/150/150/100/100/50/50,0.9,30.0,3.0,0.05,16,,0.2,12.0,steady,ts,8,24435,50.49778007748734,43.31704552498117,167.7128173756379,252.0874768702709,6.9272764477184365,24.0,7.243034341847862,main,
200/200/150/150/100/100/50/50,0.9,30.0,3.0,0.05,16,,0.2,12.0,steady,ts,9,24387,51.592802169387156,44.10169657398555,175.5725560385192,256.1281002741445,7.009021199819576,25.0,7.083191048543882,main,
200/200/150/150/100/100/50/50,0.9,30.0,3.0,0.05,16,,0.2,12.0,steady,ts+lc,0,24557,50.621127076859985,42.551388974459314,174.77509233634538,255.38051203068363,6.73636844891477,25.0,6.532991474663389,main,
200/200/150/150/100/100/50/50,0.9,30.0,3.0,0.05,16,,0.2,12.0,steady,ts+lc,1,24312,52.07119420286345,41.25935993448948,199.72668055168577,377.31644643137014,7.01974333662389,28.0,8.024090622848895,main,
200/200/150/150/100/100/50/50,0.9,30.0,3.0,0.05,16,,0.2,12.0,steady,ts+lc,2,24431,48.14022838995096,40.52424219478912,165.58098228321956,235.8237316989107,6.451434652695346,25.0,7.529710554770737,main,
200/200/150/150/100/100/50/50,0.9,30.0,3.0,0.05,16,,0.2,12.0,steady,ts+lc,3,24221,44.65658594961749,37.02259362539717,160.48070627554765,274.8533246912289,5.975269394327237,25.0,5.4744337022551575,main,
200/200/150/150/100/100/50/50,0.9,30.0,3.0,0.05,16,,0.2,12.0,steady,ts+lc,4,24358,48.781973743278485,40.56949933930731,175.27782210843495,288.921981799113,6.462722719435093,23.0,6.22065802771326,main,
200/200/150/150/100/100/50/50,0.9,30.0,3.0,0.05,16,,0.2,12.0,steady,ts+lc,5,24518,47.89921398078733,39.82115547548837,178.85291082474302,301.2537239679934,6.38065910759442,26.0,6.116539165499048,main,
200/200/150/150/100/100/50/50,0.9,30.0,3.0,0.05,16,,0.2,12.0,steady,ts+lc,6,24384,53.635128567465564,45.52719951060258,181.18343688346854,318.9145052999961,7.416994750656168,26.0,7.346677766294899,main,
200/200/150/150/100/100/50/50,0.9,30.0,3.0,0.05,16,,0.2,12.0,steady,ts+lc,7,24123,44.90793559727095,37.198814438422545,163.8139130172067,241.7427440042306,5.934626704804543,23.0,6.376904094499881,main,
200/200/150/150/100/100/50/50,0.9,30.0,3.0,0.05,16,,0.2,12.0,steady,ts+lc,8,24435,47.67372109844705,40.07584079307236,165.24281872850307,387.1138765776059,6.488356865152445,24.0,7.033806386266012,main,
200/200/150/150/100/100/50/50,0.9,30.0,3.0,0.05,16,,0.2,12.0,steady,ts+lc,9,24387,45.88721522228236,39.10301372310698,164.33470550812086,236.96421334819965,6.1128060031984255,23.0,5.670769062692169,main,
200/200/150/150/100/100/50/50,0.9,30.0,3.0,0.05,16,,0.2,12.0,steady,ts_epoch,0,24557,59.11881817953944,45.18360576448188,265.0304028375322,408.16196635082014,6.726921040843751,26.0,2.205212135750578,main,
200/200/150/150/100/100/50/50,0.9,30.0,3.0,0.05,16,,0.2,12.0,steady,ts_epoch,1,24312,54.9965879645096,40.00612654076896,253.94895424220036,444.15570801919193,6.217464626521882,24.0,2.0864332661758485,main,
200/200/150/150/100/100/50/50,0.9,30.0,3.0,0.05,16,,0.2,12.0,steady,ts_epoch,2,24431,61.94791384868728,46.34118361588335,258.2459756416165,393.4552484692446,7.5023535671892265,31.0,2.340291597817462,main,
200/200/150/150/100/100/50/50,0.9,30.0,3.0,0.05,16,,0.2,12.0,steady,ts_epoch,3,24221,53.88912033281033,40.450778279794264,218.85741910875993,336.1343917615289,6.2719953759134635,24.0,2.1059546744367497,main,
200/200/150/150/100/100/50/50,0.9,30.0,3.0,0.05,16,,0.2,12.0,steady,ts_epoch,4,24358,60.324954744217,46.35544490475496,269.95620110753543,415.8581378758974,7.06400361277609,27.0,2.2905198324013276,main,
200/200/150/150/100/100/50/50,0.9,30.0,3.0,0.05,16,,0.2,12.0,steady,ts_epoch,5,24518,61.6271031150274,45.94045365512267,270.64599344408094,398.13790073685385,7.506974467737988,34.0,2.384678373908021,main,
200/200/150/150/100/100/50/50,0.9,30.0,3.0,0.05,16,,0.2,12.0,steady,ts_epoch,6,24384,57.25751125621465,43.19424020092377,248.65563268755957,390.37851116567015,6.738640091863517,27.0,2.315139693450932,main,
200/200/150/150/100/100/50/50,0.9,30.0,3.0,0.05,16,,0.2,12.0,steady,ts_epoch,7,24123,51.57715701314253,38.884545491641106,222.29295458104005,349.26944580750165,5.826099573021597,22.0,2.079946224689577,main,
200/200/150/150/100/100/50/50,0.9,30.0,3.0,0.05,16,,0.2,12.0,steady,ts_epoch,8,24435,50.55164419668452,38.639083481591285,217.20872195621484,391.8941058457543,5.645754041334152,19.0,1.8324223378715188,main,
200/200/150/150/100/100/50/50,0.9,30.0,3.0,0.05,16,,0.2,12.0,steady,ts_epoch,9,24387,61.145112383070796,45.33539215298177,250.1602760504832,2053.9760425898244,7.153688440562595,28.0,2.3275926190978393,main,
200/200/150/150/100/100/50/50,0.9,30.0,3.0,0.05,16,,0.2,12.0,steady,wrandom,0,24557,91.89527260435908,55.84661023224413,639.9616494778941,830.0368077019823,9.824082746263795,44.0,1.003252329569981,main,
200/200/150/150/100/100/50/50,0.9,30.0,3.0,0.05,16,,0.2,12.0,steady,wrandom,1,24312,88.32910182003079,51.815517143481316,484.9320492739371,774.6865886039784,10.117061533399145,56.0,0.9649302376597372,main,
200/200/150/150/100/100/50/50,0.9,30.0,3.0,0.05,16,,0.2,12.0,steady,wrandom,2,24431,128.55561107907505,48.73452448148896,1282.809096323978,1547.24040565551,11.509189144938807,65.0,1.0044222031810381,main,
200/200/150/150/100/100/50/50,0.9,30.0,3.0,0.05,16,,0.2,12.0,steady,wrandom,3,24221,78.63610656194835,49.78953745974746,650.4514406199721,864.0004002814121,8.642252590727056,37.0,0.9732688831589569,main,
200/200/150/150/100/100/50/50,0.9,30.0,3.0,0.05,16,,0.2,12.0,steady,wrandom,4,24358,81.75500446046136,55.03215935602768,512.9602376638966,796.4174054022171,9.428976106412678,38.0,0.9810190486336038,main,
200/200/150/150/100/100/50/50,0.9,30.0,3.0,0.05,16,,0.2,12.0,steady,wrandom,5,24518,81.0549177592282,59.704357664309704,395.8807454713183,596.3819351925238,10.034994697773065,43.0,1.005194055569227,main,
200/200/150/150/100/100/50/50,0.9,30.0,3.0,0.05,16,,0.2,12.0,steady,wrandom,6,24384,77.25234414671871,50.84377402694429,444.4513553756398,670.7647519395376,8.507053805774278,29.0,1.0050581761677506,main,
200/200/150/150/100/100/50/50,0.9,30.0,3.0,0.05,16,,0.2,12.0,steady,wrandom,7,24123,78.31238418474909,45.98171876181567,386.74199164189207,474.91569862354856,9.653069684533433,64.0,1.0027122717624517,main,
200/200/150/150/100/100/50/50,0.9,30.0,3.0,0.05,16,,0.2,12.0,steady,wrandom,8,24435,81.21413899395596,48.57856137684635,440.20989755466553,564.8307372701487,9.18927767546552,44.0,0.962585787198917,main,
200/200/150/150/100/100/50/50,0.9,30.0,3.0,0.05,16,,0.2,12.0,steady,wrandom,9,24387,91.81935967586035,55.19569443414163,722.4972516316753,1029.8971950563796,9.589043342764588,36.0,0.9836706000750048,main,
200/200/150/150/100/100/50/50,0.9,30.0,3.0,0.05,64,,0.2,12.0,steady,greedy,0,24557,320.9634860208609,63.43388864211619,7744.957683645944,8216.5577742155,21.86891721301462,370.0,11.905750353104743,main,
200/200/150/150/100/100/50/50,0.9,30.0,3.0,0.05,64,,0.2,12.0,steady,greedy,1,24312,165.36156261062675,55.32870756350672,5016.886702488357,8252.316850745876,13.933078315235274,243.88999999999942,10.764915244532256,main,
200/200/150/150/100/100/50/50,0.9,30.0,3.0,0.05,64,,0.2,12.0,steady,greedy,2,24431,556.0454455744259,51.40454310654441,13727.099709938397,14679.516830019002,31.804101346649748,653.0,9.713124230400208,main,
200/200/150/150/100/100/50/50,0.9,30.0,3.0,0.05,64,,0.2,12.0,steady,greedy,3,24221,206.23370110978962,55.314108644537896,6130.5231308901575,6366.511269585379,15.732009413319021,280.0,10.761557968178687,main,
200/200/150/150/100/100/50/50,0.9,30.0,3.0,0.05,64,,0.2,12.0,steady,greedy,4,24358,268.40908142393863,51.81148197736718,9825.198361152254,10329.536698867956,18.35191723458412,490.0,8.919955478920611,main,
200/200/150/150/100/100/50/50,0.9,30.0,3.0,0.05,64,,0.2,12.0,steady,greedy,5,24518,281.42224669069236,69.71499554983308,9883.296718677022,10491.76216967662,21.552859123908966,509.0,12.012015706651034,main,
200/200/150/150/100/100/50/50,0.9,30.0,3.0,0.05,64,,0.2,12.0,steady,greedy,6,24384,205.98584633713102,65.97054317836881,6017.994574848301,9624.558294199584,16.95082841207349,313.0,11.656405670874062,main,
200/200/150/150/100/100/50/50,0.9,30.0,3.0,0.05,64,,0.2,12.0,steady,greedy,7,24123,250.47602364827577,51.61771668454662,6746.420089692299,9526.498821792637,18.115449985491026,349.0,10.40745578799673,main,
200/200/150/150/100/100/50/50,0.9,30.0,3.0,0.05,64,,0.2,12.0,steady,greedy,8,24435,187.85435049740855,50.84063877388445,5610.11695678887,7845.125823048246,14.619971352568038,297.0,9.458603322916542,main,
200/200/150/150/100/100/50/50,0.9,30.0,3.0,0.05,64,,0.2,12.0,steady,greedy,9,24387,173.15500974911592,48.43461976206065,8132.147040358914,8904.581568197438,14.028170746709312,441.0,8.453610783749355,main,
200/200/150/150/100/100/50/50,0.9,30.0,3.0,0.05,64,,0.2,12.0,steady,greedy+lc,0,24557,315.8116379955681,63.13939947253555,7499.628086263931,8020.542242803466,21.797328663924745,367.0,11.09088631530139,main,
200/200/150/150/100/100/50/50,0.9,30.0,3.0,0.05,64,,0.2,12.0,steady,greedy+lc,1,24312,163.9855637644035,54.77602659875558,5171.60683556527,8184.941802378159,14.31075189206976,247.0,10.863416519151926,main,
200/200/150/150/100/100/50/50,0.9,30.0,3.0,0.05,64,,0.2,12.0,steady,greedy+lc,2,24431,420.2197328187446,47.56901315397366,11799.002972184366,12246.118076181783,25.341001187016495,586.0,8.685257697789867,main,
200/200/150/150/100/100/50/50,0.9,30.0,3.0,0.05,64,,0.2,12.0,steady,greedy+lc,3,24221,165.99071373017222,47.555812593394364,6133.86209679383,6635.637852022173,12.767226786672722,280.0,8.98653333946951,main,
200/200/150/150/100/100/50/50,0.9,30.0,3.0,0.05,64,,0.2,12.0,steady,greedy+lc,4,24358,240.45625870651716,48.82274779436813,9444.81546081774,10357.905815107719,16.858773298300353,472.4300000000003,8.628911218031908,main,
200/200/150/150/100/100/50/50,0.9,30.0,3.0,0.05,64,,0.2,12.0,steady,greedy+lc,5,24518,244.82347475115319,65.19491624210261,9192.279673551731,9851.042231155923,19.314095766375726,483.0,10.944504468992694,main,
200/200/150/150/100/100/50/50,0.9,30.0,3.0,0.05,64,,0.2,12.0,steady,greedy+lc,6,24384,202.58987089598142,62.69269703426961,6111.627672729765,9481.586099481827,16.52247375328084,319.16999999999825,11.600717004895323,main,
200/200/150/150/100/100/50/50,0.9,30.0,3.0,0.05,64,,0.2,12.0,steady,greedy+lc,7,24123,265.31888369515826,51.59942631086878,7637.717055629255,9438.362180889502,18.95033785184264,397.0,10.263364423815469,main,
200/200/150/150/100/100/50/50,0.9,30.0,3.0,0.05,64,,0.2,12.0,steady,greedy+lc,8,24435,181.49394865392725,47.73404566563855,5443.249128089169,7883.579062023479,14.277511765909557,293.65999999999985,8.932740220942227,main,
200/200/150/150/100/100/50/50,0.9,30.0,3.0,0.05,64,,0.2,12.0,steady,greedy+lc,9,24387,174.73433899636206,50.03062920501122,8214.814691638769,8996.509757741716,14.136097100914421,441.0,9.190602903629372,main,
200/200/150/150/100/100/50/50,0.9,30.0,3.0,0.05,64,,0.2,12.0,steady,jsq,0,24557,158.06173201701114,105.07917832939206,894.4046999856982,1152.4230877907796,17.20047237040355,50.0,31.795934916543164,main,
200/200/150/150/100/100/50/50,0.9,30.0,3.0,0.05,64,,0.2,12.0,steady,jsq,1,24312,138.92477815950008,90.77545680261956,834.8390087172687,1095.7945237101853,15.068525830865417,48.0,29.24473717581424,main,
200/200/150/150/100/100/50/50,0.9,30.0,3.0,0.05,64,,0.2,12.0,steady,jsq,2,24431,141.11456565930612,88.96881490602127,869.2537070913128,1229.7241067531615,15.223773075191355,47.0,29.944317555720374,main,
200/200/150/150/100/100/50/50,0.9,30.0,3.0,0.05,64,,0.2,12.0,steady,jsq,3,24221,133.44988573098072,91.17366907886115,791.0123462553055,1059.891683852181,14.816811857479047,45.0,29.25169997646236,main,
200/200/150/150/100/100/50/50,0.9,30.0,3.0,0.05,64,,0.2,12.0,steady,jsq,4,24358,145.21994331464123,98.2264066318006,850.9932713526117,1133.6442726087425,15.826627801954183,48.0,30.792223148761718,main,
200/200/150/150/100/100/50/50,0.9,30.0,3.0,0.05,64,,0.2,12.0,steady,jsq,5,24518,145.58674535358105,98.3079845661361,870.2742990259379,1170.0756614600725,16.12460233297985,49.0,30.885923240263246,main,
200/200/150/150/100/100/50/50,0.9,30.0,3.0,0.05,64,,0.2,12.0,steady,jsq,6,24384,141.8050934107785,96.03946646859951,827.7481205870403,1109.6625099161718,15.596046587926509,47.0,30.52787676991475,main,
200/200/150/150/100/100/50/50,0.9,30.0,3.0,0.05,64,,0.2,12.0,steady,jsq,7,24123,131.89675388793293,86.51863442719332,785.7504002682185,1067.7637653413462,14.552418853376446,45.0,29.014059803787642,main,
200/200/150/150/100/100/50/50,0.9,30.0,3.0,0.05,64,,0.2,12.0,steady,jsq,8,24435,143.6438497497564,94.74353195497898,834.1622077770455,1145.8189198294112,15.559484346224679,47.0,30.076115753987466,main,
200/200/150/150/100/100/50/50,0.9,30.0,3.0,0.05,64,,0.2,12.0,steady,jsq,9,24387,141.02954000698213,96.57192982164275,789.5603687062909,993.736188032427,15.68593922991758,47.0,30.778195627188197,main,
200/200/150/150/100/100/50/50,0.9,30.0,3.0,0.05,64,,0.2,12.0,steady,jsq+lc,0,24557,143.01059880374018,96.2499152477303,845.2530791659486,1282.2882508316015,15.564360467483812,46.0,29.670384036590583,main,
200/200/150/150/100/100/50/50,0.9,30.0,3.0,0.05,64,,0.2,12.0,steady,jsq+lc,1,24312,128.04342251249187,82.65801031308095,762.5609771922826,1179.0810872649895,13.960472194800921,44.0,27.107746925296,main,
200/200/150/150/100/100/50/50,0.9,30.0,3.0,0.05,64,,0.2,12.0,steady,jsq+lc,2,24431,131.36373472479957,84.45912291670865,789.2011511159271,1189.3036660099665,14.3166878146617,46.70000000000073,27.91477089712705,main,
200/200/150/150/100/100/50/50,0.9,30.0,3.0,0.05,64,,0.2,12.0,steady,jsq+lc,3,24221,126.08875038811618,83.41094210577893,747.6006293057611,983.3854397050093,13.720655629412493,44.0,26.784334928791697,main,
200/200/150/150/100/100/50/50,0.9,30.0,3.0,0.05,64,,0.2,12.0,steady,jsq+lc,4,24358,137.75958392337608,90.18305238396884,813.5807631219602,1248.1800302306629,14.95200755398637,47.0,28.896255941543085,main,
200/200/150/150/100/100/50/50,0.9,30.0,3.0,0.05,64,,0.2,12.0,steady,jsq+lc,5,24518,134.20784591643934,89.82644249571159,809.9660596461254,1109.5172402291537,14.778489273187047,45.0,28.90972307828305,main,
200/200/150/150/100/100/50/50,0.9,30.0,3.0,0.05,64,,0.2,12.0,steady,jsq+lc,6,24384,135.63114377073848,88.72995065904554,802.4967139703956,1233.4508314474156,14.809301181102363,45.0,28.854455496203926,main,
200/200/150/150/100/100/50/50,0.9,30.0,3.0,0.05,64,,0.2,12.0,steady,jsq+lc,7,24123,125.60569378135949,80.94820404494297,742.4489467300854,1045.1232680506125,13.670024457986154,44.0,27.442090629625092,main,
200/200/150/150/100/100/50/50,0.9,30.0,3.0,0.05,64,,0.2,12.0,steady,jsq+lc,8,24435,133.61121267530308,89.7668759974053,796.0282230416801,1198.0285229215085,14.694290976058932,45.0,28.474154229939032,main,
200/200/150/150/100/100/50/50,0.9,30.0,3.0,0.05,64,,0.2,12.0,steady,jsq+lc,9,24387,135.30781593580932,90.25361259214293,802.5589825257455,1113.5155419569442,14.881576249641203,45.0,29.0881384975128,main,
200/200/150/150/100/100/50/50,0.9,30.0,3.0,0.05,64,,0.2,12.0,steady,p2c,0,24557,60.73162230934836,38.437406285014575,328.0773679240017,457.1781893625671,5.402899376959726,15.0,2.431434409635606,main,
200/200/150/150/100/100/50/50,0.9,30.0,3.0,0.05,64,,0.2,12.0,steady,p2c,1,24312,54.72157641450841,32.838091364769895,321.34382511165165,469.07541483228175,4.757033563672261,14.0,2.4252029742172594,main,
200/200/150/150/100/100/50/50,0.9,30.0,3.0,0.05,64,,0.2,12.0,steady,p2c,2,24431,56.75758530783408,35.057997311188416,332.0448814967588,449.0121615573319,5.004829929188326,15.0,2.5499720956783616,main,
200/200/150/150/100/100/50/50,0.9,30.0,3.0,0.05,64,,0.2,12.0,steady,p2c,3,24221,54.525873480613114,32.03039966399501,317.2235724554932,420.79701021737316,4.654019239502911,14.0,2.4272597296542604,main,
200/200/150/150/100/100/50/50,0.9,30.0,3.0,0.05,64,,0.2,12.0,steady,p2c,4,24358,57.269788972118754,35.904125888207794,302.4751197997911,448.7668787131038,5.033089744642417,15.0,2.4907856342619894,main,
200/200/150/150/100/100/50/50,0.9,30.0,3.0,0.05,64,,0.2,12.0,steady,p2c,5,24518,54.22314155960273,34.72568666373377,293.14986931636923,401.74660742197665,4.813769475487397,13.0,2.473328447476489,main,
200/200/150/150/100/100/50/50,0.9,30.0,3.0,0.05,64,,0.2,12.0,steady,p2c,6,24384,59.09559871810527,35.03925716194489,344.8388299967216,466.0066790599987,5.083538385826771,15.0,2.4283144410044417,main,
200/200/150/150/100/100/50/50,0.9,30.0,3.0,0.05,64,,0.2,12.0,steady,p2c,7,24123,51.620382496315614,30.591144199320297,300.14346404772584,424.4310548035584,4.421174812419682,14.0,2.4501905559968344,main,
200/200/150/150/100/100/50/50,0.9,30.0,3.0,0.05,64,,0.2,12.0,steady,p2c,8,24435,55.45297547051023,33.11665328199176,316.44261600873034,469.18382382155596,4.8105586249232655,14.0,2.4592189127278097,main,
200/200/150/150/100/100/50/50,0.9,30.0,3.0,0.05,64,,0.2,12.0,steady,p2c,9,24387,57.15394394941809,35.050365353516355,331.4397250198755,470.200269254492,4.981670562184771,14.0,2.454516375947115,main,
200/200/150/150/100/100/50/50,0.9,30.0,3.0,0.05,64,,0.2,12.0,steady,p2c_learned,0,24557,52.244891759653896,38.15390993331391,216.66014032838345,1693.1578956080325,5.540212566681598,19.0,1.9347049064744066,main,
200/200/150/150/100/100/50/50,0.9,30.0,3.0,0.05,64,,0.2,12.0,steady,p2c_learned,1,24312,44.3589655989618,31.93256871517214,194.90524618264635,725.3748686692838,4.823872984534386,19.0,1.9002225113500106,main,
200/200/150/150/100/100/50/50,0.9,30.0,3.0,0.05,64,,0.2,12.0,steady,p2c_learned,2,24431,42.596679070408626,33.05211373439132,170.6060670000454,594.6241485154668,4.657361548851869,16.0,1.9214210870015038,main,
200/200/150/150/100/100/50/50,0.9,30.0,3.0,0.05,64,,0.2,12.0,steady,p2c_learned,3,24221,42.70142669231306,31.87772419913948,192.26428968402135,617.5477066866857,4.56987737913381,17.0,1.948307266699027,main,
200/200/150/150/100/100/50/50,0.9,30.0,3.0,0.05,64,,0.2,12.0,steady,p2c_learned,4,24358,46.56140693288469,35.23880903669241,189.91694337785262,632.18732265026,5.090770999261023,17.0,1.9010231128925268,main,
200/200/150/150/100/100/50/50,0.9,30.0,3.0,0.05,64,,0.2,12.0,steady,p2c_learned,5,24518,47.273163374268876,33.88390628753779,187.45954279267687,1510.3188281676184,5.004282567909291,20.0,1.9985604407401651,main,
200/200/150/150/100/100/50/50,0.9,30.0,3.0,0.05,64,,0.2,12.0,steady,p2c_learned,6,24384,45.31425506196817,34.11503438976471,181.31709556694926,1218.1462678688922,4.928313648293964,17.0,1.8486165656483213,main,
200/200/150/150/100/100/50/50,0.9,30.0,3.0,0.05,64,,0.2,12.0,steady,p2c_learned,7,24123,46.84108178647235,31.107099929972293,187.8181505186258,1935.926201326271,4.793640923599884,18.0,1.8948445273356507,main,
200/200/150/150/100/100/50/50,0.9,30.0,3.0,0.05,64,,0.2,12.0,steady,p2c_learned,8,24435,43.007914826818016,31.983066304984042,174.60681255564228,1007.5574626842628,4.560793943114385,16.0,1.8869753984657214,main,
200/200/150/150/100/100/50/50,0.9,30.0,3.0,0.05,64,,0.2,12.0,steady,p2c_learned,9,24387,46.70353420610092,35.12515255800075,177.91610322115528,1186.1339787841196,5.036863902899086,17.0,1.9235132102939907,main,
200/200/150/150/100/100/50/50,0.9,30.0,3.0,0.05,64,,0.2,12.0,steady,sed,0,24557,165.91068764818579,128.78257356027945,820.9551888129636,1106.0520016119704,19.651463941035143,50.0,37.07717344738142,main,
200/200/150/150/100/100/50/50,0.9,30.0,3.0,0.05,64,,0.2,12.0,steady,sed,1,24312,155.68332096510585,119.58211923201301,762.0360981541685,1131.2993038377576,18.711377097729518,48.0,36.29362286473463,main,
200/200/150/150/100/100/50/50,0.9,30.0,3.0,0.05,64,,0.2,12.0,steady,sed,2,24431,155.05623090030707,119.05796550844272,809.2567233860359,1124.087331781401,18.728705333387907,49.0,36.61044307728312,main,
200/200/150/150/100/100/50/50,0.9,30.0,3.0,0.05,64,,0.2,12.0,steady,sed,3,24221,155.90326906254575,119.98122747506734,776.2972245284373,1135.0919773265755,18.607076503860288,47.0,36.70462777408507,main,
200/200/150/150/100/100/50/50,0.9,30.0,3.0,0.05,64,,0.2,12.0,steady,sed,4,24358,161.26809578047317,121.16226240550887,811.4969132182947,1105.0343916454458,18.917768289678957,48.0,36.70189367598872,main,
200/200/150/150/100/100/50/50,0.9,30.0,3.0,0.05,64,,0.2,12.0,steady,sed,5,24518,162.98629741183868,122.83985803848907,825.6898895783102,1042.1681986598894,19.05640753731952,49.0,37.0718780069854,main,
200/200/150/150/100/100/50/50,0.9,30.0,3.0,0.05,64,,0.2,12.0,steady,sed,6,24384,162.21751116097576,122.86099743415946,817.3674059785401,1086.4546230569765,19.043594160104988,49.0,37.4934815507892,main,
200/200/150/150/100/100/50/50,0.9,30.0,3.0,0.05,64,,0.2,12.0,steady,sed,7,24123,150.80053997242916,112.27746452260057,825.9417877110931,1214.4923510615076,18.090991999336733,47.0,35.69716675989962,main,
200/200/150/150/100/100/50/50,0.9,30.0,3.0,0.05,64,,0.2,12.0,steady,sed,8,24435,160.0437005298812,122.90924988230856,819.3957610726254,1117.5134216740325,18.98911397585431,49.0,37.05802115021041,main,
200/200/150/150/100/100/50/50,0.9,30.0,3.0,0.05,64,,0.2,12.0,steady,sed,9,24387,160.72373612680664,122.42924762909269,812.9183659400175,1112.729196831627,19.17037766022881,48.0,37.1202739734777,main,
200/200/150/150/100/100/50/50,0.9,30.0,3.0,0.05,64,,0.2,12.0,steady,ts,0,24557,106.0326367758727,71.94274174130655,383.4898364802318,6614.39664603391,13.701917986724762,49.0,12.985746266015209,main,
200/200/150/150/100/100/50/50,0.9,30.0,3.0,0.05,64,,0.2,12.0,steady,ts,1,24312,75.66321417996416,50.072234583905306,270.5659965615592,5778.585556702902,9.303224744981902,34.0,9.722507095768991,main,
200/200/150/150/100/100/50/50,0.9,30.0,3.0,0.05,64,,0.2,12.0,steady,ts,2,24431,104.66734936108794,62.76881192023609,297.8779261552313,6484.957759630971,12.759772420285703,42.0,11.625553647905683,main,
200/200/150/150/100/100/50/50,0.9,30.0,3.0,0.05,64,,0.2,12.0,steady,ts,3,24221,80.12916114155728,50.05041109885067,255.6948842248939,6804.174804815702,9.641344288014533,32.0,9.899519656269502,main,
200/200/150/150/100/100/50/50,0.9,30.0,3.0,0.05,64,,0.2,12.0,steady,ts,4,24358,99.89266899692059,58.37133673500783,309.9150163013411,7665.419678576296,11.438623860743903,39.0,12.068582502263613,main,
200/200/150/150/100/100/50/50,0.9,30.0,3.0,0.05,64,,0.2,12.0,steady,ts,5,24518,78.0347670171368,49.01042565087765,244.94875142344011,5723.838649109734,8.945998857981891,32.0,8.837965405914225,main,
200/200/150/150/100/100/50/50,0.9,30.0,3.0,0.05,64,,0.2,12.0,steady,ts,6,24384,90.94655393611711,58.556480570479906,278.98789671129174,7292.116194783781,11.076525590551181,39.0,11.647160288114264,main,
200/200/150/150/100/100/50/50,0.9,30.0,3.0,0.05,64,,0.2,12.0,steady,ts,7,24123,90.00415471297758,51.228549680960356,253.2646629561583,8598.050188817406,9.92156862745098,35.0,10.024089916140943,main,
200/200/150/150/100/100/50/50,0.9,30.0,3.0,0.05,64,,0.2,12.0,steady,ts,8,24435,97.34698602113454,58.24961343485313,313.6336853489651,6353.850850107203,11.521751585839983,40.0,12.192938919007432,main,
200/200/150/150/100/100/50/50,0.9,30.0,3.0,0.05,64,,0.2,12.0,steady,ts,9,24387,83.82981144679538,59.22882715067246,303.89284778240386,4313.251601070421,11.12211424119408,41.0,12.433457932731617,main,
200/200/150/150/100/100/50/50,0.9,30.0,3.0,0.05,64,,0.2,12.0,steady,ts+lc,0,24557,110.42523829040091,70.67572805126687,364.17139763387905,6600.171276442006,14.421305534063608,59.0,13.094337676560633,main,
200/200/150/150/100/100/50/50,0.9,30.0,3.0,0.05,64,,0.2,12.0,steady,ts+lc,1,24312,68.9883835519989,47.837751478246204,230.06428362362232,5743.092190113021,8.429664363277395,30.0,9.257125972734707,main,
200/200/150/150/100/100/50/50,0.9,30.0,3.0,0.05,64,,0.2,12.0,steady,ts+lc,2,24431,79.00475739647972,54.022342648895716,249.82736138576823,4322.488922543184,9.972043714952315,36.0,11.266734662505998,main,
200/200/150/150/100/100/50/50,0.9,30.0,3.0,0.05,64,,0.2,12.0,steady,ts+lc,3,24221,67.19422322832702,45.208675101253704,241.2184810555544,4152.788155810996,8.425581107303579,32.0,9.144851345085648,main,
200/200/150/150/100/100/50/50,0.9,30.0,3.0,0.05,64,,0.2,12.0,steady,ts+lc,4,24358,102.1055748618807,53.915089243046666,280.1197527438901,8161.957660980334,11.28762624189178,38.0,10.857408283910221,main,
200/200/150/150/100/100/50/50,0.9,30.0,3.0,0.05,64,,0.2,12.0,steady,ts+lc,5,24518,79.7403370914761,46.92404380809201,239.64448798041238,6034.71722923165,8.849824618647524,30.0,8.585414836101133,main,
200/200/150/150/100/100/50/50,0.9,30.0,3.0,0.05,64,,0.2,12.0,steady,ts+lc,6,24384,102.96618330350915,66.48636654460027,306.47617375946845,7887.201361837836,12.856545275590552,44.0,11.986511023853845,main,
200/200/150/150/100/100/50/50,0.9,30.0,3.0,0.05,64,,0.2,12.0,steady,ts+lc,7,24123,90.09620029186252,47.25393019588964,265.6076555095092,9559.09975687595,9.906064751481988,35.0,9.966920145180215,main,
200/200/150/150/100/100/50/50,0.9,30.0,3.0,0.05,64,,0.2,12.0,steady,ts+lc,8,24435,80.87194241945333,50.48605929648886,268.6007635141688,6261.898684032021,9.517004297114795,33.0,10.212304932334046,main,
200/200/150/150/100/100/50/50,0.9,30.0,3.0,0.05,64,,0.2,12.0,steady,ts+lc,9,24387,66.09893940654639,47.68050671671631,240.5643102553431,4184.02589123854,8.36913109443556,31.0,9.77634011167074,main,
200/200/150/150/100/100/50/50,0.9,30.0,3.0,0.05,64,,0.2,12.0,steady,ts_epoch,0,24557,211.80553562360086,66.38424012701094,6627.012648561077,9157.6059390419,19.796636396954025,327.0,2.161256624306744,main,
200/200/150/150/100/100/50/50,0.9,30.0,3.0,0.05,64,,0.2,12.0,steady,ts_epoch,1,24312,118.85628272713892,41.17193394256624,3936.4679511582194,8169.128652402169,9.440934517933531,191.0,1.7200667878558262,main,
200/200/150/150/100/100/50/50,0.9,30.0,3.0,0.05,64,,0.2,12.0,steady,ts_epoch,2,24431,340.25032783301776,54.84629176146605,12663.881960569783,13657.722528266293,22.21259874749294,599.7000000000007,2.103864173144941,main,
200/200/150/150/100/100/50/50,0.9,30.0,3.0,0.05,64,,0.2,12.0,steady,ts_epoch,3,24221,88.97355528583638,36.21080180329983,258.54640034263315,8282.14380352689,7.235993559308039,21.0,1.6138926216831653,main,
200/200/150/150/100/100/50/50,0.9,30.0,3.0,0.05,64,,0.2,12.0,steady,ts_epoch,4,24358,106.79017333922567,48.771309303097254,268.59771396520864,8221.2436807863,9.833812299860416,34.0,1.8532283002190577,main,
200/200/150/150/100/100/50/50,0.9,30.0,3.0,0.05,64,,0.2,12.0,steady,ts_epoch,5,24518,227.2403330154883,57.486772500984884,9934.119931721521,11087.125242796992,17.045884656170976,491.0,2.048793011400817,main,
200/200/150/150/100/100/50/50,0.9,30.0,3.0,0.05,64,,0.2,12.0,steady,ts_epoch,6,24384,141.6301528527694,46.91320264495058,3841.7514403886084,9303.880685681504,11.409489829396325,199.16999999999825,1.9364891127935617,main,
200/200/150/150/100/100/50/50,0.9,30.0,3.0,0.05,64,,0.2,12.0,steady,ts_epoch,7,24123,281.801051827972,45.614083552930396,10782.038833915134,13281.517237999467,18.117315425112963,556.0,1.8840693759039195,main,
200/200/150/150/100/100/50/50,0.9,30.0,3.0,0.05,64,,0.2,12.0,steady,ts_epoch,8,24435,118.20021625948306,38.42514139792641,2326.4477790868614,7435.576183455721,9.07268262737876,100.65999999999985,1.5974843649470183,main,
200/200/150/150/100/100/50/50,0.9,30.0,3.0,0.05,64,,0.2,12.0,steady,ts_epoch,9,24387,114.43632047380227,48.91806484313577,324.4088479469764,6316.73350324713,10.374092754336326,38.0,1.9921877857689096,main,
200/200/150/150/100/100/50/50,0.9,30.0,3.0,0.05,64,,0.2,12.0,steady,wrandom,0,24557,95.33556820266804,59.23525700220722,924.637822202923,1325.5989701789574,10.499165207476484,46.0,0.9653101750099682,main,
200/200/150/150/100/100/50/50,0.9,30.0,3.0,0.05,64,,0.2,12.0,steady,wrandom,1,24312,85.45704652544708,51.09221369236039,522.9957765055208,781.0146685028777,9.61241362290227,39.88999999999942,1.03979729282575,main,
200/200/150/150/100/100/50/50,0.9,30.0,3.0,0.05,64,,0.2,12.0,steady,wrandom,2,24431,78.42465810776277,52.72940539610005,345.48849304194056,449.6075949238404,9.727272727272727,43.0,1.0388773187732792,main,
200/200/150/150/100/100/50/50,0.9,30.0,3.0,0.05,64,,0.2,12.0,steady,wrandom,3,24221,65.74698523661246,43.354762045153095,326.89124004172163,500.66561367942427,7.397341150241526,30.0,1.0336021483883986,main,
200/200/150/150/100/100/50/50,0.9,30.0,3.0,0.05,64,,0.2,12.0,steady,wrandom,4,24358,85.33806200093066,54.86620237862194,495.2469935920462,641.4167156166435,9.26804335331308,35.0,1.004660991911814,main,
200/200/150/150/100/100/50/50,0.9,30.0,3.0,0.05,64,,0.2,12.0,steady,wrandom,5,24518,111.01237239506368,54.71754717571198,924.1908842142901,1344.7529970044063,11.554123501101232,57.0,0.9888118618852614,main,
200/200/150/150/100/100/50/50,0.9,30.0,3.0,0.05,64,,0.2,12.0,steady,wrandom,6,24384,79.49912715417877,54.49236346894626,363.1542096103785,495.5652958141837,9.479699803149606,39.0,0.9823466308194344,main,
200/200/150/150/100/100/50/50,0.9,30.0,3.0,0.05,64,,0.2,12.0,steady,wrandom,7,24123,60.88488921292718,42.77230764958784,269.4585982450973,431.9497346729152,7.3446088794926006,34.0,0.9940804515963139,main,
200/200/150/150/100/100/50/50,0.9,30.0,3.0,0.05,64,,0.2,12.0,steady,wrandom,8,24435,89.23124846978577,54.81675719605761,529.7270339007805,689.1769756917897,10.330632289748312,49.0,0.9896765622015922,main,
200/200/150/150/100/100/50/50,0.9,30.0,3.0,0.05,64,,0.2,12.0,steady,wrandom,9,24387,79.90925981835113,52.90873007130781,389.79610167311716,519.9955067467212,9.669660064788618,45.0,0.9640695597046816,main,
200/200/150/150/100/100/50/50,0.9,30.0,3.0,0.2,1,,0.2,12.0,steady,greedy,0,24557,4204.28637104978,1793.3386651100775,42273.56388960589,46664.8329053847,382.9177423952437,2098.4399999999987,38.72135944654767,main,
200/200/150/150/100/100/50/50,0.9,30.0,3.0,0.2,1,,0.2,12.0,steady,greedy,1,24312,1352.7172095048666,965.9905758010555,9806.560667098649,11263.905589593754,187.4467341230668,863.8899999999994,37.504892748182286,main,
200/200/150/150/100/100/50/50,0.9,30.0,3.0,0.2,1,,0.2,12.0,steady,greedy,2,24431,1461.4430900031757,1182.0383098469306,8238.102377124642,10088.66783363277,208.98039376202365,795.7000000000007,36.27899327645081,main,
200/200/150/150/100/100/50/50,0.9,30.0,3.0,0.2,1,,0.2,12.0,steady,greedy,3,24221,4675.063621803239,1084.1670394831624,51188.33022832309,55007.151893424525,345.31282771149,2595.7999999999993,38.42809496275801,main,
200/200/150/150/100/100/50/50,0.9,30.0,3.0,0.2,1,,0.2,12.0,steady,greedy,4,24358,1650.8474322880702,1147.1572961840657,11656.236254913543,15744.767248870574,214.19274981525578,770.4300000000003,38.110314127372405,main,
200/200/150/150/100/100/50/50,0.9,30.0,3.0,0.2,1,,0.2,12.0,steady,greedy,5,24518,1981.5462686464525,1776.8124772573656,9410.551770482623,12511.96015949397,277.7516110612611,827.8299999999981,38.73873967102336,main,
200/200/150/150/100/100/50/50,0.9,30.0,3.0,0.2,1,,0.2,12.0,steady,greedy,6,24384,1656.356404844076,1220.1005653628486,10244.567135307787,14684.814627971089,217.64021489501312,774.0,38.182002617095435,main,
200/200/150/150/100/100/50/50,0.9,30.0,3.0,0.2,1,,0.2,12.0,steady,greedy,7,24123,1416.9340034445618,1203.5189257375566,7676.012634528688,9392.441186196993,208.09799776147244,769.7799999999988,38.376377678927724,main,
200/200/150/150/100/100/50/50,0.9,30.0,3.0,0.2,1,,0.2,12.0,steady,greedy,8,24435,1880.6551361929307,1086.5822784168788,19683.968642529402,23880.995226841056,204.3266216492736,976.6599999999999,38.23221976127458,main,
200/200/150/150/100/100/50/50,0.9,30.0,3.0,0.2,1,,0.2,12.0,steady,greedy,9,24387,2228.3793649742565,1617.0764170326813,14353.672844040686,16469.47184922236,288.29519826136874,1307.1399999999994,38.34966021221707,main,
200/200/150/150/100/100/50/50,0.9,30.0,3.0,0.2,1,,0.2,12.0,steady,greedy+lc,0,24557,47.51480393579142,38.444534626599136,176.39423108642728,320.7572243114792,6.311968074276174,25.0,1.487372976662597,main,
200/200/150/150/100/100/50/50,0.9,30.0,3.0,0.2,1,,0.2,12.0,steady,greedy+lc,1,24312,44.934813855261424,37.007823946893836,158.81824697478916,230.80836633984697,6.029861796643633,24.0,1.500218009323806,main,
200/200/150/150/100/100/50/50,0.9,30.0,3.0,0.2,1,,0.2,12.0,steady,greedy+lc,2,24431,45.827025058895615,38.00997726198396,160.6692005194902,218.34720929254456,6.210142851295485,24.0,1.3502605925799422,main,
200/200/150/150/100/100/50/50,0.9,30.0,3.0,0.2,1,,0.2,12.0,steady,greedy+lc,3,24221,44.04532656209789,36.60193612459395,153.28246991596436,223.29824352737617,5.938441847983155,23.0,1.4597822296222414,main,
200/200/150/150/100/100/50/50,0.9,30.0,3.0,0.2,1,,0.2,12.0,steady,greedy+lc,4,24358,45.54224048814776,38.357942923941124,156.1988062063663,232.17242058509046,6.065892109368585,22.0,1.4440471302994045,main,
200/200/150/150/100/100/50/50,0.9,30.0,3.0,0.2,1,,0.2,12.0,steady,greedy+lc,5,24518,45.922837636647905,38.78851548942741,159.51785228806057,237.66034792382231,6.277959050493515,23.0,1.3701992053840029,main,
200/200/150/150/100/100/50/50,0.9,30.0,3.0,0.2,1,,0.2,12.0,steady,greedy+lc,6,24384,44.01938889053322,37.26945711069796,160.0685923274686,205.2012380027306,5.769028871391076,22.0,1.4037330201429805,main,
200/200/150/150/100/100/50/50,0.9,30.0,3.0,0.2,1,,0.2,12.0,steady,greedy+lc,7,24123,39.404602486069656,32.23483398559601,140.70724148769963,219.38987383163462,5.145379927869668,22.0,1.4328725202215158,main,
200/200/150/150/100/100/50/50,0.9,30.0,3.0,0.2,1,,0.2,12.0,steady,greedy+lc,8,24435,43.674719928929,36.14957668046159,159.58836287499125,211.05297909029596,5.928340495191324,23.0,1.4014252289187823,main,
200/200/150/150/100/100/50/50,0.9,30.0,3.0,0.2,1,,0.2,12.0,steady,greedy+lc,9,24387,45.413144607249095,36.74837373850082,162.3426225686914,245.45941998970366,6.101119448886702,24.0,1.4044246782281067,main,
200/200/150/150/100/100/50/50,0.9,30.0,3.0,0.2,1,,0.2,12.0,steady,jsq,0,24557,568.002726246377,389.99049288420906,3253.020335888306,3839.64041420149,64.51700126236918,170.4399999999987,32.055932941420345,main,
200/200/150/150/100/100/50/50,0.9,30.0,3.0,0.2,1,,0.2,12.0,steady,jsq,1,24312,537.9689294109086,344.8869735965747,3030.491795609889,3729.5236026903344,60.48288910825929,171.0,30.397163738750248,main,
200/200/150/150/100/100/50/50,0.9,30.0,3.0,0.2,1,,0.2,12.0,steady,jsq,2,24431,483.50704607922717,302.21535047995474,2896.173343145684,3608.924826664985,56.00221030657771,168.0,28.779310902419574,main,
200/200/150/150/100/100/50/50,0.9,30.0,3.0,0.2,1,,0.2,12.0,steady,jsq,3,24221,491.0337522090317,318.28032196016665,3053.30335137431,3685.5535094635234,56.175921720820774,164.0,28.68993307030367,main,
200/200/150/150/100/100/50/50,0.9,30.0,3.0,0.2,1,,0.2,12.0,steady,jsq,4,24358,540.8195824998251,349.5402317121261,3160.879603060219,3924.2708400727197,61.25638393956811,169.4300000000003,30.88326864861447,main,
200/200/150/150/100/100/50/50,0.9,30.0,3.0,0.2,1,,0.2,12.0,steady,jsq,5,24518,491.65540057146006,338.74301259820317,2869.438657075171,3599.215409029105,59.63377926421405,167.0,30.042284260475476,main,
200/200/150/150/100/100/50/50,0.9,30.0,3.0,0.2,1,,0.2,12.0,steady,jsq,6,24384,521.9872565441013,357.01028551635443,2937.14955283854,3786.7514390294104,60.13102854330709,168.0,30.49504133089685,main,
200/200/150/150/100/100/50/50,0.9,30.0,3.0,0.2,1,,0.2,12.0,steady,jsq,7,24123,478.5124969020268,282.92381561151814,3138.1442052502607,3986.0977838085846,53.49583385151101,163.0,27.58536984119143,main,
200/200/150/150/100/100/50/50,0.9,30.0,3.0,0.2,1,,0.2,12.0,steady,jsq,8,24435,516.1495884377806,344.38466874689675,3071.2285228770706,3890.6130039088534,59.349744219357476,166.0,30.22251131743569,main,
200/200/150/150/100/100/50/50,0.9,30.0,3.0,0.2,1,,0.2,12.0,steady,jsq,9,24387,542.8249831882893,387.376126110226,3151.5319568357304,3943.5731320612354,64.11899782671095,174.0,31.98046073749372,main,
200/200/150/150/100/100/50/50,0.9,30.0,3.0,0.2,1,,0.2,12.0,steady,jsq+lc,0,24557,100.44712565251727,46.986755196658514,664.6370223897922,835.9702156152819,8.134951337704116,28.0,1.337546741605264,main,
200/200/150/150/100/100/50/50,0.9,30.0,3.0,0.2,1,,0.2,12.0,steady,jsq+lc,1,24312,90.6165053804553,40.28269353869973,556.9967774412112,693.7541197875282,7.2529615004935835,26.0,1.2643393140991175,main,
200/200/150/150/100/100/50/50,0.9,30.0,3.0,0.2,1,,0.2,12.0,steady,jsq+lc,2,24431,93.53140749611309,39.57995504517964,620.980368963924,809.199131332198,7.311448569440465,26.0,1.2879349798971653,main,
200/200/150/150/100/100/50/50,0.9,30.0,3.0,0.2,1,,0.2,12.0,steady,jsq+lc,3,24221,87.53530107804774,38.71958052221913,598.847144789016,745.1101098855578,6.79422814912679,25.0,1.179099873536365,main,
200/200/150/150/100/100/50/50,0.9,30.0,3.0,0.2,1,,0.2,12.0,steady,jsq+lc,4,24358,95.00327605372715,42.423776051842665,605.7113726086195,747.6766864666386,7.476516955415058,26.0,1.26339067236486,main,
200/200/150/150/100/100/50/50,0.9,30.0,3.0,0.2,1,,0.2,12.0,steady,jsq+lc,5,24518,96.21407570000123,43.14887043978288,608.5409077668178,855.407895451063,7.57896239497512,26.0,1.3184543185038957,main,
200/200/150/150/100/100/50/50,0.9,30.0,3.0,0.2,1,,0.2,12.0,steady,jsq+lc,6,24384,96.65035241413015,42.394332740684604,593.3987388726155,766.5596334193227,7.584194553805775,26.0,1.3075235197514292,main,
200/200/150/150/100/100/50/50,0.9,30.0,3.0,0.2,1,,0.2,12.0,steady,jsq+lc,7,24123,85.26430358931921,34.44060969819063,587.2369296717234,772.3608189434186,6.496372756290677,25.0,1.1660579715616906,main,
200/200/150/150/100/100/50/50,0.9,30.0,3.0,0.2,1,,0.2,12.0,steady,jsq+lc,8,24435,91.47777521862565,39.110255959363016,594.5649733752779,780.5441014808373,7.152649887456517,25.0,1.2320189483604462,main,
200/200/150/150/100/100/50/50,0.9,30.0,3.0,0.2,1,,0.2,12.0,steady,jsq+lc,9,24387,94.62580352026863,42.18024395603592,586.6805820960159,706.9140390028543,7.456841759954074,26.0,1.2898436996021867,main,
200/200/150/150/100/100/50/50,0.9,30.0,3.0,0.2,1,,0.2,12.0,steady,p2c,0,24557,109.67589898120991,62.026218078846895,609.1572610944046,868.3910540171266,9.947469153398217,33.0,2.5268158301342623,main,
200/200/150/150/100/100/50/50,0.9,30.0,3.0,0.2,1,,0.2,12.0,steady,p2c,1,24312,103.16568173449124,56.719358514039975,617.5797446513209,844.8642828127039,9.298700230338927,30.0,2.56501662419811,main,
200/200/150/150/100/100/50/50,0.9,30.0,3.0,0.2,1,,0.2,12.0,steady,p2c,2,24431,101.95215409700063,56.25383770142278,576.4879408361479,779.6238042022179,9.230281200114609,29.0,2.4446944446059895,main,
200/200/150/150/100/100/50/50,0.9,30.0,3.0,0.2,1,,0.2,12.0,steady,p2c,3,24221,102.32640018255843,58.126153526202984,605.5288660821321,801.0553717165178,9.213327277981916,28.0,2.5740922645094213,main,
200/200/150/150/100/100/50/50,0.9,30.0,3.0,0.2,1,,0.2,12.0,steady,p2c,4,24358,109.49275872019096,58.0103876517315,613.4197241968415,887.6072913732195,9.706051399950734,31.0,2.3862510352419877,main,
200/200/150/150/100/100/50/50,0.9,30.0,3.0,0.2,1,,0.2,12.0,steady,p2c,5,24518,106.6465147804883,57.816510287985956,608.7068081159844,894.3256333100554,9.633656905130925,31.0,2.6318878867848694,main,
200/200/150/150/100/100/50/50,0.9,30.0,3.0,0.2,1,,0.2,12.0,steady,p2c,6,24384,107.70631612202412,58.27451248643456,660.0684714015421,866.9036849604287,9.472563976377952,29.0,2.4466251321404364,main,
200/200/150/150/100/100/50/50,0.9,30.0,3.0,0.2,1,,0.2,12.0,steady,p2c,7,24123,94.51401969975149,47.86718078956653,584.0262460497438,849.515670653513,8.308046262902623,28.0,2.4489880701447486,main,
200/200/150/150/100/100/50/50,0.9,30.0,3.0,0.2,1,,0.2,12.0,steady,p2c,8,24435,106.69781830378,59.61059487979092,626.132219386819,869.3889116536795,9.598240229179456,30.0,2.4376239824883825,main,
200/200/150/150/100/100/50/50,0.9,30.0,3.0,0.2,1,,0.2,12.0,steady,p2c,9,24387,111.06837845498629,63.370363929207585,594.6729569244956,942.4089913153738,10.196662156066758,32.0,2.6052064245941056,main,
200/200/150/150/100/100/50/50,0.9,30.0,3.0,0.2,1,,0.2,12.0,steady,p2c_learned,0,24557,79.1191815406733,62.33053396005772,339.96314929224127,927.2040813293969,9.784094148308018,32.0,2.130914909024847,main,
200/200/150/150/100/100/50/50,0.9,30.0,3.0,0.2,1,,0.2,12.0,steady,p2c_learned,1,24312,68.74784515488136,51.0099504962751,310.06869616889713,1002.2522818899375,8.368418887792037,31.0,2.0801976896919934,main,
200/200/150/150/100/100/50/50,0.9,30.0,3.0,0.2,1,,0.2,12.0,steady,p2c_learned,2,24431,68.26116858178975,54.77424291192712,306.00996344107756,428.76819628571997,8.531742458352094,27.0,1.9593927652244012,main,
200/200/150/150/100/100/50/50,0.9,30.0,3.0,0.2,1,,0.2,12.0,steady,p2c_learned,3,24221,66.32901009293121,52.86012901056836,258.6205207016541,484.056797806293,8.234837537673918,27.0,2.0894429096572753,main,
200/200/150/150/100/100/50/50,0.9,30.0,3.0,0.2,1,,0.2,12.0,steady,p2c_learned,4,24358,69.93652874707237,56.09979641669849,275.450607994557,446.2994749896059,8.610353887839723,27.0,2.0900150559343125,main,
200/200/150/150/100/100/50/50,0.9,30.0,3.0,0.2,1,,0.2,12.0,steady,p2c_learned,5,24518,72.14980537109197,53.76946420345985,319.4286204261597,1120.0212197368735,8.757484297250999,29.0,2.0828778910803263,main,
200/200/150/150/100/100/50/50,0.9,30.0,3.0,0.2,1,,0.2,12.0,steady,p2c_learned,6,24384,68.62343888719073,54.74502763901157,284.0523680393193,410.9981601843348,8.421300853018373,26.0,2.036272213002025,main,
200/200/150/150/100/100/50/50,0.9,30.0,3.0,0.2,1,,0.2,12.0,steady,p2c_learned,7,24123,65.31499969548884,50.61734196045364,278.59256623032934,438.952318762593,8.146043195290801,26.0,1.8830523193880218,main,
200/200/150/150/100/100/50/50,0.9,30.0,3.0,0.2,1,,0.2,12.0,steady,p2c_learned,8,24435,66.75415898819826,52.791671633063864,263.4653384604956,428.4648457776956,8.34622467771639,27.0,1.9852893885265501,main,
200/200/150/150/100/100/50/50,0.9,30.0,3.0,0.2,1,,0.2,12.0,steady,p2c_learned,9,24387,73.43773383493496,60.23690142406579,278.472836412627,441.0133687416768,9.23619141345799,28.0,1.9968282350434237,main,
200/200/150/150/100/100/50/50,0.9,30.0,3.0,0.2,1,,0.2,12.0,steady,sed,0,24557,641.226186322976,508.87692216999625,3146.364915990664,3762.5724336846333,78.38111332817526,174.0,38.22042384716674,main,
200/200/150/150/100/100/50/50,0.9,30.0,3.0,0.2,1,,0.2,12.0,steady,sed,1,24312,598.5796056390033,469.4218031454529,2982.79390621126,3551.8900382666993,72.70516617308326,168.0,36.46295272601671,main,
200/200/150/150/100/100/50/50,0.9,30.0,3.0,0.2,1,,0.2,12.0,steady,sed,2,24431,605.4089428239774,463.51243531572806,3236.012391150773,3980.1984592499853,73.48884613810323,176.0,36.404826210176424,main,
200/200/150/150/100/100/50/50,0.9,30.0,3.0,0.2,1,,0.2,12.0,steady,sed,3,24221,588.0066976711089,463.0737758164436,3002.8836440186865,3620.2596231844987,72.48367119441806,167.0,37.40922774301208,main,
200/200/150/150/100/100/50/50,0.9,30.0,3.0,0.2,1,,0.2,12.0,steady,sed,4,24358,618.6721261150487,486.29641505441424,2948.450098975192,3753.4014783003927,75.47577797848756,170.0,37.35951562529962,main,
200/200/150/150/100/100/50/50,0.9,30.0,3.0,0.2,1,,0.2,12.0,steady,sed,5,24518,616.9392951851165,480.7123020283495,3038.7952523780136,3617.697008699546,73.89946162003426,170.0,38.061506313015585,main,
200/200/150/150/100/100/50/50,0.9,30.0,3.0,0.2,1,,0.2,12.0,steady,sed,6,24384,606.1993507791078,485.46869838841957,2831.569082724628,3742.349381791118,74.57755085301837,171.0,37.40917656967059,main,
200/200/150/150/100/100/50/50,0.9,30.0,3.0,0.2,1,,0.2,12.0,steady,sed,7,24123,589.3732577369879,461.7953462241227,3020.399963588563,3712.369928904499,72.61426854039713,166.0,37.429648361401206,main,
200/200/150/150/100/100/50/50,0.9,30.0,3.0,0.2,1,,0.2,12.0,steady,sed,8,24435,617.5344461454589,486.75184854359975,3060.8356733231585,3543.9534843614247,75.07530182115818,169.65999999999985,37.710416043475554,main,
200/200/150/150/100/100/50/50,0.9,30.0,3.0,0.2,1,,0.2,12.0,steady,sed,9,24387,617.4423228148755,482.5374228508998,3040.590983917113,3616.864390594817,74.9071226473121,167.0,38.28148176116308,main,
200/200/150/150/100/100/50/50,0.9,30.0,3.0,0.2,1,,0.2,12.0,steady,ts,0,24557,2301.1842284866416,1898.099530240639,12413.710495133408,14506.853535562934,321.5251863012583,1201.4399999999987,38.99992867525151,main,
200/200/150/150/100/100/50/50,0.9,30.0,3.0,0.2,1,,0.2,12.0,steady,ts,1,24312,1838.9822959167286,1389.6156469806228,16602.80679075305,18794.688378741343,229.9999588680487,815.8899999999994,36.4997910521838,main,
200/200/150/150/100/100/50/50,0.9,30.0,3.0,0.2,1,,0.2,12.0,steady,ts,2,24431,2378.847970987644,1316.3793303187213,22302.44060542474,25837.36816830816,265.19282878310344,1518.0,38.201625010691345,main,
200/200/150/150/100/100/50/50,0.9,30.0,3.0,0.2,1,,0.2,12.0,steady,ts,3,24221,2700.3776594056367,1267.201904173315,23975.17572151492,27624.31190304058,290.153668304364,1390.7999999999993,37.99030360159652,main,
200/200/150/150/100/100/50/50,0.9,30.0,3.0,0.2,1,,0.2,12.0,steady,ts,4,24358,7433.876269019319,2468.98030979709,54197.850974242436,58472.186404794214,564.4543476475901,2629.4300000000003,39.06595790279469,main,
200/200/150/150/100/100/50/50,0.9,30.0,3.0,0.2,1,,0.2,12.0,steady,ts,5,24518,4772.825708238859,2874.344566173326,36792.348583068066,40608.85852699917,495.60861407945185,1912.829999999998,38.97741767730922,main,
200/200/150/150/100/100/50/50,0.9,30.0,3.0,0.2,1,,0.2,12.0,steady,ts,6,24384,5525.697724178514,1075.2982655104652,51412.90131242411,55537.57760824569,381.3402641076116,2523.1699999999983,39.21667951566653,main,
200/200/150/150/100/100/50/50,0.9,30.0,3.0,0.2,1,,0.2,12.0,steady,ts,7,24123,1889.1374341208962,1297.91884956461,11380.123939988427,13464.859904257286,256.80255357957134,1022.7799999999988,37.95536532238968,main,
200/200/150/150/100/100/50/50,0.9,30.0,3.0,0.2,1,,0.2,12.0,steady,ts,8,24435,1681.2475990322378,1093.6942162035575,17754.990145239448,21616.881452709753,196.60564763658687,857.6599999999999,36.12099680890964,main,
200/200/150/150/100/100/50/50,0.9,30.0,3.0,0.2,1,,0.2,12.0,steady,ts,9,24387,3151.6492078194115,1191.5930321492283,37532.07749521304,41211.857783660525,286.79616188953133,1904.1399999999994,38.24268673302444,main,
200/200/150/150/100/100/50/50,0.9,30.0,3.0,0.2,1,,0.2,12.0,steady,ts+lc,0,24557,47.70460620874143,40.11952903001159,170.10655153652883,227.470479888721,6.3063077737508655,24.0,1.645397606757623,main,
200/200/150/150/100/100/50/50,0.9,30.0,3.0,0.2,1,,0.2,12.0,steady,ts+lc,1,24312,43.274299184314295,35.5209927231015,160.3708169518135,239.92765975236887,5.738976637051662,22.0,1.4456429226908614,main,
200/200/150/150/100/100/50/50,0.9,30.0,3.0,0.2,1,,0.2,12.0,steady,ts+lc,2,24431,42.106020433913194,34.531319882081135,151.14250495929647,232.56262333552306,5.639310711800581,22.0,1.3269415200230337,main,
200/200/150/150/100/100/50/50,0.9,30.0,3.0,0.2,1,,0.2,12.0,steady,ts+lc,3,24221,42.896698782936795,36.034746327541,154.54187143258332,234.0109019076504,5.698443499442632,22.0,1.4989423985755388,main,
200/200/150/150/100/100/50/50,0.9,30.0,3.0,0.2,1,,0.2,12.0,steady,ts+lc,4,24358,45.32558799847347,37.193567774838954,166.35743009828136,245.87800865349513,5.9114869857952215,23.0,1.534599514987642,main,
200/200/150/150/100/100/50/50,0.9,30.0,3.0,0.2,1,,0.2,12.0,steady,ts+lc,5,24518,43.84065828049242,36.20451321794693,156.9402419569553,226.25448799713664,5.8043886124479975,23.0,1.4114011111751945,main,
200/200/150/150/100/100/50/50,0.9,30.0,3.0,0.2,1,,0.2,12.0,steady,ts+lc,6,24384,47.19086017371367,39.369517664006096,171.13827907353544,227.36285929084696,6.316067913385827,24.0,1.5734454473034387,main,
200/200/150/150/100/100/50/50,0.9,30.0,3.0,0.2,1,,0.2,12.0,steady,ts+lc,7,24123,43.769216947986074,36.01194568987509,156.0139867740142,200.5245412583103,5.91161961613398,23.0,1.3582719433971737,main,
200/200/150/150/100/100/50/50,0.9,30.0,3.0,0.2,1,,0.2,12.0,steady,ts+lc,8,24435,42.92949055965165,34.93679808026329,161.05753183460408,231.39655828291376,5.6433803969715575,22.659999999999854,1.4287483708691056,main,
200/200/150/150/100/100/50/50,0.9,30.0,3.0,0.2,1,,0.2,12.0,steady,ts+lc,9,24387,48.14809459053626,39.37389066440389,174.99548173854058,277.62953432301424,6.500963628162546,25.0,1.5555882769727678,main,
200/200/150/150/100/100/50/50,0.9,30.0,3.0,0.2,1,,0.2,12.0,steady,ts_epoch,0,24557,723.1107313345611,564.3871231294302,4538.825147482833,7473.568302411725,98.85091827177587,280.0,23.854854873534638,main,
200/200/150/150/100/100/50/50,0.9,30.0,3.0,0.2,1,,0.2,12.0,steady,ts_epoch,1,24312,595.1189453826058,502.05063258994187,2183.0678515978407,2652.62261660954,89.35237742678513,254.0,22.287391071530905,main,
200/200/150/150/100/100/50/50,0.9,30.0,3.0,0.2,1,,0.2,12.0,steady,ts_epoch,2,24431,554.9613064951938,421.64666473173185,2820.4359435432907,4606.4790722266725,77.29257910032337,234.0,21.497004598890335,main,
200/200/150/150/100/100/50/50,0.9,30.0,3.0,0.2,1,,0.2,12.0,steady,ts_epoch,3,24221,542.081280782228,335.2560425182993,5671.142899459036,9652.80067822487,68.8665620742331,351.0,20.246253307496946,main,
200/200/150/150/100/100/50/50,0.9,30.0,3.0,0.2,1,,0.2,12.0,steady,ts_epoch,4,24358,514.5874220400128,392.83929600868635,1954.507924858334,3599.934558985657,71.76077674685935,226.0,23.33652093875353,main,
200/200/150/150/100/100/50/50,0.9,30.0,3.0,0.2,1,,0.2,12.0,steady,ts_epoch,5,24518,2014.2088998687482,541.4010223988903,31643.32534745675,35738.164946099736,157.3629578269027,1635.829999999998,26.602522251473147,main,
200/200/150/150/100/100/50/50,0.9,30.0,3.0,0.2,1,,0.2,12.0,steady,ts_epoch,6,24384,573.6607293436284,442.0758752774994,2447.518843279779,4265.393244447487,80.35789862204724,238.0,24.543900910910033,main,
200/200/150/150/100/100/50/50,0.9,30.0,3.0,0.2,1,,0.2,12.0,steady,ts_epoch,7,24123,714.4041282937378,539.3136909952681,4849.6067287803735,6626.320702829801,98.71898188450857,429.77999999999884,24.556939884823024,main,
200/200/150/150/100/100/50/50,0.9,30.0,3.0,0.2,1,,0.2,12.0,steady,ts_epoch,8,24435,374.21658012992754,260.50254805217673,1731.722925035382,2391.3050446181855,52.444935543278085,199.0,17.121145931080502,main,
200/200/150/150/100/100/50/50,0.9,30.0,3.0,0.2,1,,0.2,12.0,steady,ts_epoch,9,24387,632.1815973460576,507.77253320793926,2449.592621456627,4308.706482786781,87.32447615532865,237.0,24.11854495723805,main,
200/200/150/150/100/100/50/50,0.9,30.0,3.0,0.2,1,,0.2,12.0,steady,wrandom,0,24557,88.19104014866774,55.360753071131086,419.4601577293773,528.4747661891201,10.444516838376023,48.0,0.9988200395791524,main,
200/200/150/150/100/100/50/50,0.9,30.0,3.0,0.2,1,,0.2,12.0,steady,wrandom,1,24312,80.44470616597994,48.575266714948384,581.1554627146406,966.9234983501742,9.18381869035867,41.0,1.0113217213585342,main,
200/200/150/150/100/100/50/50,0.9,30.0,3.0,0.2,1,,0.2,12.0,steady,wrandom,2,24431,83.7437926420025,50.7308558951971,555.034064189779,793.7082593319213,9.465883508657035,39.0,1.026224524790417,main,
200/200/150/150/100/100/50/50,0.9,30.0,3.0,0.2,1,,0.2,12.0,steady,wrandom,3,24221,82.75217655396737,50.81063646641937,598.0661581404704,753.8971348671228,9.300152760001652,45.0,0.9863427159317741,main,
200/200/150/150/100/100/50/50,0.9,30.0,3.0,0.2,1,,0.2,12.0,steady,wrandom,4,24358,87.69889189758634,57.26840873498773,447.0838066985361,655.7791297292584,9.957016175383858,39.0,1.024362041077479,main,
200/200/150/150/100/100/50/50,0.9,30.0,3.0,0.2,1,,0.2,12.0,steady,wrandom,5,24518,71.44903341182558,48.59412279379471,312.15818250564894,370.60771216865254,8.496410800228404,35.0,1.0012184399899615,main,
200/200/150/150/100/100/50/50,0.9,30.0,3.0,0.2,1,,0.2,12.0,steady,wrandom,6,24384,76.53796967580347,53.45429268693502,334.12652439893867,474.97039799760375,9.367372047244094,47.0,0.98605894161754,main,
200/200/150/150/100/100/50/50,0.9,30.0,3.0,0.2,1,,0.2,12.0,steady,wrandom,7,24123,69.56762557448342,43.01276341491089,420.15299172760047,575.2309509385501,7.812046594536334,37.0,0.9788886728669229,main,
200/200/150/150/100/100/50/50,0.9,30.0,3.0,0.2,1,,0.2,12.0,steady,wrandom,8,24435,77.15042182748694,51.53266225221387,400.6113978917829,769.2903510228518,8.846777163904235,36.0,1.011836190368685,main,
200/200/150/150/100/100/50/50,0.9,30.0,3.0,0.2,1,,0.2,12.0,steady,wrandom,9,24387,84.75837292705707,51.021648299201416,433.1366779249966,612.031235661495,10.05531635707549,53.0,0.9990744673209933,main,
200/200/150/150/100/100/50/50,0.9,30.0,3.0,0.2,4,,0.2,12.0,steady,greedy,0,24557,1598.704878363109,253.47611913347555,22595.50906665643,24248.635513458128,115.51134096184387,1143.4399999999987,13.94368136829677,main,
200/200/150/150/100/100/50/50,0.9,30.0,3.0,0.2,4,,0.2,12.0,steady,greedy,1,24312,717.3614567147639,266.4661813162681,11331.001909386621,14940.393382929402,65.01340901612373,563.0,13.289173516122641,main,
200/200/150/150/100/100/50/50,0.9,30.0,3.0,0.2,4,,0.2,12.0,steady,greedy,2,24431,1165.5779891268933,446.2162808869614,13668.169503916319,16452.47446790551,119.02349474028898,1081.7000000000007,15.715573935893463,main,
200/200/150/150/100/100/50/50,0.9,30.0,3.0,0.2,4,,0.2,12.0,steady,greedy,3,24221,470.71708767617207,293.93790729084657,4638.229297346552,5635.886619958403,60.289294413938315,428.7999999999993,12.98010147857122,main,
200/200/150/150/100/100/50/50,0.9,30.0,3.0,0.2,4,,0.2,12.0,steady,greedy,4,24358,1203.1001883908048,360.98914601249635,20832.690026818917,24303.4480116674,97.17653337712456,1029.0,14.30592306960457,main,
200/200/150/150/100/100/50/50,0.9,30.0,3.0,0.2,4,,0.2,12.0,steady,greedy,5,24518,1204.641911053363,328.6821240327438,17029.937639484295,20399.842006876286,105.31980585692145,946.8299999999981,15.511588324118257,main,
200/200/150/150/100/100/50/50,0.9,30.0,3.0,0.2,4,,0.2,12.0,steady,greedy,6,24384,1404.2743021640301,305.43056206589193,24299.998661721616,27472.592668940943,103.29367618110236,1223.1699999999983,13.624260156412172,main,
200/200/150/150/100/100/50/50,0.9,30.0,3.0,0.2,4,,0.2,12.0,steady,greedy,7,24123,2303.732341553126,334.86362200859077,37507.187703885174,41062.97156424795,149.7037267338225,1835.7799999999988,15.281997796975173,main,
200/200/150/150/100/100/50/50,0.9,30.0,3.0,0.2,4,,0.2,12.0,steady,greedy,8,24435,304.19186019708087,251.92454424501776,1112.5391963510995,1668.8802559286437,44.55678330263966,159.0,13.410144858421615,main,
200/200/150/150/100/100/50/50,0.9,30.0,3.0,0.2,4,,0.2,12.0,steady,greedy,9,24387,3029.705272851651,362.0948485554667,41706.3182235553,44712.0537696819,185.94599581744373,2107.0,12.706496866500611,main,
200/200/150/150/100/100/50/50,0.9,30.0,3.0,0.2,4,,0.2,12.0,steady,greedy+lc,0,24557,70.5770870858941,56.282376486532115,264.7137216294199,370.12034782504105,9.834059534959483,38.0,2.948582141115107,main,
200/200/150/150/100/100/50/50,0.9,30.0,3.0,0.2,4,,0.2,12.0,steady,greedy+lc,1,24312,58.94356411551429,47.501309367204314,224.3501566471254,289.5526914339687,8.048617966436328,36.0,2.670003588519314,main,
200/200/150/150/100/100/50/50,0.9,30.0,3.0,0.2,4,,0.2,12.0,steady,greedy+lc,2,24431,54.902452086858865,46.24958397846868,191.9331694769512,264.8581012145897,7.573533625312104,30.0,2.3787076753555048,main,
200/200/150/150/100/100/50/50,0.9,30.0,3.0,0.2,4,,0.2,12.0,steady,greedy+lc,3,24221,66.44023414722574,52.98811387774194,242.01040379579388,340.1586203609289,9.227282110565213,37.0,3.37326389868558,main,
200/200/150/150/100/100/50/50,0.9,30.0,3.0,0.2,4,,0.2,12.0,steady,greedy+lc,4,24358,74.77446860145199,63.43336220516704,262.0485680789558,358.79414921733013,10.549798834058626,39.0,2.859599104684947,main,
200/200/150/150/100/100/50/50,0.9,30.0,3.0,0.2,4,,0.2,12.0,steady,greedy+lc,5,24518,70.40621870052864,57.87123803297067,277.87013324190065,400.0487212236837,10.061628191532751,47.0,3.2731756336234588,main,
200/200/150/150/100/100/50/50,0.9,30.0,3.0,0.2,4,,0.2,12.0,steady,greedy+lc,6,24384,58.98688078167369,47.69350971557351,224.96767649348928,344.1550934103176,7.927329396325459,32.0,2.568423332324661,main,
200/200/150/150/100/100/50/50,0.9,30.0,3.0,0.2,4,,0.2,12.0,steady,greedy+lc,7,24123,63.994291863892904,51.740114421606975,251.9230278021084,429.93111975836786,9.052563943124818,37.0,2.917044840356685,main,
200/200/150/150/100/100/50/50,0.9,30.0,3.0,0.2,4,,0.2,12.0,steady,greedy+lc,8,24435,59.321451052748856,48.67636195864655,211.0544951201817,322.5273173086551,8.146265602619193,33.0,2.730758018633031,main,
200/200/150/150/100/100/50/50,0.9,30.0,3.0,0.2,4,,0.2,12.0,steady,greedy+lc,9,24387,69.9580059123054,58.17433444226339,262.93903788084725,348.53962176048907,9.818550867265346,38.0,3.282407621212885,main,
200/200/150/150/100/100/50/50,0.9,30.0,3.0,0.2,4,,0.2,12.0,steady,jsq,0,24557,556.5912520992529,369.90961791354505,3176.7516608956007,3718.0786118983256,62.82062141141019,171.0,31.181815156190712,main,
200/200/150/150/100/100/50/50,0.9,30.0,3.0,0.2,4,,0.2,12.0,steady,jsq,1,24312,526.6776629350397,338.5715642395386,3178.661471363068,4081.313534519842,59.18373642645607,171.0,29.888478096427647,main,
200/200/150/150/100/100/50/50,0.9,30.0,3.0,0.2,4,,0.2,12.0,steady,jsq,2,24431,474.8469020184763,314.4331936457228,2834.0036179798412,3535.095960003961,56.437599770783024,166.0,28.736582395208032,main,
200/200/150/150/100/100/50/50,0.9,30.0,3.0,0.2,4,,0.2,12.0,steady,jsq,3,24221,445.71316320746456,285.84384134352445,2682.832681718289,3427.6450986161094,51.7606622352504,162.0,26.540331557673845,main,
200/200/150/150/100/100/50/50,0.9,30.0,3.0,0.2,4,,0.2,12.0,steady,jsq,4,24358,523.0570128610653,322.77581885002957,3245.793007988946,4032.7139001036257,57.846949667460386,172.0,29.12920693490237,main,
200/200/150/150/100/100/50/50,0.9,30.0,3.0,0.2,4,,0.2,12.0,steady,jsq,5,24518,519.5969487217872,334.56217121199484,3237.87759882553,3885.029808873886,59.59234032139653,174.0,29.60064031062044,main,
200/200/150/150/100/100/50/50,0.9,30.0,3.0,0.2,4,,0.2,12.0,steady,jsq,6,24384,531.2262332212647,349.74550791930085,3240.0400796077724,4283.220183441728,59.5375656167979,168.0,29.965617013113622,main,
200/200/150/150/100/100/50/50,0.9,30.0,3.0,0.2,4,,0.2,12.0,steady,jsq,7,24123,479.5683793815078,310.64340808779,2810.4792617906996,3744.3995030029773,55.67305061559507,163.0,28.610509217771284,main,
200/200/150/150/100/100/50/50,0.9,30.0,3.0,0.2,4,,0.2,12.0,steady,jsq,8,24435,529.9466729021021,347.5242659570732,3196.813774980883,3953.4591038704452,59.792879066912214,164.0,30.392752044127498,main,
200/200/150/150/100/100/50/50,0.9,30.0,3.0,0.2,4,,0.2,12.0,steady,jsq,9,24387,543.3175757837132,339.66627628053914,3235.1688471466555,4050.6617049991974,59.826669947102964,165.0,30.3626244218185,main,
200/200/150/150/100/100/50/50,0.9,30.0,3.0,0.2,4,,0.2,12.0,steady,jsq+lc,0,24557,159.0296790676366,116.22459416681252,765.76135378784,1203.3246090491737,17.465610620189764,51.0,9.17570105673098,main,
200/200/150/150/100/100/50/50,0.9,30.0,3.0,0.2,4,,0.2,12.0,steady,jsq+lc,1,24312,146.71610104348133,102.89746827514001,716.8834091259112,1067.9526302142558,16.03734781178019,51.0,8.607538265893883,main,
200/200/150/150/100/100/50/50,0.9,30.0,3.0,0.2,4,,0.2,12.0,steady,jsq+lc,2,24431,141.8096304164954,100.05335338612298,739.8988110461975,1084.0373049575928,15.543121444066964,48.0,8.530519471490162,main,
200/200/150/150/100/100/50/50,0.9,30.0,3.0,0.2,4,,0.2,12.0,steady,jsq+lc,3,24221,135.16611605401465,95.17136498847556,644.2731391260459,977.20923467684,14.548697411337269,45.0,7.857970704261248,main,
200/200/150/150/100/100/50/50,0.9,30.0,3.0,0.2,4,,0.2,12.0,steady,jsq+lc,4,24358,153.27514645552148,108.28305647501591,773.9717262924273,1176.382536579423,16.64742589703588,52.0,8.678135861379733,main,
200/200/150/150/100/100/50/50,0.9,30.0,3.0,0.2,4,,0.2,12.0,steady,jsq+lc,5,24518,155.95346955717906,104.1849201332723,874.4813715305346,1247.260485962634,16.69887429643527,53.0,8.783806973796185,main,
200/200/150/150/100/100/50/50,0.9,30.0,3.0,0.2,4,,0.2,12.0,steady,jsq+lc,6,24384,155.62601465662036,108.5709332466731,746.1047681908767,1147.6370437909677,16.84879429133858,53.0,8.9432983918031,main,
200/200/150/150/100/100/50/50,0.9,30.0,3.0,0.2,4,,0.2,12.0,steady,jsq+lc,7,24123,135.04846903587318,92.29034688069682,724.078280224431,1090.2002704556692,14.532562284956265,48.0,7.869756902387772,main,
200/200/150/150/100/100/50/50,0.9,30.0,3.0,0.2,4,,0.2,12.0,steady,jsq+lc,8,24435,149.22057495371408,102.07259895698151,813.7416932114884,1467.5281123860766,16.316144874155924,54.0,8.757330328379481,main,
200/200/150/150/100/100/50/50,0.9,30.0,3.0,0.2,4,,0.2,12.0,steady,jsq+lc,9,24387,151.46180767050967,107.97893320146557,725.2663505284478,975.0680414314879,16.558822323369007,52.0,8.855887702894254,main,
200/200/150/150/100/100/50/50,0.9,30.0,3.0,0.2,4,,0.2,12.0,steady,p2c,0,24557,112.89768044089834,61.937608139160716,635.3337792898154,880.4774815472232,10.151850796107016,32.0,2.401770508701643,main,
200/200/150/150/100/100/50/50,0.9,30.0,3.0,0.2,4,,0.2,12.0,steady,p2c,1,24312,104.3415479472366,57.18474888444369,625.6009082043989,769.4982249009278,9.273938795656466,30.0,2.4645817572949236,main,
200/200/150/150/100/100/50/50,0.9,30.0,3.0,0.2,4,,0.2,12.0,steady,p2c,2,24431,104.27227946023162,58.798964598498316,586.8707852958953,797.4200484308809,9.50755188080717,30.0,2.5528815971767425,main,
200/200/150/150/100/100/50/50,0.9,30.0,3.0,0.2,4,,0.2,12.0,steady,p2c,3,24221,98.64373562955882,53.8839820468926,605.7693494684235,874.5017078606033,8.778085132736056,29.0,2.441223898714663,main,
200/200/150/150/100/100/50/50,0.9,30.0,3.0,0.2,4,,0.2,12.0,steady,p2c,4,24358,107.3029584307991,57.73386184994678,626.3111506320964,857.4330719873576,9.581615896214796,30.0,2.4074942208244017,main,
200/200/150/150/100/100/50/50,0.9,30.0,3.0,0.2,4,,0.2,12.0,steady,p2c,5,24518,108.71764976550892,58.565715173021445,647.1958523539898,865.8327316498,9.71282323191125,31.0,2.4555648203765887,main,
200/200/150/150/100/100/50/50,0.9,30.0,3.0,0.2,4,,0.2,12.0,steady,p2c,6,24384,105.62128811807177,57.37562586291656,658.7197385480748,923.3067357868623,9.551878280839896,30.0,2.5395955072322876,main,
200/200/150/150/100/100/50/50,0.9,30.0,3.0,0.2,4,,0.2,12.0,steady,p2c,7,24123,98.47128852026607,52.508433937831,590.3090457122527,776.7401029997495,8.652116237615553,27.0,2.3922813115116885,main,
200/200/150/150/100/100/50/50,0.9,30.0,3.0,0.2,4,,0.2,12.0,steady,p2c,8,24435,103.65812545105364,56.33874186673005,643.1133500260347,985.230925803354,9.254675670145284,30.0,2.439403178811091,main,
200/200/150/150/100/100/50/50,0.9,30.0,3.0,0.2,4,,0.2,12.0,steady,p2c,9,24387,109.0455280547895,61.835806943367544,617.9220165071399,878.6523352703172,9.857793086480502,31.0,2.506806081497528,main,
200/200/150/150/100/100/50/50,0.9,30.0,3.0,0.2,4,,0.2,12.0,steady,p2c_learned,0,24557,70.53335992762833,59.16157712353609,274.9367818583775,435.97609059846155,8.93492690475221,29.0,1.9504016438540255,main,
200/200/150/150/100/100/50/50,0.9,30.0,3.0,0.2,4,,0.2,12.0,steady,p2c_learned,1,24312,55.91268912571778,44.79051432400105,220.27958303311,378.1887529155456,7.004812438302073,24.0,1.6441470071457345,main,
200/200/150/150/100/100/50/50,0.9,30.0,3.0,0.2,4,,0.2,12.0,steady,p2c_learned,2,24431,60.66276854485648,49.39382268894121,230.16496477820277,332.0251711235835,7.75510621751054,25.0,1.811124515857065,main,
200/200/150/150/100/100/50/50,0.9,30.0,3.0,0.2,4,,0.2,12.0,steady,p2c_learned,3,24221,59.372794998647834,49.3146736380492,229.2273290069441,347.79105205291916,7.5766483629907935,25.0,1.8534166825276572,main,
200/200/150/150/100/100/50/50,0.9,30.0,3.0,0.2,4,,0.2,12.0,steady,p2c_learned,4,24358,69.82253157868335,56.59236592093797,264.8910408547225,377.63476536324526,8.782494457673044,29.0,1.7912549390195058,main,
200/200/150/150/100/100/50/50,0.9,30.0,3.0,0.2,4,,0.2,12.0,steady,p2c_learned,5,24518,60.599104806513054,48.65636674679408,224.70142528976243,388.4356650275952,7.528428093645485,25.0,1.8590675046374634,main,
200/200/150/150/100/100/50/50,0.9,30.0,3.0,0.2,4,,0.2,12.0,steady,p2c_learned,6,24384,60.5828653897279,48.897888275749146,232.97269002512755,297.2327521287855,7.5857529527559056,26.0,1.802010435970088,main,
200/200/150/150/100/100/50/50,0.9,30.0,3.0,0.2,4,,0.2,12.0,steady,p2c_learned,7,24123,53.893715384158675,42.14424875086742,219.59963079447496,298.1253649997698,6.649836255855408,23.0,1.6607787986016007,main,
200/200/150/150/100/100/50/50,0.9,30.0,3.0,0.2,4,,0.2,12.0,steady,p2c_learned,8,24435,62.10522198454067,51.829436281026986,219.35631401099687,359.3294219477782,7.869122160834868,26.0,1.8325498800915123,main,
200/200/150/150/100/100/50/50,0.9,30.0,3.0,0.2,4,,0.2,12.0,steady,p2c_learned,9,24387,64.17482063364336,52.40414565075824,234.2131629780361,372.51632454836357,8.124246524787797,26.0,1.8811498639025164,main,
200/200/150/150/100/100/50/50,0.9,30.0,3.0,0.2,4,,0.2,12.0,steady,sed,0,24557,651.9663297707799,508.25736528218715,3182.575006602208,3809.581377900699,77.33074072565867,174.0,38.134852953953036,main,
200/200/150/150/100/100/50/50,0.9,30.0,3.0,0.2,4,,0.2,12.0,steady,sed,1,24312,626.3961611609897,496.21867875447737,2914.675825397422,3582.0461202496817,76.31589338598224,169.0,37.98178110595311,main,
200/200/150/150/100/100/50/50,0.9,30.0,3.0,0.2,4,,0.2,12.0,steady,sed,2,24431,565.9011655443023,440.30416007347384,2806.323720895655,3472.127032421611,70.58630428553886,171.0,35.49257353943071,main,
200/200/150/150/100/100/50/50,0.9,30.0,3.0,0.2,4,,0.2,12.0,steady,sed,3,24221,572.5809287615248,443.8234760085073,2895.2432022045773,3673.873134101175,69.88770075554271,171.0,34.61702986188822,main,
200/200/150/150/100/100/50/50,0.9,30.0,3.0,0.2,4,,0.2,12.0,steady,sed,4,24358,629.2680081020757,495.9075132610042,2974.127933051721,3630.223245056754,76.99474505296001,171.0,38.38441034450815,main,
200/200/150/150/100/100/50/50,0.9,30.0,3.0,0.2,4,,0.2,12.0,steady,sed,5,24518,641.9238025835224,481.199202856704,3305.267907608548,3897.3305703586966,75.30618321233379,174.0,37.867073197544286,main,
200/200/150/150/100/100/50/50,0.9,30.0,3.0,0.2,4,,0.2,12.0,steady,sed,6,24384,621.2216909414641,479.23667135663277,3066.508564616491,3654.253367629891,74.38849245406824,171.0,37.18199006960247,main,
200/200/150/150/100/100/50/50,0.9,30.0,3.0,0.2,4,,0.2,12.0,steady,sed,7,24123,564.4133142747368,463.04752099387514,2635.9910757623857,3386.1398574897726,71.93068855449157,163.0,36.98115410232401,main,
200/200/150/150/100/100/50/50,0.9,30.0,3.0,0.2,4,,0.2,12.0,steady,sed,8,24435,608.7169913011696,467.412397670941,3099.178979572883,3892.727037183446,74.46871291180683,175.0,36.48340497030152,main,
200/200/150/150/100/100/50/50,0.9,30.0,3.0,0.2,4,,0.2,12.0,steady,sed,9,24387,622.8133341537092,475.1642796969833,3061.3055547668378,3564.8755470332558,74.1695575511543,169.0,37.259182150810844,main,
200/200/150/150/100/100/50/50,0.9,30.0,3.0,0.2,4,,0.2,12.0,steady,ts,0,24557,1192.617047628305,698.8313805791329,24314.535340227303,27562.742883452185,133.09964572219732,1167.4399999999987,18.969475739327102,main,
200/200/150/150/100/100/50/50,0.9,30.0,3.0,0.2,4,,0.2,12.0,steady,ts,1,24312,399.8778731080195,318.75483940191174,2490.9605006936044,3576.9422738785133,59.16753043764396,313.0,12.587323979635071,main,
200/200/150/150/100/100/50/50,0.9,30.0,3.0,0.2,4,,0.2,12.0,steady,ts,2,24431,557.5377509391525,350.32194052531906,5192.251362417358,8913.856264851882,77.5245384961729,487.7000000000007,15.165190408563346,main,
200/200/150/150/100/100/50/50,0.9,30.0,3.0,0.2,4,,0.2,12.0,steady,ts,3,24221,448.84007154898444,308.44253011425593,6521.068096525811,7937.433635879502,62.76776351100285,652.0,12.939692113257308,main,
200/200/150/150/100/100/50/50,0.9,30.0,3.0,0.2,4,,0.2,12.0,steady,ts,4,24358,3715.5708243808695,782.3434525513751,32880.39929539334,36973.387245267186,298.31886854421543,2047.0,16.655287613782498,main,
200/200/150/150/100/100/50/50,0.9,30.0,3.0,0.2,4,,0.2,12.0,steady,ts,5,24518,596.4315551493132,386.67357039926566,6153.200176479878,7219.103418812391,80.47405987437801,628.0,13.687375320536013,main,
200/200/150/150/100/100/50/50,0.9,30.0,3.0,0.2,4,,0.2,12.0,steady,ts,6,24384,425.80830575297773,325.3944632814907,2390.912076353247,2805.353588242823,66.36126148293964,474.16999999999825,14.91785716230606,main,
200/200/150/150/100/100/50/50,0.9,30.0,3.0,0.2,4,,0.2,12.0,steady,ts,7,24123,740.7489179634343,380.35941911291,11373.48878377989,14299.078588321223,83.53264519338391,578.7799999999988,13.258663991516821,main,
200/200/150/150/100/100/50/50,0.9,30.0,3.0,0.2,4,,0.2,12.0,steady,ts,8,24435,8636.99024313912,199.09074901707768,73331.41353168015,76523.85491348461,440.8983016165337,3601.66,11.017649099054712,main,
200/200/150/150/100/100/50/50,0.9,30.0,3.0,0.2,4,,0.2,12.0,steady,ts,9,24387,471.27967754101394,372.17288629830847,2644.937332069891,6232.7950899326615,68.55181039078198,322.1399999999994,14.165730176598611,main,
200/200/150/150/100/100/50/50,0.9,30.0,3.0,0.2,4,,0.2,12.0,steady,ts+lc,0,24557,79.10853360216812,69.20344348209184,260.90697894632467,373.6135701593626,11.075497821395121,39.0,3.5417945394233996,main,
200/200/150/150/100/100/50/50,0.9,30.0,3.0,0.2,4,,0.2,12.0,steady,ts+lc,1,24312,66.20601456143737,56.08391506209509,224.87204755236232,320.54560090704285,9.36422342875946,35.0,3.266488704980147,main,
200/200/150/150/100/100/50/50,0.9,30.0,3.0,0.2,4,,0.2,12.0,steady,ts+lc,2,24431,56.730032560642094,45.15103043090285,206.66245292411736,311.2669003208246,7.748720887397159,35.0,2.6188023240546383,main,
200/200/150/150/100/100/50/50,0.9,30.0,3.0,0.2,4,,0.2,12.0,steady,ts+lc,3,24221,59.67194950942352,49.07152926081082,220.73900696103726,296.06746701246834,8.405474588167293,35.0,2.9420563259947157,main,
200/200/150/150/100/100/50/50,0.9,30.0,3.0,0.2,4,,0.2,12.0,steady,ts+lc,4,24358,58.01499110988414,48.74149274642736,202.62558352336313,291.1250231574905,7.951309631332622,30.0,2.2549911346420553,main,
200/200/150/150/100/100/50/50,0.9,30.0,3.0,0.2,4,,0.2,12.0,steady,ts+lc,5,24518,61.33222204143826,52.939543451923754,205.352951139485,270.94798741983277,8.57565869973081,31.0,2.6218764070832563,main,
200/200/150/150/100/100/50/50,0.9,30.0,3.0,0.2,4,,0.2,12.0,steady,ts+lc,6,24384,62.30427978923057,50.10528999757646,224.17056307486666,343.44111228302654,8.640501968503937,37.0,2.530596747661593,main,
200/200/150/150/100/100/50/50,0.9,30.0,3.0,0.2,4,,0.2,12.0,steady,ts+lc,7,24123,57.02340610111386,46.40293444207089,217.79033718581553,266.9113755347319,7.770343655432574,35.0,2.921661836325546,main,
200/200/150/150/100/100/50/50,0.9,30.0,3.0,0.2,4,,0.2,12.0,steady,ts+lc,8,24435,63.17585549478825,50.24572486131973,230.8596868693285,301.6166515690546,8.720155514630653,34.0,3.162885250587842,main,
200/200/150/150/100/100/50/50,0.9,30.0,3.0,0.2,4,,0.2,12.0,steady,ts+lc,9,24387,65.07945094289431,53.128484371734785,239.8918889948614,313.576301805994,8.975478738672244,39.0,3.2694811382848705,main,
200/200/150/150/100/100/50/50,0.9,30.0,3.0,0.2,4,,0.2,12.0,steady,ts_epoch,0,24557,244.68594969601844,183.6051236686771,1118.625148512023,2006.9687498583799,33.82053996823716,116.0,10.644439303396869,main,
200/200/150/150/100/100/50/50,0.9,30.0,3.0,0.2,4,,0.2,12.0,steady,ts_epoch,1,24312,163.34012910042927,121.50216555352777,686.4460834635577,991.2549509287536,23.261558078315236,94.0,8.254633276464578,main,
200/200/150/150/100/100/50/50,0.9,30.0,3.0,0.2,4,,0.2,12.0,steady,ts_epoch,2,24431,205.81755524375484,138.4324898588236,1100.4543181929855,2381.3299697254943,28.625271171871802,140.0,9.709718526994504,main,
200/200/150/150/100/100/50/50,0.9,30.0,3.0,0.2,4,,0.2,12.0,steady,ts_epoch,3,24221,223.45586782069986,150.02910395222813,1277.7402213974692,2065.3953253945156,30.79290698154494,135.0,10.84307758841113,main,
200/200/150/150/100/100/50/50,0.9,30.0,3.0,0.2,4,,0.2,12.0,steady,ts_epoch,4,24358,213.22423635728038,156.06501117674208,1081.3103974420364,1954.05470610553,29.77604893669431,114.43000000000029,9.920761781817239,main,
200/200/150/150/100/100/50/50,0.9,30.0,3.0,0.2,4,,0.2,12.0,steady,ts_epoch,5,24518,281.6479676549745,171.7005951777999,2181.3193524708936,5505.299889210023,35.77147401908802,159.0,11.428818320563128,main,
200/200/150/150/100/100/50/50,0.9,30.0,3.0,0.2,4,,0.2,12.0,steady,ts_epoch,6,24384,201.6791797206054,143.40639023001336,875.6142719825771,1366.2909099441874,27.76665026246719,113.0,10.101702254649455,main,
200/200/150/150/100/100/50/50,0.9,30.0,3.0,0.2,4,,0.2,12.0,steady,ts_epoch,7,24123,150.28729567276437,107.19980571991172,692.4116992104382,980.013427167454,20.50487087012395,91.0,7.290078209840615,main,
200/200/150/150/100/100/50/50,0.9,30.0,3.0,0.2,4,,0.2,12.0,steady,ts_epoch,8,24435,244.84518452400758,172.76389802659864,1139.6260394376454,1755.4758286302708,33.8195211786372,131.0,12.175787745913325,main,
200/200/150/150/100/100/50/50,0.9,30.0,3.0,0.2,4,,0.2,12.0,steady,ts_epoch,9,24387,237.38196824837902,175.34424610392918,1237.762434109135,3385.013121993192,32.347480214868575,126.0,10.446316601730597,main,
200/200/150/150/100/100/50/50,0.9,30.0,3.0,0.2,4,,0.2,12.0,steady,wrandom,0,24557,96.08561002412657,57.125473653055536,548.5735587916616,822.7490975869623,10.584232601702162,40.0,0.996354434670474,main,
200/200/150/150/100/100/50/50,0.9,30.0,3.0,0.2,4,,0.2,12.0,steady,wrandom,1,24312,96.98136969921488,47.97427095849649,535.4496006876492,634.9721707906652,10.655890095426127,50.0,1.009314492678114,main,
200/200/150/150/100/100/50/50,0.9,30.0,3.0,0.2,4,,0.2,12.0,steady,wrandom,2,24431,77.82056401518642,50.02797171330009,333.6896192212181,420.3898980932576,9.61835373091564,53.0,0.999473798746195,main,
200/200/150/150/100/100/50/50,0.9,30.0,3.0,0.2,4,,0.2,12.0,steady,wrandom,3,24221,75.39024315473056,48.340629655843514,373.0706748953156,553.3263827080739,8.55088559514471,40.0,0.9775078493897567,main,
200/200/150/150/100/100/50/50,0.9,30.0,3.0,0.2,4,,0.2,12.0,steady,wrandom,4,24358,71.02470852116231,48.6943256845036,387.3036107223844,717.4802627803006,8.017489120617457,30.0,0.9926556729842292,main,
200/200/150/150/100/100/50/50,0.9,30.0,3.0,0.2,4,,0.2,12.0,steady,wrandom,5,24518,98.13434798801542,55.19175759922312,483.3711367669507,620.5477709666109,12.023778448486826,57.0,1.0257018787728789,main,
200/200/150/150/100/100/50/50,0.9,30.0,3.0,0.2,4,,0.2,12.0,steady,wrandom,6,24384,80.91144556125677,54.46076892947893,483.6120685602756,731.227432816797,9.510047572178477,48.0,0.9891467127127483,main,
200/200/150/150/100/100/50/50,0.9,30.0,3.0,0.2,4,,0.2,12.0,steady,wrandom,7,24123,71.01651980734077,40.94941772171268,481.203059737481,626.3786936266533,7.404137130539319,30.0,0.9801515756653835,main,
200/200/150/150/100/100/50/50,0.9,30.0,3.0,0.2,4,,0.2,12.0,steady,wrandom,8,24435,84.249720236539,49.018713163935246,623.3381363828205,954.3725560368873,9.316267648864335,42.0,0.9853512642245852,main,
200/200/150/150/100/100/50/50,0.9,30.0,3.0,0.2,4,,0.2,12.0,steady,wrandom,9,24387,84.14862514911853,53.86447707190811,501.9927432529738,625.8105366572884,10.231680813548202,52.0,0.9722474783526036,main,
200/200/150/150/100/100/50/50,0.9,30.0,3.0,0.2,16,,0.2,12.0,steady,greedy,0,24557,609.5961613773145,143.09885475693562,13286.739654952336,14688.967482349362,46.22400944740807,631.4399999999987,7.122074166197168,main,
200/200/150/150/100/100/50/50,0.9,30.0,3.0,0.2,16,,0.2,12.0,steady,greedy,1,24312,1604.0624246043485,97.30882338443081,25178.394755829075,25579.133218136332,93.02229351760448,1305.8899999999994,5.921329357199127,main,
200/200/150/150/100/100/50/50,0.9,30.0,3.0,0.2,16,,0.2,12.0,steady,greedy,2,24431,229.2057895382189,118.05311904546656,2412.702910431466,5057.285695458689,27.32708444189759,218.70000000000073,6.466306220856135,main,
200/200/150/150/100/100/50/50,0.9,30.0,3.0,0.2,16,,0.2,12.0,steady,greedy,3,24221,468.34761937475247,113.26811517955093,11905.480949262866,14218.841306256136,37.761570537962925,614.0,7.018934374331225,main,
200/200/150/150/100/100/50/50,0.9,30.0,3.0,0.2,16,,0.2,12.0,steady,greedy,4,24358,1205.8456147322759,142.87138044267778,22804.670879701473,25577.671413759686,76.88537646769029,1107.4300000000003,7.605673822352797,main,
200/200/150/150/100/100/50/50,0.9,30.0,3.0,0.2,16,,0.2,12.0,steady,greedy,5,24518,377.12824493293596,140.75689643681068,7100.45403104535,7579.393656880471,38.60600375234522,393.0,8.375089627125883,main,
200/200/150/150/100/100/50/50,0.9,30.0,3.0,0.2,16,,0.2,12.0,steady,greedy,6,24384,607.6763749967716,182.7571505731296,7176.144768691494,7908.892418449307,65.75606955380577,717.0,9.167472869105556,main,
200/200/150/150/100/100/50/50,0.9,30.0,3.0,0.2,16,,0.2,12.0,steady,greedy,7,24123,633.1707873419181,154.41036604046232,8671.297828049983,10107.863110815562,60.92583841147453,530.0,8.57806836480629,main,
200/200/150/150/100/100/50/50,0.9,30.0,3.0,0.2,16,,0.2,12.0,steady,greedy,8,24435,619.5586040572268,132.86636575133315,13553.148849131128,15086.124574022599,45.46228770206671,658.6599999999999,8.141281033121935,main,
200/200/150/150/100/100/50/50,0.9,30.0,3.0,0.2,16,,0.2,12.0,steady,greedy,9,24387,658.1644880226444,110.71453073440907,9642.017453045248,12225.479344046464,44.66502644851765,487.1399999999994,5.9600223343071885,main,
200/200/150/150/100/100/50/50,0.9,30.0,3.0,0.2,16,,0.2,12.0,steady,greedy+lc,0,24557,151.3784436404579,109.54285527689578,832.366536629101,2901.8671842913295,19.99865618764507,81.0,6.323818764454205,main,
200/200/150/150/100/100/50/50,0.9,30.0,3.0,0.2,16,,0.2,12.0,steady,greedy+lc,1,24312,445.85542662665335,96.87294602477614,11114.295717588708,12118.168880981311,33.413499506416585,574.0,5.816535365045871,main,
200/200/150/150/100/100/50/50,0.9,30.0,3.0,0.2,16,,0.2,12.0,steady,greedy+lc,2,24431,142.97648058286848,88.21993974196829,613.9008480265567,4044.0113367467343,18.225205681306537,95.70000000000073,6.508534383899205,main,
200/200/150/150/100/100/50/50,0.9,30.0,3.0,0.2,16,,0.2,12.0,steady,greedy+lc,3,24221,341.85021175209596,90.22031828251897,10425.043371731712,12524.194212402765,26.475496470005368,481.7999999999993,5.7141340931485445,main,
200/200/150/150/100/100/50/50,0.9,30.0,3.0,0.2,16,,0.2,12.0,steady,greedy+lc,4,24358,391.9313070210519,99.92514126841745,9186.87617866813,9560.173015676784,29.353066754249117,415.0,5.479270957862745,main,
200/200/150/150/100/100/50/50,0.9,30.0,3.0,0.2,16,,0.2,12.0,steady,greedy+lc,5,24518,221.5176679127127,113.8904635531608,3543.9253421537937,8094.575065355943,23.520882616852923,177.0,6.055058465871621,main,
200/200/150/150/100/100/50/50,0.9,30.0,3.0,0.2,16,,0.2,12.0,steady,greedy+lc,6,24384,178.91285830654684,85.80959649972985,2553.6233062247056,7630.3572269218785,18.714115813648295,128.16999999999825,5.132128551256372,main,
200/200/150/150/100/100/50/50,0.9,30.0,3.0,0.2,16,,0.2,12.0,steady,greedy+lc,7,24123,187.46920839352563,70.877332745928,7087.513927763586,9829.929545777642,17.34009037018613,353.0,4.4504181321173615,main,
200/200/150/150/100/100/50/50,0.9,30.0,3.0,0.2,16,,0.2,12.0,steady,greedy+lc,8,24435,151.39547167521326,89.25938056769667,590.2584624502844,7841.51118176115,18.154327808471454,76.0,5.614832721616121,main,
200/200/150/150/100/100/50/50,0.9,30.0,3.0,0.2,16,,0.2,12.0,steady,greedy+lc,9,24387,163.228186642339,82.1258192708676,4182.976218498421,5668.033030741255,17.55369664165334,216.0,4.775153014719466,main,
200/200/150/150/100/100/50/50,0.9,30.0,3.0,0.2,16,,0.2,12.0,steady,jsq,0,24557,557.7421016787034,381.9771806759924,3162.5473683024857,4263.259999122213,62.69825304393859,173.0,31.2181386767024,main,
200/200/150/150/100/100/50/50,0.9,30.0,3.0,0.2,16,,0.2,12.0,steady,jsq,1,24312,523.6850053599993,316.3924475587852,3108.507550616332,4031.0973436591844,56.6962405396512,167.0,28.741939484582453,main,
200/200/150/150/100/100/50/50,0.9,30.0,3.0,0.2,16,,0.2,12.0,steady,jsq,2,24431,482.5758116231676,290.1852627117574,3000.804435883693,4104.976081701495,54.52773116122958,166.0,27.78217678269043,main,
200/200/150/150/100/100/50/50,0.9,30.0,3.0,0.2,16,,0.2,12.0,steady,jsq,3,24221,519.851060137894,311.5996190929291,3140.59048787624,3760.4375327320427,56.47784979976054,169.0,28.099609945025122,main,
200/200/150/150/100/100/50/50,0.9,30.0,3.0,0.2,16,,0.2,12.0,steady,jsq,4,24358,526.7397032709413,342.66628979604354,3116.6961428668574,3771.490802807394,59.23524098858691,173.0,29.46423585840151,main,
200/200/150/150/100/100/50/50,0.9,30.0,3.0,0.2,16,,0.2,12.0,steady,jsq,5,24518,482.12093226692963,322.3660496427798,2914.2114518313106,3770.8225874946143,56.77485928705441,169.0,29.129128127758136,main,
200/200/150/150/100/100/50/50,0.9,30.0,3.0,0.2,16,,0.2,12.0,steady,jsq,6,24384,526.9098573305691,336.5811258690687,3256.1360016541507,3925.547038838128,58.27243274278215,169.0,29.4991836728354,main,
200/200/150/150/100/100/50/50,0.9,30.0,3.0,0.2,16,,0.2,12.0,steady,jsq,7,24123,504.4266516553331,321.7825191375692,3283.36619557688,3999.9545310573926,56.785018447125154,163.0,29.319331374253576,main,
200/200/150/150/100/100/50/50,0.9,30.0,3.0,0.2,16,,0.2,12.0,steady,jsq,8,24435,535.7260681333286,352.20622314228933,3156.2760955485955,3799.1895242916144,60.443912420708,169.0,30.489149392014824,main,
200/200/150/150/100/100/50/50,0.9,30.0,3.0,0.2,16,,0.2,12.0,steady,jsq,9,24387,505.90828993835083,340.2041097555468,2960.0647279515647,3805.0558521266244,58.33661376963136,168.0,29.529114524458386,main,
200/200/150/150/100/100/50/50,0.9,30.0,3.0,0.2,16,,0.2,12.0,steady,jsq+lc,0,24557,399.9302297949525,261.9538421041003,2597.951058370728,3827.2681248209315,46.02541026998412,149.0,23.88872803243599,main,
200/200/150/150/100/100/50/50,0.9,30.0,3.0,0.2,16,,0.2,12.0,steady,jsq+lc,1,24312,305.47432979036165,206.02613920875612,1575.244492299217,2800.834984045153,37.04594438960184,134.0,19.76967628327096,main,
200/200/150/150/100/100/50/50,0.9,30.0,3.0,0.2,16,,0.2,12.0,steady,jsq+lc,2,24431,345.73527519121126,214.77626751157075,2198.8440257305006,3127.3523429045126,39.097499079038926,142.0,20.765102788933497,main,
200/200/150/150/100/100/50/50,0.9,30.0,3.0,0.2,16,,0.2,12.0,steady,jsq+lc,3,24221,380.45020192615783,226.83652795067388,2903.363407083829,3756.2137523435226,41.79414557615293,151.0,21.96322219222379,main,
200/200/150/150/100/100/50/50,0.9,30.0,3.0,0.2,16,,0.2,12.0,steady,jsq+lc,4,24358,365.8932766310426,234.3008727567888,2202.0266434555556,2905.116678139222,41.51141308810247,143.0,21.415489649218472,main,
200/200/150/150/100/100/50/50,0.9,30.0,3.0,0.2,16,,0.2,12.0,steady,jsq+lc,5,24518,377.9604144269838,241.0438120135474,2428.9232838115313,3516.8970268269595,43.62182886042907,149.0,23.15704615905345,main,
200/200/150/150/100/100/50/50,0.9,30.0,3.0,0.2,16,,0.2,12.0,steady,jsq+lc,6,24384,343.73160912717293,222.32793420464225,2083.4526542207536,3110.786581895204,39.72063648293963,138.0,21.251933666634944,main,
200/200/150/150/100/100/50/50,0.9,30.0,3.0,0.2,16,,0.2,12.0,steady,jsq+lc,7,24123,312.02393889848685,214.65103302097964,1596.4622290386503,2643.773512812268,37.036148074451766,136.0,20.17589371079665,main,
200/200/150/150/100/100/50/50,0.9,30.0,3.0,0.2,16,,0.2,12.0,steady,jsq+lc,8,24435,363.5853401957959,234.47374287196254,2288.740200907093,3200.766677166264,42.40720278289339,148.0,22.287126364064086,main,
200/200/150/150/100/100/50/50,0.9,30.0,3.0,0.2,16,,0.2,12.0,steady,jsq+lc,9,24387,348.737642451161,222.38375652266384,2289.4218533882586,3094.2772836066392,39.74346988149424,140.0,20.988172402763347,main,
200/200/150/150/100/100/50/50,0.9,30.0,3.0,0.2,16,,0.2,12.0,steady,p2c,0,24557,115.2714020237242,64.79399637917993,657.0089038707714,798.3166763621425,10.494685832960052,33.0,2.4530844822698255,main,
200/200/150/150/100/100/50/50,0.9,30.0,3.0,0.2,16,,0.2,12.0,steady,p2c,1,24312,104.93680848553038,52.63462345459935,695.1745940255105,950.3313889734188,9.164980256663377,30.0,2.440421112274142,main,
200/200/150/150/100/100/50/50,0.9,30.0,3.0,0.2,16,,0.2,12.0,steady,p2c,2,24431,101.3319976553492,55.58684723736462,577.0462543675902,791.3094791064319,9.25991568089722,30.0,2.5053650177543307,main,
200/200/150/150/100/100/50/50,0.9,30.0,3.0,0.2,16,,0.2,12.0,steady,p2c,3,24221,104.03432227713097,56.66863857068449,575.2603411509682,853.2935692739118,9.257132240617645,30.0,2.5129277264251133,main,
200/200/150/150/100/100/50/50,0.9,30.0,3.0,0.2,16,,0.2,12.0,steady,p2c,4,24358,109.12832027923643,60.213230497351944,657.426223946861,835.2520267150717,9.822768700221694,30.0,2.5020176804659213,main,
200/200/150/150/100/100/50/50,0.9,30.0,3.0,0.2,16,,0.2,12.0,steady,p2c,5,24518,103.24887316386682,56.46963797114823,624.5911732860205,800.7037297898364,9.204625173342034,29.0,2.465673482339106,main,
200/200/150/150/100/100/50/50,0.9,30.0,3.0,0.2,16,,0.2,12.0,steady,p2c,6,24384,103.06112897907319,55.227871835036524,586.3142258871595,766.7848503226102,9.193446522309712,29.0,2.5391258189855224,main,
200/200/150/150/100/100/50/50,0.9,30.0,3.0,0.2,16,,0.2,12.0,steady,p2c,7,24123,99.70798298764846,54.20205478399431,560.1519285541362,805.5728531901942,8.971562409318908,29.0,2.560932565375717,main,
200/200/150/150/100/100/50/50,0.9,30.0,3.0,0.2,16,,0.2,12.0,steady,p2c,8,24435,102.14052953013751,57.12826442117347,580.1751338834397,818.4494947085711,9.307632494372825,29.0,2.5335955342178726,main,
200/200/150/150/100/100/50/50,0.9,30.0,3.0,0.2,16,,0.2,12.0,steady,p2c,9,24387,107.15347602383257,61.73052057173223,583.532856134338,890.967124989544,9.736744987083283,31.0,2.501923541513853,main,
200/200/150/150/100/100/50/50,0.9,30.0,3.0,0.2,16,,0.2,12.0,steady,p2c_learned,0,24557,64.06656859949085,50.631028917804244,250.4803297658088,374.1453837140491,7.946491835321904,26.0,1.7883930546396463,main,
200/200/150/150/100/100/50/50,0.9,30.0,3.0,0.2,16,,0.2,12.0,steady,p2c_learned,1,24312,56.465833310316995,43.82854775509326,222.1427740875466,377.3502289999294,7.079261270154656,24.0,1.668475073346304,main,
200/200/150/150/100/100/50/50,0.9,30.0,3.0,0.2,16,,0.2,12.0,steady,p2c_learned,2,24431,58.68444861888411,47.32073526404079,233.40794142251764,367.92248319486265,7.23764888870697,24.0,1.769724798068796,main,
200/200/150/150/100/100/50/50,0.9,30.0,3.0,0.2,16,,0.2,12.0,steady,p2c_learned,3,24221,55.915069824089564,43.575323790165044,235.89625824474356,374.640640918224,6.8505842037901,23.0,1.638812602800056,main,
200/200/150/150/100/100/50/50,0.9,30.0,3.0,0.2,16,,0.2,12.0,steady,p2c_learned,4,24358,61.062938189238764,50.35715965508025,231.33914226414714,361.39455271762336,7.542983824616143,24.0,1.7120771796313448,main,
200/200/150/150/100/100/50/50,0.9,30.0,3.0,0.2,16,,0.2,12.0,steady,p2c_learned,5,24518,58.88521008262262,47.42235791457361,237.11580448711453,355.5661688714381,7.339791173831471,24.0,1.7419412337016935,main,
200/200/150/150/100/100/50/50,0.9,30.0,3.0,0.2,16,,0.2,12.0,steady,p2c_learned,6,24384,61.79898920474669,49.38000171171808,261.66658041003484,363.3856958488647,7.6045767716535435,25.0,1.8267609808330314,main,
200/200/150/150/100/100/50/50,0.9,30.0,3.0,0.2,16,,0.2,12.0,steady,p2c_learned,7,24123,53.70290640357203,41.673679358027016,220.262858895952,334.70367968947687,6.623222650582432,24.0,1.6668361376213259,main,
200/200/150/150/100/100/50/50,0.9,30.0,3.0,0.2,16,,0.2,12.0,steady,p2c_learned,8,24435,58.34871816569714,47.71888578870431,218.62398243053687,324.7400322077827,7.33341518313894,25.0,1.8283987812825995,main,
200/200/150/150/100/100/50/50,0.9,30.0,3.0,0.2,16,,0.2,12.0,steady,p2c_learned,9,24387,60.35025227415907,50.55711522828332,221.62628427772984,341.0780611926758,7.48550457210809,24.0,1.7592240120590035,main,
200/200/150/150/100/100/50/50,0.9,30.0,3.0,0.2,16,,0.2,12.0,steady,sed,0,24557,636.8003471445502,497.83302726083537,3143.063586654608,3702.1429896169857,75.74064421549863,176.0,36.88224236297691,main,
200/200/150/150/100/100/50/50,0.9,30.0,3.0,0.2,16,,0.2,12.0,steady,sed,1,24312,621.1972143226935,482.92204062864255,3143.551028188143,3715.5014012144006,75.10093780848963,172.0,37.18553978305599,main,
200/200/150/150/100/100/50/50,0.9,30.0,3.0,0.2,16,,0.2,12.0,steady,sed,2,24431,598.0941189765261,466.8173553335997,3195.4903756593626,4111.125570828174,73.04326470467848,170.0,37.10804466357101,main,
200/200/150/150/100/100/50/50,0.9,30.0,3.0,0.2,16,,0.2,12.0,steady,sed,3,24221,588.8613553569672,459.7136707316416,2992.0105227550184,3727.098356666673,73.33739317121506,173.0,36.676763496544154,main,
200/200/150/150/100/100/50/50,0.9,30.0,3.0,0.2,16,,0.2,12.0,steady,sed,4,24358,623.3459936923514,463.6158288108545,3127.2661868583905,3753.231374149129,73.23671894244191,175.4300000000003,35.83090654473254,main,
200/200/150/150/100/100/50/50,0.9,30.0,3.0,0.2,16,,0.2,12.0,steady,sed,5,24518,610.3147808353604,470.66387664136573,3184.661426931261,3834.6880317610726,73.67676808875112,173.0,37.17966416505632,main,
200/200/150/150/100/100/50/50,0.9,30.0,3.0,0.2,16,,0.2,12.0,steady,sed,6,24384,604.4591897680672,480.3189771463598,2848.349572349701,3480.3292974450565,73.63656496062993,167.0,37.99513707308154,main,
200/200/150/150/100/100/50/50,0.9,30.0,3.0,0.2,16,,0.2,12.0,steady,sed,7,24123,586.1517117194785,448.7115798072807,3031.4582072888743,3577.4588299023644,70.84031836836215,162.0,36.7571146744811,main,
200/200/150/150/100/100/50/50,0.9,30.0,3.0,0.2,16,,0.2,12.0,steady,sed,8,24435,635.0203016096636,488.6502357614155,3231.573117883391,3845.0687544601074,76.5512584407612,178.0,37.849921961062776,main,
200/200/150/150/100/100/50/50,0.9,30.0,3.0,0.2,16,,0.2,12.0,steady,sed,9,24387,645.8705746399423,490.1150452173599,3273.221119190131,3931.7249825380254,76.11198589412392,170.0,38.50961659479177,main,
200/200/150/150/100/100/50/50,0.9,30.0,3.0,0.2,16,,0.2,12.0,steady,ts,0,24557,173.2677224780105,120.65208673101147,905.5934423799398,1520.3513716061736,25.230565622836664,120.0,7.745568464436953,main,
200/200/150/150/100/100/50/50,0.9,30.0,3.0,0.2,16,,0.2,12.0,steady,ts,1,24312,201.0048590718409,118.12973268719506,1687.7318617539586,3334.579588249634,27.81618130964133,189.0,7.0885107037003685,main,
200/200/150/150/100/100/50/50,0.9,30.0,3.0,0.2,16,,0.2,12.0,steady,ts,2,24431,172.88599722602177,110.74701208266546,1011.3380300593493,2368.134376838262,24.831771110474396,129.0,7.656989230922128,main,
200/200/150/150/100/100/50/50,0.9,30.0,3.0,0.2,16,,0.2,12.0,steady,ts,3,24221,390.18123741903,220.41414537731185,7474.983343739783,8667.27529360835,53.24780149457083,734.7999999999993,10.102144121479373,main,
200/200/150/150/100/100/50/50,0.9,30.0,3.0,0.2,16,,0.2,12.0,steady,ts,4,24358,250.33472983296883,157.2712545605035,1808.1259875285284,2119.5469494468657,36.07627884062731,231.0,9.610151846110757,main,
200/200/150/150/100/100/50/50,0.9,30.0,3.0,0.2,16,,0.2,12.0,steady,ts,5,24518,584.3140284574938,125.76467145611136,14929.927926813461,17120.386400194046,42.476751774206704,715.8299999999981,7.628414487793398,main,
200/200/150/150/100/100/50/50,0.9,30.0,3.0,0.2,16,,0.2,12.0,steady,ts,6,24384,606.2497547029915,252.60268755813087,9033.860803250962,10302.704907684027,72.99134678477691,897.0,11.345181285773123,main,
200/200/150/150/100/100/50/50,0.9,30.0,3.0,0.2,16,,0.2,12.0,steady,ts,7,24123,918.5245015466764,434.9369927203561,8445.106008255967,8731.955686857647,111.12788624963727,847.0,11.14696748682153,main,
200/200/150/150/100/100/50/50,0.9,30.0,3.0,0.2,16,,0.2,12.0,steady,ts,8,24435,653.2213529620516,243.4476081912429,10227.287513644093,10853.78234355736,77.32175158583999,1013.6599999999999,10.906094709910104,main,
200/200/150/150/100/100/50/50,0.9,30.0,3.0,0.2,16,,0.2,12.0,steady,ts,9,24387,400.39384162217397,222.77399210044456,4280.3005246172515,5122.754376830897,52.33567064419568,412.1399999999994,12.510538889669384,main,
200/200/150/150/100/100/50/50,0.9,30.0,3.0,0.2,16,,0.2,12.0,steady,ts+lc,0,24557,113.48475040403177,93.3380373059336,486.8838135019165,746.1486505269398,15.887404813291527,58.0,4.734950428488483,main,
200/200/150/150/100/100/50/50,0.9,30.0,3.0,0.2,16,,0.2,12.0,steady,ts+lc,1,24312,103.81903819319318,79.8728446358421,489.79235578829554,947.3700215422923,14.937973017439948,62.0,4.926231820798461,main,
200/200/150/150/100/100/50/50,0.9,30.0,3.0,0.2,16,,0.2,12.0,steady,ts+lc,2,24431,97.37863422459647,74.35148258605828,462.79654225924946,645.1485079796631,14.071712168965659,69.0,4.959458825904467,main,
200/200/150/150/100/100/50/50,0.9,30.0,3.0,0.2,16,,0.2,12.0,steady,ts+lc,3,24221,102.63299063703096,81.24461714601772,452.059002107039,902.8953458692048,15.014986994756617,63.0,5.139109461657622,main,
200/200/150/150/100/100/50/50,0.9,30.0,3.0,0.2,16,,0.2,12.0,steady,ts+lc,4,24358,134.14082406023337,96.4320159769485,582.8075116983547,2814.689646952992,18.894736842105264,89.0,6.225215168509884,main,
200/200/150/150/100/100/50/50,0.9,30.0,3.0,0.2,16,,0.2,12.0,steady,ts+lc,5,24518,95.97153231542546,77.72545274987408,421.38664644331556,726.199267471132,13.802063789868669,67.0,4.09694531064934,main,
200/200/150/150/100/100/50/50,0.9,30.0,3.0,0.2,16,,0.2,12.0,steady,ts+lc,6,24384,103.21783883164987,83.88481420855287,469.2471858002322,751.2188503391642,14.98228346456693,65.0,4.433271985102653,main,
200/200/150/150/100/100/50/50,0.9,30.0,3.0,0.2,16,,0.2,12.0,steady,ts+lc,7,24123,102.25872214108037,75.05257940380616,631.2601277402935,1014.8750711884572,14.46424574057953,69.0,4.456513221581389,main,
200/200/150/150/100/100/50/50,0.9,30.0,3.0,0.2,16,,0.2,12.0,steady,ts+lc,8,24435,91.70221868851753,76.47813914778467,331.49913117601005,431.84351400276176,12.974831184775937,49.659999999999854,4.45569114218972,main,
200/200/150/150/100/100/50/50,0.9,30.0,3.0,0.2,16,,0.2,12.0,steady,ts+lc,9,24387,107.94900095595854,89.01211935106801,466.1226279324039,715.9039238955025,15.504531102636651,67.0,5.341855545155044,main,
200/200/150/150/100/100/50/50,0.9,30.0,3.0,0.2,16,,0.2,12.0,steady,ts_epoch,0,24557,157.44440008865467,116.15763295871417,752.8820720777942,1030.6791139883894,21.37993240216639,90.0,6.973270723151299,main,
200/200/150/150/100/100/50/50,0.9,30.0,3.0,0.2,16,,0.2,12.0,steady,ts_epoch,1,24312,156.62087642858006,98.78363848230887,1257.2605958684715,3520.9801904382525,19.508390918065153,85.0,6.394558792512422,main,
200/200/150/150/100/100/50/50,0.9,30.0,3.0,0.2,16,,0.2,12.0,steady,ts_epoch,2,24431,212.70354331951154,119.60026757929043,920.7760121503295,8187.571691266734,26.533625312103474,123.0,8.05854595543098,main,
200/200/150/150/100/100/50/50,0.9,30.0,3.0,0.2,16,,0.2,12.0,steady,ts_epoch,3,24221,137.2241991259927,96.73389226806606,649.0815495810833,2542.664205240431,19.24214524586103,87.0,6.318831535792221,main,
200/200/150/150/100/100/50/50,0.9,30.0,3.0,0.2,16,,0.2,12.0,steady,ts_epoch,4,24358,153.66261999449745,108.95726357508373,709.0300553161115,1080.8544936765466,21.03682568355366,91.0,6.808435028367492,main,
200/200/150/150/100/100/50/50,0.9,30.0,3.0,0.2,16,,0.2,12.0,steady,ts_epoch,5,24518,144.82301930625476,96.67877226696397,630.2453273528679,7172.926439104535,18.56158740517171,80.0,5.713319036904006,main,
200/200/150/150/100/100/50/50,0.9,30.0,3.0,0.2,16,,0.2,12.0,steady,ts_epoch,6,24384,203.00002689164683,116.02068019946365,2165.8648126865546,5392.067557918465,24.883899278215225,126.0,7.680150985025316,main,
200/200/150/150/100/100/50/50,0.9,30.0,3.0,0.2,16,,0.2,12.0,steady,ts_epoch,7,24123,109.84168630375976,78.7780969681613,510.86030765411084,810.386886059597,14.78796169630643,68.0,4.960697046289202,main,
200/200/150/150/100/100/50/50,0.9,30.0,3.0,0.2,16,,0.2,12.0,steady,ts_epoch,8,24435,106.7391868106303,77.38542955905902,515.1858090008553,793.9776248446449,13.954450583179865,56.0,4.513463103317962,main,
200/200/150/150/100/100/50/50,0.9,30.0,3.0,0.2,16,,0.2,12.0,steady,ts_epoch,9,24387,164.886883522229,112.34412025944884,820.185772803092,1434.6471689804519,22.61545085496371,103.0,7.274787199026938,main,
200/200/150/150/100/100/50/50,0.9,30.0,3.0,0.2,16,,0.2,12.0,steady,wrandom,0,24557,91.89527260435908,55.84661023224413,639.9616494778941,830.0368077019823,9.824082746263795,44.0,1.003252329569981,main,
200/200/150/150/100/100/50/50,0.9,30.0,3.0,0.2,16,,0.2,12.0,steady,wrandom,1,24312,88.32910182003079,51.815517143481316,484.9320492739371,774.6865886039784,10.117061533399145,56.0,0.9649302376597372,main,
200/200/150/150/100/100/50/50,0.9,30.0,3.0,0.2,16,,0.2,12.0,steady,wrandom,2,24431,128.55561107907505,48.73452448148896,1282.809096323978,1547.24040565551,11.509189144938807,65.0,1.0044222031810381,main,
200/200/150/150/100/100/50/50,0.9,30.0,3.0,0.2,16,,0.2,12.0,steady,wrandom,3,24221,78.63610656194835,49.78953745974746,650.4514406199721,864.0004002814121,8.642252590727056,37.0,0.9732688831589569,main,
200/200/150/150/100/100/50/50,0.9,30.0,3.0,0.2,16,,0.2,12.0,steady,wrandom,4,24358,81.75500446046136,55.03215935602768,512.9602376638966,796.4174054022171,9.428976106412678,38.0,0.9810190486336038,main,
200/200/150/150/100/100/50/50,0.9,30.0,3.0,0.2,16,,0.2,12.0,steady,wrandom,5,24518,81.0549177592282,59.704357664309704,395.8807454713183,596.3819351925238,10.034994697773065,43.0,1.005194055569227,main,
200/200/150/150/100/100/50/50,0.9,30.0,3.0,0.2,16,,0.2,12.0,steady,wrandom,6,24384,77.25234414671871,50.84377402694429,444.4513553756398,670.7647519395376,8.507053805774278,29.0,1.0050581761677506,main,
200/200/150/150/100/100/50/50,0.9,30.0,3.0,0.2,16,,0.2,12.0,steady,wrandom,7,24123,78.31238418474909,45.98171876181567,386.74199164189207,474.91569862354856,9.653069684533433,64.0,1.0027122717624517,main,
200/200/150/150/100/100/50/50,0.9,30.0,3.0,0.2,16,,0.2,12.0,steady,wrandom,8,24435,81.21413899395596,48.57856137684635,440.20989755466553,564.8307372701487,9.18927767546552,44.0,0.962585787198917,main,
200/200/150/150/100/100/50/50,0.9,30.0,3.0,0.2,16,,0.2,12.0,steady,wrandom,9,24387,91.81935967586035,55.19569443414163,722.4972516316753,1029.8971950563796,9.589043342764588,36.0,0.9836706000750048,main,
200/200/150/150/100/100/50/50,0.9,30.0,3.0,0.2,64,,0.2,12.0,steady,greedy,0,24557,1326.1358342284668,106.1215073742936,16777.122765617358,17173.059416041462,75.4760760679236,776.4399999999987,6.319746286345239,main,
200/200/150/150/100/100/50/50,0.9,30.0,3.0,0.2,64,,0.2,12.0,steady,greedy,1,24312,884.1267962500422,108.2445317366032,17868.520045281526,19516.960756815,56.25933695294505,837.8899999999994,6.298295372956466,main,
200/200/150/150/100/100/50/50,0.9,30.0,3.0,0.2,64,,0.2,12.0,steady,greedy,2,24431,1615.2259470737476,97.26020091826726,26440.82011407709,27365.188656357204,91.99607056608407,1297.7000000000007,6.306751039731697,main,
200/200/150/150/100/100/50/50,0.9,30.0,3.0,0.2,64,,0.2,12.0,steady,greedy,3,24221,628.9623137147497,125.51776165518547,7888.730793583981,8644.756452299012,47.02555633541142,426.7999999999993,7.607278310104741,main,
200/200/150/150/100/100/50/50,0.9,30.0,3.0,0.2,64,,0.2,12.0,steady,greedy,4,24358,1600.7349891568729,127.66725028844039,20910.052271767523,21704.988838584988,96.21266113802447,1098.0,7.183967243044817,main,
200/200/150/150/100/100/50/50,0.9,30.0,3.0,0.2,64,,0.2,12.0,steady,greedy,5,24518,1259.5893051268422,97.29085278234083,17887.364329975968,18209.8931337669,74.11338608369361,904.0,5.708108168499875,main,
200/200/150/150/100/100/50/50,0.9,30.0,3.0,0.2,64,,0.2,12.0,steady,greedy,6,24384,478.11140260209055,131.23415477356383,8408.66081961433,9732.629163436535,41.18557250656168,437.0,7.534888309287195,main,
200/200/150/150/100/100/50/50,0.9,30.0,3.0,0.2,64,,0.2,12.0,steady,greedy,7,24123,570.181244384688,108.11329265028391,9064.978570268768,9661.11240721199,41.58284624632094,445.0,6.610207875228111,main,
200/200/150/150/100/100/50/50,0.9,30.0,3.0,0.2,64,,0.2,12.0,steady,greedy,8,24435,987.244629719923,118.91535547081844,16084.99006719272,17393.55879216581,63.19349294045426,837.0,7.159374291959306,main,
200/200/150/150/100/100/50/50,0.9,30.0,3.0,0.2,64,,0.2,12.0,steady,greedy,9,24387,574.2048874616028,125.42974041716803,12506.67672304851,13055.95756643428,43.8010005330709,671.0,7.061658469761623,main,
200/200/150/150/100/100/50/50,0.9,30.0,3.0,0.2,64,,0.2,12.0,steady,greedy+lc,0,24557,884.5484057648639,121.851079090046,11363.38748514599,12103.832714616721,54.87461823512644,524.0,6.794350199246884,main,
200/200/150/150/100/100/50/50,0.9,30.0,3.0,0.2,64,,0.2,12.0,steady,greedy+lc,1,24312,1057.560717045738,96.41394801877468,18853.93767376035,21155.988669951348,62.239717012175056,908.0,6.301989498358875,main,
200/200/150/150/100/100/50/50,0.9,30.0,3.0,0.2,64,,0.2,12.0,steady,greedy+lc,2,24431,1461.8462552879978,93.59321649769292,23315.172633265473,24366.839039484035,82.69460930784659,1176.0,6.368515593157875,main,
200/200/150/150/100/100/50/50,0.9,30.0,3.0,0.2,64,,0.2,12.0,steady,greedy+lc,3,24221,511.7509632163368,100.39469404494383,9592.66881900906,10560.668762284784,36.434375129020275,478.0,5.869439389852493,main,
200/200/150/150/100/100/50/50,0.9,30.0,3.0,0.2,64,,0.2,12.0,steady,greedy+lc,4,24358,1396.171854478607,111.1675865279107,17029.6750930315,18128.410044855966,80.05386320715986,855.4300000000003,6.038886775748419,main,
200/200/150/150/100/100/50/50,0.9,30.0,3.0,0.2,64,,0.2,12.0,steady,greedy+lc,5,24518,845.3441400765678,105.47348811057677,14110.652123418478,14415.274335459704,53.21898197242842,692.0,6.52675744083346,main,
200/200/150/150/100/100/50/50,0.9,30.0,3.0,0.2,64,,0.2,12.0,steady,greedy+lc,6,24384,514.5916846721994,126.90899518410426,8688.153325106015,9935.865298656074,42.41707677165354,409.0,6.679943613659766,main,
200/200/150/150/100/100/50/50,0.9,30.0,3.0,0.2,64,,0.2,12.0,steady,greedy+lc,7,24123,462.704566612726,98.45017167135595,8492.950876041497,9441.599757890346,35.85888985615388,432.0,6.262220663215685,main,
200/200/150/150/100/100/50/50,0.9,30.0,3.0,0.2,64,,0.2,12.0,steady,greedy+lc,8,24435,909.2010850925896,102.0002056721161,16713.928307572536,18193.743000873324,55.88189073050952,821.0,5.792931687628004,main,
200/200/150/150/100/100/50/50,0.9,30.0,3.0,0.2,64,,0.2,12.0,steady,greedy+lc,9,24387,467.68210190451697,102.450865531031,11541.807503248074,12162.308810539576,35.23713453889367,614.0,5.5507354163792595,main,
200/200/150/150/100/100/50/50,0.9,30.0,3.0,0.2,64,,0.2,12.0,steady,jsq,0,24557,524.8885149736185,360.9881202094698,3042.731009834076,3726.9976867446403,60.71633342835037,169.0,30.030296092203603,main,
200/200/150/150/100/100/50/50,0.9,30.0,3.0,0.2,64,,0.2,12.0,steady,jsq,1,24312,510.24123970471175,326.6343790732842,3179.4522623094235,4135.0258449218645,58.21598387627509,170.0,29.129625776923955,main,
200/200/150/150/100/100/50/50,0.9,30.0,3.0,0.2,64,,0.2,12.0,steady,jsq,2,24431,469.649478376042,300.5037530057022,2774.4203719883044,3522.521106037945,55.819286971470675,166.0,28.48205055903834,main,
200/200/150/150/100/100/50/50,0.9,30.0,3.0,0.2,64,,0.2,12.0,steady,jsq,3,24221,513.4582712770675,324.42618932527625,3097.4122330269415,3669.1724973023706,58.17348581809174,171.0,29.201389741927073,main,
200/200/150/150/100/100/50/50,0.9,30.0,3.0,0.2,64,,0.2,12.0,steady,jsq,4,24358,549.0740057398291,367.3847330275297,3171.47835438109,3877.7253323983236,61.87133590606782,165.0,31.109535444804447,main,
200/200/150/150/100/100/50/50,0.9,30.0,3.0,0.2,64,,0.2,12.0,steady,jsq,5,24518,518.9290574876522,342.5285625841012,2986.2861662973974,3499.1455536501803,59.533077738804145,168.0,30.09168025706162,main,
200/200/150/150/100/100/50/50,0.9,30.0,3.0,0.2,64,,0.2,12.0,steady,jsq,6,24384,552.8630558665382,359.61643387633035,3091.1253177164504,3596.96915317811,62.35195209973753,168.0,31.535636707546175,main,
200/200/150/150/100/100/50/50,0.9,30.0,3.0,0.2,64,,0.2,12.0,steady,jsq,7,24123,438.9207572854151,285.7084243648158,2487.482437762605,3436.0477517713884,51.73593665796128,162.0,26.725053137033456,main,
200/200/150/150/100/100/50/50,0.9,30.0,3.0,0.2,64,,0.2,12.0,steady,jsq,8,24435,513.8994817146843,315.155259543749,3238.0748744411158,4003.2516096136255,57.12580315121752,170.0,28.78795405548699,main,
200/200/150/150/100/100/50/50,0.9,30.0,3.0,0.2,64,,0.2,12.0,steady,jsq,9,24387,538.8677395301538,364.17585820515086,3137.5080935827887,3763.4088819263366,61.6524787796777,167.0,31.08486107234328,main,
200/200/150/150/100/100/50/50,0.9,30.0,3.0,0.2,64,,0.2,12.0,steady,jsq+lc,0,24557,526.2309673083948,331.3475431775874,3031.5945118675177,4078.0318145008955,57.674390194241965,167.0,28.86980035986486,main,
200/200/150/150/100/100/50/50,0.9,30.0,3.0,0.2,64,,0.2,12.0,steady,jsq+lc,1,24312,491.5498358576564,299.67425897710865,3027.58736661257,3866.5923845469492,54.93229680816058,167.0,27.642772216812183,main,
200/200/150/150/100/100/50/50,0.9,30.0,3.0,0.2,64,,0.2,12.0,steady,jsq+lc,2,24431,496.1396159181036,303.1392795911625,3305.2603373339844,4002.799118107538,55.24387049240719,166.0,28.46367509764187,main,
200/200/150/150/100/100/50/50,0.9,30.0,3.0,0.2,64,,0.2,12.0,steady,jsq+lc,3,24221,454.03779752669055,284.5024163591603,2906.6526571386053,3865.3362133871988,51.263077494735974,161.0,25.929205778482263,main,
200/200/150/150/100/100/50/50,0.9,30.0,3.0,0.2,64,,0.2,12.0,steady,jsq+lc,4,24358,503.2427360697805,307.5638558702565,3147.1986993833702,3875.1949044143157,55.84662123327038,169.0,27.912647996145942,main,
200/200/150/150/100/100/50/50,0.9,30.0,3.0,0.2,64,,0.2,12.0,steady,jsq+lc,5,24518,499.35594529630015,319.1132535963543,3190.452175597643,4107.360355904588,55.8099763439106,164.0,28.369442479936843,main,
200/200/150/150/100/100/50/50,0.9,30.0,3.0,0.2,64,,0.2,12.0,steady,jsq+lc,6,24384,478.85189177364606,310.0027161703141,3141.201539535195,4317.036517833198,54.45948162729659,162.0,27.911371341628058,main,
200/200/150/150/100/100/50/50,0.9,30.0,3.0,0.2,64,,0.2,12.0,steady,jsq+lc,7,24123,428.9248227788654,259.8540307242167,2591.2013719593924,3331.6032425350886,49.3284831903163,153.0,25.726274121100133,main,
200/200/150/150/100/100/50/50,0.9,30.0,3.0,0.2,64,,0.2,12.0,steady,jsq+lc,8,24435,464.40768455993566,290.5089586869458,2832.5073414453327,3570.883978197066,52.58260691630857,159.0,26.686473173045,main,
200/200/150/150/100/100/50/50,0.9,30.0,3.0,0.2,64,,0.2,12.0,steady,jsq+lc,9,24387,463.24088181829944,290.10224309049806,2897.730738743324,3957.4920557656737,52.696723664247344,156.0,26.847439823428243,main,
200/200/150/150/100/100/50/50,0.9,30.0,3.0,0.2,64,,0.2,12.0,steady,p2c,0,24557,113.12896130990686,64.61869098357198,663.8626626207257,893.3418611694742,10.341124730219489,31.0,2.536755426216775,main,
200/200/150/150/100/100/50/50,0.9,30.0,3.0,0.2,64,,0.2,12.0,steady,p2c,1,24312,101.36722872804161,54.9540072972734,625.6327969290321,835.1392829650578,9.02858670615334,30.0,2.4896522665550878,main,
200/200/150/150/100/100/50/50,0.9,30.0,3.0,0.2,64,,0.2,12.0,steady,p2c,2,24431,104.2711052392826,58.30139412634061,605.5290115817619,788.779310741253,9.388850231263559,30.0,2.476631701267153,main,
200/200/150/150/100/100/50/50,0.9,30.0,3.0,0.2,64,,0.2,12.0,steady,p2c,3,24221,102.91931771464454,55.31670369366637,585.8094446633953,769.7896807597409,9.209074769827835,30.0,2.493241074620863,main,
200/200/150/150/100/100/50/50,0.9,30.0,3.0,0.2,64,,0.2,12.0,steady,p2c,4,24358,110.74389153724545,60.40875594751904,627.0203184493917,855.3451573146307,9.880901551851547,31.0,2.4363646662078446,main,
200/200/150/150/100/100/50/50,0.9,30.0,3.0,0.2,64,,0.2,12.0,steady,p2c,5,24518,110.41873959833802,62.39582267050814,613.1584550644293,756.7373405278137,9.959417570764336,31.0,2.5391527323553444,main,
200/200/150/150/100/100/50/50,0.9,30.0,3.0,0.2,64,,0.2,12.0,steady,p2c,6,24384,106.21655413034955,59.64950235642341,614.6777479140185,853.6684098039752,9.583374343832022,31.0,2.596714219490834,main,
200/200/150/150/100/100/50/50,0.9,30.0,3.0,0.2,64,,0.2,12.0,steady,p2c,7,24123,96.26291024619063,52.73673738863849,591.068077663068,802.4785978445377,8.543091655266759,28.0,2.5536925266814094,main,
200/200/150/150/100/100/50/50,0.9,30.0,3.0,0.2,64,,0.2,12.0,steady,p2c,8,24435,106.63710780785948,57.0639972736835,629.8998727808388,864.0675808922783,9.529077143441784,30.0,2.4828732064996686,main,
200/200/150/150/100/100/50/50,0.9,30.0,3.0,0.2,64,,0.2,12.0,steady,p2c,9,24387,103.94703216432158,58.378214188589794,588.2230052282914,790.9911315070318,9.400869315618978,29.0,2.4531547757769814,main,
200/200/150/150/100/100/50/50,0.9,30.0,3.0,0.2,64,,0.2,12.0,steady,p2c_learned,0,24557,81.56584277718306,55.57236898245321,384.76425290062184,2339.820229833257,9.14606833082217,35.0,1.7573587697765276,main,
200/200/150/150/100/100/50/50,0.9,30.0,3.0,0.2,64,,0.2,12.0,steady,p2c_learned,1,24312,64.60457387887445,45.38037836476061,300.74977177923006,1332.1763023199055,7.378825271470879,26.0,1.62358385526452,main,
200/200/150/150/100/100/50/50,0.9,30.0,3.0,0.2,64,,0.2,12.0,steady,p2c_learned,2,24431,65.43692871413788,45.761075678857566,317.39774405737523,1636.5303784658684,7.43661741230404,27.0,1.6580599910301337,main,
200/200/150/150/100/100/50/50,0.9,30.0,3.0,0.2,64,,0.2,12.0,steady,p2c_learned,3,24221,59.23840613033684,44.63843857454641,264.88107849030564,781.9456653568484,6.965732215845754,24.0,1.5848829804145677,main,
200/200/150/150/100/100/50/50,0.9,30.0,3.0,0.2,64,,0.2,12.0,steady,p2c_learned,4,24358,67.76265124079023,49.02142287722033,293.0798804363996,1058.7197784333523,7.924419082026439,28.43000000000029,1.5986219269473363,main,
200/200/150/150/100/100/50/50,0.9,30.0,3.0,0.2,64,,0.2,12.0,steady,p2c_learned,5,24518,70.32435716602262,48.29923198736896,294.3612417629532,2174.4344226375356,7.826331674687984,27.0,1.6970298034738591,main,
200/200/150/150/100/100/50/50,0.9,30.0,3.0,0.2,64,,0.2,12.0,steady,p2c_learned,6,24384,66.53080705893393,49.88799922521281,282.91716961391484,1666.2023665716729,7.741879921259843,26.0,1.735734283084021,main,
200/200/150/150/100/100/50/50,0.9,30.0,3.0,0.2,64,,0.2,12.0,steady,p2c_learned,7,24123,62.17892828902378,44.08115144389413,272.1534923130509,1776.1424367448926,7.147618455415993,25.0,1.6631289182164908,main,
200/200/150/150/100/100/50/50,0.9,30.0,3.0,0.2,64,,0.2,12.0,steady,p2c_learned,8,24435,62.54430743209251,47.04427516582044,278.3309141998856,1314.871916210591,7.313034581542869,24.0,1.6419153883778819,main,
200/200/150/150/100/100/50/50,0.9,30.0,3.0,0.2,64,,0.2,12.0,steady,p2c_learned,9,24387,69.97747534003729,48.89735342510981,280.37762974582614,2825.302281161357,7.882191331447083,26.0,1.5994777710911234,main,
200/200/150/150/100/100/50/50,0.9,30.0,3.0,0.2,64,,0.2,12.0,steady,sed,0,24557,628.5114434728441,498.2437935809827,2962.504682218953,3584.9852562925635,75.78389054037545,169.0,37.91704049383114,main,
200/200/150/150/100/100/50/50,0.9,30.0,3.0,0.2,64,,0.2,12.0,steady,sed,1,24312,621.1290447204598,491.30832273381395,3241.685928419863,3981.9153974153805,75.88001809805857,172.0,38.003980002872005,main,
200/200/150/150/100/100/50/50,0.9,30.0,3.0,0.2,64,,0.2,12.0,steady,sed,2,24431,609.041727471735,459.72461900142747,3256.5514575944367,4111.125570828174,73.35278948876427,174.0,37.302976892749,main,
200/200/150/150/100/100/50/50,0.9,30.0,3.0,0.2,64,,0.2,12.0,steady,sed,3,24221,619.5021741241566,475.906973212461,3009.6963402510696,3650.504304709012,74.37137194996077,172.0,37.41715900194852,main,
200/200/150/150/100/100/50/50,0.9,30.0,3.0,0.2,64,,0.2,12.0,steady,sed,4,24358,630.3080317149805,486.3084792663361,3234.7500756908667,4348.607261600372,76.59943345102225,176.0,37.58070011828566,main,
200/200/150/150/100/100/50/50,0.9,30.0,3.0,0.2,64,,0.2,12.0,steady,sed,5,24518,631.4130982457208,481.33911882015747,3237.6454738253874,3826.584964350497,75.19834407374174,172.0,38.393293938422644,main,
200/200/150/150/100/100/50/50,0.9,30.0,3.0,0.2,64,,0.2,12.0,steady,sed,6,24384,622.4136887882785,491.0126949075586,3012.4757011746206,3649.391588493113,75.44192913385827,170.0,38.413962078069645,main,
200/200/150/150/100/100/50/50,0.9,30.0,3.0,0.2,64,,0.2,12.0,steady,sed,7,24123,583.6686338031932,457.23914770317367,2848.1036372658828,3504.4526432629596,71.7618455415993,170.0,36.49093309758169,main,
200/200/150/150/100/100/50/50,0.9,30.0,3.0,0.2,64,,0.2,12.0,steady,sed,8,24435,645.7016426487887,507.97491531836414,3080.8651387142636,3815.976063058932,77.36664620421527,177.0,38.09273352892277,main,
200/200/150/150/100/100/50/50,0.9,30.0,3.0,0.2,64,,0.2,12.0,steady,sed,9,24387,618.9995122168644,476.40257155094724,3050.632523780777,3840.2828701274248,74.36183212367244,168.0,37.59990859747256,main,
200/200/150/150/100/100/50/50,0.9,30.0,3.0,0.2,64,,0.2,12.0,steady,ts,0,24557,339.1041552017226,235.19492813550613,1314.4702994449235,7390.886001843117,47.32133403917417,201.0,11.975357423145745,main,
200/200/150/150/100/100/50/50,0.9,30.0,3.0,0.2,64,,0.2,12.0,steady,ts,1,24312,368.96612100224377,184.56477786222035,4294.035996653073,10102.730981203691,44.21577821651859,411.0,10.98882926773457,main,
200/200/150/150/100/100/50/50,0.9,30.0,3.0,0.2,64,,0.2,12.0,steady,ts,2,24431,285.2134922575139,148.10413632250174,1867.869341721887,7668.76451541319,39.360402766976385,280.0,10.45521905054719,main,
200/200/150/150/100/100/50/50,0.9,30.0,3.0,0.2,64,,0.2,12.0,steady,ts,3,24221,203.13618454671666,104.67165212256546,1544.331125325021,7536.30910966218,26.2852483382189,151.0,7.3817698470549,main,
200/200/150/150/100/100/50/50,0.9,30.0,3.0,0.2,64,,0.2,12.0,steady,ts,4,24358,310.3713676539256,180.8846495373162,3082.597073764747,9167.26811371256,39.86480827654159,251.4300000000003,9.596063959826727,main,
200/200/150/150/100/100/50/50,0.9,30.0,3.0,0.2,64,,0.2,12.0,steady,ts,5,24518,223.15764523549788,134.75794662124497,979.702600600793,10440.64490575558,29.81531935720695,177.0,8.765259906172874,main,
200/200/150/150/100/100/50/50,0.9,30.0,3.0,0.2,64,,0.2,12.0,steady,ts,6,24384,225.11394777030188,131.7534323580225,1416.0832994505008,6571.086942382536,30.91080216535433,150.16999999999825,9.282587706259644,main,
200/200/150/150/100/100/50/50,0.9,30.0,3.0,0.2,64,,0.2,12.0,steady,ts,7,24123,448.84990773708455,171.00523041488458,7206.362601440049,8883.76209212301,53.85006010861004,712.0,9.483389385568515,main,
200/200/150/150/100/100/50/50,0.9,30.0,3.0,0.2,64,,0.2,12.0,steady,ts,8,24435,335.44412305563674,173.83716890585532,4262.83062028512,6570.037168498905,42.2914262328627,420.0,10.668922936244812,main,
200/200/150/150/100/100/50/50,0.9,30.0,3.0,0.2,64,,0.2,12.0,steady,ts,9,24387,289.6418181170181,133.02138749309478,3857.405248159695,7348.760833604569,34.711690654857094,347.0,8.453053472171348,main,
200/200/150/150/100/100/50/50,0.9,30.0,3.0,0.2,64,,0.2,12.0,steady,ts+lc,0,24557,250.33072537507974,160.62159850826063,1198.5181392473849,7797.495591351033,33.455755996253615,161.4399999999987,8.996845638060304,main,
200/200/150/150/100/100/50/50,0.9,30.0,3.0,0.2,64,,0.2,12.0,steady,ts+lc,1,24312,154.38275372102194,90.56074401893532,743.7215480890524,6555.932806596072,20.444142810134913,105.0,5.961766316471975,main,
200/200/150/150/100/100/50/50,0.9,30.0,3.0,0.2,64,,0.2,12.0,steady,ts+lc,2,24431,189.7278735662373,133.97002268016854,675.4035416020246,8592.015854564546,26.132986779092136,98.0,8.800691211000533,main,
200/200/150/150/100/100/50/50,0.9,30.0,3.0,0.2,64,,0.2,12.0,steady,ts+lc,3,24221,207.83403299056755,108.63522577946583,1682.826643022061,6673.75799247383,27.069774162916477,161.0,7.154364073542057,main,
200/200/150/150/100/100/50/50,0.9,30.0,3.0,0.2,64,,0.2,12.0,steady,ts+lc,4,24358,282.7675539155649,153.29647523552748,2995.636952104204,9073.836336957835,34.958206749322606,281.0,9.489564663935585,main,
200/200/150/150/100/100/50/50,0.9,30.0,3.0,0.2,64,,0.2,12.0,steady,ts+lc,5,24518,243.6886248090118,141.30428135721075,1974.5257751197503,9037.037307215982,32.759523615303046,262.8299999999981,9.061716178331096,main,
200/200/150/150/100/100/50/50,0.9,30.0,3.0,0.2,64,,0.2,12.0,steady,ts+lc,6,24384,252.26120418229863,162.07756989753096,1290.8786154476336,7431.369685638234,35.61273786089239,192.0,11.097925793842995,main,
200/200/150/150/100/100/50/50,0.9,30.0,3.0,0.2,64,,0.2,12.0,steady,ts+lc,7,24123,192.05729503428185,106.1329049803117,1302.2737556817506,8530.272675375432,25.991294615097626,174.77999999999884,7.366806738956457,main,
200/200/150/150/100/100/50/50,0.9,30.0,3.0,0.2,64,,0.2,12.0,steady,ts+lc,8,24435,243.43985213349802,135.7391149783176,2330.8460723825883,7072.320360621226,32.968119500716185,333.0,8.909290655268746,main,
200/200/150/150/100/100/50/50,0.9,30.0,3.0,0.2,64,,0.2,12.0,steady,ts+lc,9,24387,242.8070092522458,129.01870286873063,2541.591758022806,5543.310814249527,33.71464304752532,357.0,9.13800715702922,main,
200/200/150/150/100/100/50/50,0.9,30.0,3.0,0.2,64,,0.2,12.0,steady,ts_epoch,0,24557,348.74430489574564,151.8868035209806,8717.50411743224,9990.156134906512,36.01148348739667,425.0,7.159168005201079,main,
200/200/150/150/100/100/50/50,0.9,30.0,3.0,0.2,64,,0.2,12.0,steady,ts_epoch,1,24312,358.1468362914587,106.81981110102967,10085.748896686959,10682.235389775027,31.93056926620599,489.0,5.967174218784778,main,
200/200/150/150/100/100/50/50,0.9,30.0,3.0,0.2,64,,0.2,12.0,steady,ts_epoch,2,24431,624.773484226176,121.57242065451612,14348.87671134455,16131.469247821133,45.703450534157426,703.7000000000007,6.6916298063844355,main,
200/200/150/150/100/100/50/50,0.9,30.0,3.0,0.2,64,,0.2,12.0,steady,ts_epoch,3,24221,203.03198013695686,74.9228861308584,6390.464179926526,8146.342467569525,19.282110565212005,297.0,4.079124846837606,main,
200/200/150/150/100/100/50/50,0.9,30.0,3.0,0.2,64,,0.2,12.0,steady,ts_epoch,4,24358,378.0419186967488,98.89268803824258,11039.765867311084,12187.641359432952,30.978487560555052,553.0,4.953075619786491,main,
200/200/150/150/100/100/50/50,0.9,30.0,3.0,0.2,64,,0.2,12.0,steady,ts_epoch,5,24518,476.86544785910075,135.80820603836054,11982.854176180108,13401.033496488148,41.332286483399955,558.8299999999981,7.47121866626094,main,
200/200/150/150/100/100/50/50,0.9,30.0,3.0,0.2,64,,0.2,12.0,steady,ts_epoch,6,24384,369.52637459280544,99.67173014032227,12030.5462642582,13258.301480818134,30.3819717847769,589.0,5.466107647581015,main,
200/200/150/150/100/100/50/50,0.9,30.0,3.0,0.2,64,,0.2,12.0,steady,ts_epoch,7,24123,473.9342721576756,92.19124801005307,12416.80036470798,13039.018064328198,34.78559880611864,605.0,5.300414987122435,main,
200/200/150/150/100/100/50/50,0.9,30.0,3.0,0.2,64,,0.2,12.0,steady,ts_epoch,8,24435,269.8900016995551,80.74568889392708,9200.964093788265,10804.152629598773,23.399017802332718,474.0,4.497035974879202,main,
200/200/150/150/100/100/50/50,0.9,30.0,3.0,0.2,64,,0.2,12.0,steady,ts_epoch,9,24387,241.87558792272816,90.84838952793817,8598.938790449456,10695.332976910773,22.503259933571165,407.1399999999994,4.830137534010487,main,
200/200/150/150/100/100/50/50,0.9,30.0,3.0,0.2,64,,0.2,12.0,steady,wrandom,0,24557,95.33556820266804,59.23525700220722,924.637822202923,1325.5989701789574,10.499165207476484,46.0,0.9653101750099682,main,
200/200/150/150/100/100/50/50,0.9,30.0,3.0,0.2,64,,0.2,12.0,steady,wrandom,1,24312,85.45704652544708,51.09221369236039,522.9957765055208,781.0146685028777,9.61241362290227,39.88999999999942,1.03979729282575,main,
200/200/150/150/100/100/50/50,0.9,30.0,3.0,0.2,64,,0.2,12.0,steady,wrandom,2,24431,78.42465810776277,52.72940539610005,345.48849304194056,449.6075949238404,9.727272727272727,43.0,1.0388773187732792,main,
200/200/150/150/100/100/50/50,0.9,30.0,3.0,0.2,64,,0.2,12.0,steady,wrandom,3,24221,65.74698523661246,43.354762045153095,326.89124004172163,500.66561367942427,7.397341150241526,30.0,1.0336021483883986,main,
200/200/150/150/100/100/50/50,0.9,30.0,3.0,0.2,64,,0.2,12.0,steady,wrandom,4,24358,85.33806200093066,54.86620237862194,495.2469935920462,641.4167156166435,9.26804335331308,35.0,1.004660991911814,main,
200/200/150/150/100/100/50/50,0.9,30.0,3.0,0.2,64,,0.2,12.0,steady,wrandom,5,24518,111.01237239506368,54.71754717571198,924.1908842142901,1344.7529970044063,11.554123501101232,57.0,0.9888118618852614,main,
200/200/150/150/100/100/50/50,0.9,30.0,3.0,0.2,64,,0.2,12.0,steady,wrandom,6,24384,79.49912715417877,54.49236346894626,363.1542096103785,495.5652958141837,9.479699803149606,39.0,0.9823466308194344,main,
200/200/150/150/100/100/50/50,0.9,30.0,3.0,0.2,64,,0.2,12.0,steady,wrandom,7,24123,60.88488921292718,42.77230764958784,269.4585982450973,431.9497346729152,7.3446088794926006,34.0,0.9940804515963139,main,
200/200/150/150/100/100/50/50,0.9,30.0,3.0,0.2,64,,0.2,12.0,steady,wrandom,8,24435,89.23124846978577,54.81675719605761,529.7270339007805,689.1769756917897,10.330632289748312,49.0,0.9896765622015922,main,
200/200/150/150/100/100/50/50,0.9,30.0,3.0,0.2,64,,0.2,12.0,steady,wrandom,9,24387,79.90925981835113,52.90873007130781,389.79610167311716,519.9955067467212,9.669660064788618,45.0,0.9640695597046816,main,
