mus,rho,duration,warmup,staleness,num_dispatchers,desync,service_cv,burstiness,burst_period,gray_server,gray_factor,gray_start,scenario,policy,seed,requests,mean_ms,p50_ms,p99_ms,p999_ms,joined_queue_mean,joined_queue_p99,fano,probes_per_request,experiment,policy_kwargs
200/200/150/150/100/100/50/50,0.75,30.0,3.0,0.05,1,False,1.0,0.0,0.5,0,0.2,12.0,gray,p2c_learned_probe,0,20488,31.73913202424847,23.226136971585376,145.3749436482951,260.93035694872026,2.567405310425615,10.0,1.2640516262084667,2.0,probing,
200/200/150/150/100/100/50/50,0.75,30.0,3.0,0.05,1,False,1.0,0.0,0.5,0,0.2,12.0,gray,p2c_learned_probe,1,20301,31.07951104447044,21.830368752773666,145.42117529554943,259.8732969797105,2.5024875621890548,11.0,1.2440687970844566,2.0,probing,
200/200/150/150/100/100/50/50,0.75,30.0,3.0,0.05,1,False,1.0,0.0,0.5,0,0.2,12.0,gray,p2c_learned_probe,2,20391,30.457798181030622,21.09519101349555,138.9216692996999,220.07726912055256,2.43568240890589,10.0,1.2151961663799318,2.0,probing,
200/200/150/150/100/100/50/50,0.75,30.0,3.0,0.05,1,False,1.0,0.0,0.5,0,0.2,12.0,gray,p2c_learned_probe,3,20225,29.655516457409842,20.320878813326004,136.41848506864542,208.98359984708455,2.3284548825710756,10.0,1.2403318325586645,2.0,probing,
200/200/150/150/100/100/50/50,0.75,30.0,3.0,0.05,1,False,1.0,0.0,0.5,0,0.2,12.0,gray,p2c_learned_probe,4,20322,31.201631287159003,21.495136673425286,140.12419847649755,230.98040901398142,2.5358232457435292,11.0,1.2369324479432475,2.0,probing,
200/200/150/150/100/100/50/50,0.75,30.0,3.0,0.05,1,False,1.0,0.0,0.5,0,0.2,12.0,gray,p2c_learned_probe,5,20399,32.500087498931215,23.119413665234845,147.6605581238984,216.7313259064135,2.6895436050786805,11.0,1.2320850921083297,2.0,probing,
200/200/150/150/100/100/50/50,0.75,30.0,3.0,0.05,1,False,1.0,0.0,0.5,0,0.2,12.0,gray,p2c_learned_probe,6,20378,30.76195922626051,21.12079229978736,150.08006353896397,221.9461427953883,2.4674649131416233,10.0,1.2451534192304232,2.0,probing,
200/200/150/150/100/100/50/50,0.75,30.0,3.0,0.05,1,False,1.0,0.0,0.5,0,0.2,12.0,gray,p2c_learned_probe,7,20142,29.257744603369492,20.601835335004814,138.11078025023764,235.57546810295645,2.287210803296594,9.0,1.2591229877921486,2.0,probing,
200/200/150/150/100/100/50/50,0.75,30.0,3.0,0.05,1,False,1.0,0.0,0.5,0,0.2,12.0,gray,p2c_learned_probe,8,20380,29.219245420857785,20.768201787657148,133.0651753480444,239.1120338498148,2.3400883218842004,9.0,1.2277718681226721,2.0,probing,
200/200/150/150/100/100/50/50,0.75,30.0,3.0,0.05,1,False,1.0,0.0,0.5,0,0.2,12.0,gray,p2c_learned_probe,9,20356,30.30566422445417,21.67659840418734,134.33172493502465,211.70234383588146,2.4755845942228336,11.0,1.1983682757439444,2.0,probing,
200/200/150/150/100/100/50/50,0.75,30.0,3.0,0.05,1,False,1.0,0.0,0.5,0,0.2,12.0,gray,p2c_probe,0,20488,43.710040954325926,24.37275581281151,261.219764321134,409.1084872815607,2.8890081999219057,10.0,1.1774812028846167,2.0,probing,
200/200/150/150/100/100/50/50,0.75,30.0,3.0,0.05,1,False,1.0,0.0,0.5,0,0.2,12.0,gray,p2c_probe,1,20301,43.63522793965105,23.837879352731406,276.19469929492266,455.23361529097616,2.8614353972710704,11.0,1.1371697184481808,2.0,probing,
200/200/150/150/100/100/50/50,0.75,30.0,3.0,0.05,1,False,1.0,0.0,0.5,0,0.2,12.0,gray,p2c_probe,2,20391,41.96166968630126,22.786807202020753,259.1659351145723,366.8278550873344,2.7245353342160756,10.0,1.1042391020987012,2.0,probing,
200/200/150/150/100/100/50/50,0.75,30.0,3.0,0.05,1,False,1.0,0.0,0.5,0,0.2,12.0,gray,p2c_probe,3,20225,41.44302751540186,22.347641911910188,249.28875254352988,360.83384799847465,2.665414091470952,9.0,1.1284026604795139,2.0,probing,
200/200/150/150/100/100/50/50,0.75,30.0,3.0,0.05,1,False,1.0,0.0,0.5,0,0.2,12.0,gray,p2c_probe,4,20322,44.5491523229229,22.95904080103739,285.42675798209905,389.1659109704758,2.9152642456451137,11.0,1.1688298821627825,2.0,probing,
200/200/150/150/100/100/50/50,0.75,30.0,3.0,0.05,1,False,1.0,0.0,0.5,0,0.2,12.0,gray,p2c_probe,5,20399,45.12402366721259,25.094803353555406,262.7103809812711,391.7118795479659,3.0123045247316047,10.0,1.1098771786380754,2.0,probing,
200/200/150/150/100/100/50/50,0.75,30.0,3.0,0.05,1,False,1.0,0.0,0.5,0,0.2,12.0,gray,p2c_probe,6,20378,42.93670919830862,23.09603126739823,277.7784583310703,410.448723538489,2.7910000981450582,11.0,1.1379700258283136,2.0,probing,
200/200/150/150/100/100/50/50,0.75,30.0,3.0,0.05,1,False,1.0,0.0,0.5,0,0.2,12.0,gray,p2c_probe,7,20142,40.6496706999494,21.706436047844946,255.3439175118937,394.816537204925,2.586237712243074,9.0,1.1342056777653409,2.0,probing,
200/200/150/150/100/100/50/50,0.75,30.0,3.0,0.05,1,False,1.0,0.0,0.5,0,0.2,12.0,gray,p2c_probe,8,20380,41.94888566897817,22.628431880269417,256.5705220467339,396.5137823972707,2.744651619234544,9.0,1.116357026916725,2.0,probing,
200/200/150/150/100/100/50/50,0.75,30.0,3.0,0.05,1,False,1.0,0.0,0.5,0,0.2,12.0,gray,p2c_probe,9,20356,42.63993002704543,24.11484082838733,246.14987477605933,379.9098934712393,2.8255059933189233,10.0,1.0776357274342772,2.0,probing,
200/200/150/150/100/100/50/50,0.75,30.0,3.0,0.05,1,False,1.0,0.0,0.5,0,0.2,12.0,gray,p3c_learned_probe,0,20488,23.151583570813617,18.0894298625649,95.39900659499064,168.812214501333,1.9467981257321358,8.0,1.3676455274198114,3.0,probing,
200/200/150/150/100/100/50/50,0.75,30.0,3.0,0.05,1,False,1.0,0.0,0.5,0,0.2,12.0,gray,p3c_learned_probe,1,20301,22.99362940487862,17.15233233497848,94.84487755708315,152.6903354676785,1.891877247426235,9.0,1.35449485811424,3.0,probing,
200/200/150/150/100/100/50/50,0.75,30.0,3.0,0.05,1,False,1.0,0.0,0.5,0,0.2,12.0,gray,p3c_learned_probe,2,20391,23.112206044711698,17.521964118802913,101.27764444324183,159.25989732598998,1.964984552008239,9.0,1.4379020924722083,3.0,probing,
200/200/150/150/100/100/50/50,0.75,30.0,3.0,0.05,1,False,1.0,0.0,0.5,0,0.2,12.0,gray,p3c_learned_probe,3,20225,21.52854039064208,16.52121021963282,89.73505817268898,147.14785149878225,1.7451174289245983,8.0,1.3877617246437555,3.0,probing,
200/200/150/150/100/100/50/50,0.75,30.0,3.0,0.05,1,False,1.0,0.0,0.5,0,0.2,12.0,gray,p3c_learned_probe,4,20322,23.344263601002094,17.363547734887685,104.11953805782355,174.25915831443703,1.956746383229997,9.0,1.366376888052828,3.0,probing,
200/200/150/150/100/100/50/50,0.75,30.0,3.0,0.05,1,False,1.0,0.0,0.5,0,0.2,12.0,gray,p3c_learned_probe,5,20399,23.426901498604018,17.87723445796985,93.57724490073275,170.84785682423262,1.993087896465513,9.0,1.4781283179091735,3.0,probing,
200/200/150/150/100/100/50/50,0.75,30.0,3.0,0.05,1,False,1.0,0.0,0.5,0,0.2,12.0,gray,p3c_learned_probe,6,20378,22.367166600480527,17.172676402431364,91.45675478745005,146.1452801389614,1.8600451467268624,8.0,1.428458370062863,3.0,probing,
200/200/150/150/100/100/50/50,0.75,30.0,3.0,0.05,1,False,1.0,0.0,0.5,0,0.2,12.0,gray,p3c_learned_probe,7,20142,22.12433677052478,16.752218777160266,90.31965428503548,158.2716619050047,1.8583060272068315,8.0,1.383766893488289,3.0,probing,
200/200/150/150/100/100/50/50,0.75,30.0,3.0,0.05,1,False,1.0,0.0,0.5,0,0.2,12.0,gray,p3c_learned_probe,8,20380,21.311724309765427,16.55778146971798,90.3972495813704,146.9565535650177,1.7194308145240431,8.0,1.3987910446133227,3.0,probing,
200/200/150/150/100/100/50/50,0.75,30.0,3.0,0.05,1,False,1.0,0.0,0.5,0,0.2,12.0,gray,p3c_learned_probe,9,20356,23.710079838734604,17.576747762996447,101.35501380299836,157.64964692341775,1.9937119276871684,10.0,1.3027400375204414,3.0,probing,
200/200/150/150/100/100/50/50,0.75,30.0,3.0,0.05,1,False,1.0,0.0,0.5,0,0.2,12.0,gray,p3c_probe,0,20488,27.08303905961132,16.94118801863631,158.72288629731017,232.9831223895784,1.5685279187817258,6.0,1.1070693479182192,3.0,probing,
200/200/150/150/100/100/50/50,0.75,30.0,3.0,0.05,1,False,1.0,0.0,0.5,0,0.2,12.0,gray,p3c_probe,1,20301,27.870879001245417,16.526001443737393,170.66823459949276,241.85626840376315,1.648046894241663,7.0,1.1135628687510102,3.0,probing,
200/200/150/150/100/100/50/50,0.75,30.0,3.0,0.05,1,False,1.0,0.0,0.5,0,0.2,12.0,gray,p3c_probe,2,20391,26.888101372182934,16.249250005866855,161.72354202335603,246.45873103507745,1.5599038791623756,7.0,1.1145583875011098,3.0,probing,
200/200/150/150/100/100/50/50,0.75,30.0,3.0,0.05,1,False,1.0,0.0,0.5,0,0.2,12.0,gray,p3c_probe,3,20225,25.9546466567228,15.623257167902693,152.82101510133214,242.38038153508333,1.460469715698393,6.0,1.0678503294302248,3.0,probing,
200/200/150/150/100/100/50/50,0.75,30.0,3.0,0.05,1,False,1.0,0.0,0.5,0,0.2,12.0,gray,p3c_probe,4,20322,28.307579462964203,16.94029843932654,173.78158331660399,310.35684868892423,1.664157071154414,7.0,1.0982937908372885,3.0,probing,
200/200/150/150/100/100/50/50,0.75,30.0,3.0,0.05,1,False,1.0,0.0,0.5,0,0.2,12.0,gray,p3c_probe,5,20399,27.801866102454202,16.563149957889323,169.89869375126116,257.4793924870238,1.633952644737487,6.0,1.16464010959645,3.0,probing,
200/200/150/150/100/100/50/50,0.75,30.0,3.0,0.05,1,False,1.0,0.0,0.5,0,0.2,12.0,gray,p3c_probe,6,20378,26.62685770597608,16.545435669753417,165.76994850569523,240.1123841470511,1.5428893905191874,5.0,1.058716043648122,3.0,probing,
200/200/150/150/100/100/50/50,0.75,30.0,3.0,0.05,1,False,1.0,0.0,0.5,0,0.2,12.0,gray,p3c_probe,7,20142,25.521709065714692,15.324131366999172,156.71829760093453,264.5442104015005,1.4007049945387746,5.0,1.1066537377472327,3.0,probing,
200/200/150/150/100/100/50/50,0.75,30.0,3.0,0.05,1,False,1.0,0.0,0.5,0,0.2,12.0,gray,p3c_probe,8,20380,25.63497604082009,15.546312026279097,151.53001497237452,252.4878114312207,1.4451913640824336,6.0,1.11060952282031,3.0,probing,
200/200/150/150/100/100/50/50,0.75,30.0,3.0,0.05,1,False,1.0,0.0,0.5,0,0.2,12.0,gray,p3c_probe,9,20356,28.73101164591567,16.832851451583863,177.0560926025338,278.88731456627636,1.7113873059540186,7.0,1.122068355135207,3.0,probing,
200/200/150/150/100/100/50/50,0.75,30.0,3.0,0.05,1,False,1.0,0.0,0.5,0,0.2,12.0,gray,prequal,0,20488,22.912569653986683,17.771671786447563,94.27110596851419,139.71365137076432,1.9646134322530262,8.0,1.5652215547250734,3.0,probing,
200/200/150/150/100/100/50/50,0.75,30.0,3.0,0.05,1,False,1.0,0.0,0.5,0,0.2,12.0,gray,prequal,1,20301,23.54168308625161,17.379982645127967,100.75708545219797,161.88143645409076,2.0725087434116545,9.0,1.6188354190817673,3.0,probing,
200/200/150/150/100/100/50/50,0.75,30.0,3.0,0.05,1,False,1.0,0.0,0.5,0,0.2,12.0,gray,prequal,2,20391,22.798193586199403,16.624406734486286,101.24747762570733,153.49574697726592,1.9652297582266687,10.0,1.6611017981170884,3.0,probing,
200/200/150/150/100/100/50/50,0.75,30.0,3.0,0.05,1,False,1.0,0.0,0.5,0,0.2,12.0,gray,prequal,3,20225,22.70980482184639,16.719203324072396,99.40430225607497,162.93955236370792,1.985512978986403,9.0,1.7396612660705597,3.0,probing,
200/200/150/150/100/100/50/50,0.75,30.0,3.0,0.05,1,False,1.0,0.0,0.5,0,0.2,12.0,gray,prequal,4,20322,24.09213980203965,17.789311838518174,103.26068759782633,170.31593400306173,2.1230685956106683,10.0,1.6405619804980667,3.0,probing,
200/200/150/150/100/100/50/50,0.75,30.0,3.0,0.05,1,False,1.0,0.0,0.5,0,0.2,12.0,gray,prequal,5,20399,23.851986769762426,17.833765926134504,101.48841847202286,158.06521142856016,2.0977498897004754,9.0,1.6225567013720692,3.0,probing,
200/200/150/150/100/100/50/50,0.75,30.0,3.0,0.05,1,False,1.0,0.0,0.5,0,0.2,12.0,gray,prequal,6,20378,22.6911300517294,16.906480927137757,98.27892642394218,152.68662653166186,1.9924919030326822,8.0,1.6831905051416685,3.0,probing,
200/200/150/150/100/100/50/50,0.75,30.0,3.0,0.05,1,False,1.0,0.0,0.5,0,0.2,12.0,gray,prequal,7,20142,21.6656347049905,16.14282270117018,94.71129751169319,141.22615583720872,1.8318439082514149,8.0,1.6546253909351174,3.0,probing,
200/200/150/150/100/100/50/50,0.75,30.0,3.0,0.05,1,False,1.0,0.0,0.5,0,0.2,12.0,gray,prequal,8,20380,21.954421463555754,16.57118047615036,90.86150226314997,142.06421825756482,1.8817468105986261,8.0,1.5800661844670512,3.0,probing,
200/200/150/150/100/100/50/50,0.75,30.0,3.0,0.05,1,False,1.0,0.0,0.5,0,0.2,12.0,gray,prequal,9,20356,24.373672063010822,17.900571316839198,106.12005015928588,160.01918337481052,2.169090194537237,10.0,1.5928994407294528,3.0,probing,
200/200/150/150/100/100/50/50,0.75,30.0,3.0,0.05,1,False,1.0,0.0,0.5,0,0.2,12.0,gray,sed3_probe,0,20488,25.69433417554553,17.009622553609827,197.8713132229486,313.0863329755774,1.839857477547833,8.0,1.2524569473609575,3.0,probing,
200/200/150/150/100/100/50/50,0.75,30.0,3.0,0.05,1,False,1.0,0.0,0.5,0,0.2,12.0,gray,sed3_probe,1,20301,26.003532095545737,16.672164855602745,201.44180617528383,372.9168607389998,1.8926161272843702,9.0,1.2788864474145156,3.0,probing,
200/200/150/150/100/100/50/50,0.75,30.0,3.0,0.05,1,False,1.0,0.0,0.5,0,0.2,12.0,gray,sed3_probe,2,20391,24.94431977973803,16.179826391573116,177.84396259527827,426.26241064242305,1.774998773968908,9.0,1.2195811818610567,3.0,probing,
200/200/150/150/100/100/50/50,0.75,30.0,3.0,0.05,1,False,1.0,0.0,0.5,0,0.2,12.0,gray,sed3_probe,3,20225,24.498076622740687,15.480627763723387,199.38347573799652,347.60943072255077,1.7010135970333746,8.0,1.239288918246609,3.0,probing,
200/200/150/150/100/100/50/50,0.75,30.0,3.0,0.05,1,False,1.0,0.0,0.5,0,0.2,12.0,gray,sed3_probe,4,20322,26.112547377825567,16.45294464661262,230.91040441633393,396.57445616119526,1.8500147623265426,9.0,1.2938920230829227,3.0,probing,
200/200/150/150/100/100/50/50,0.75,30.0,3.0,0.05,1,False,1.0,0.0,0.5,0,0.2,12.0,gray,sed3_probe,5,20399,26.266974824608848,16.759372392513683,228.73376358273956,350.57464431394976,1.9018579342124613,9.0,1.3403703535230402,3.0,probing,
200/200/150/150/100/100/50/50,0.75,30.0,3.0,0.05,1,False,1.0,0.0,0.5,0,0.2,12.0,gray,sed3_probe,6,20378,25.239954487683647,16.109210685099296,206.4635590034088,369.29208856403983,1.7741682206300913,8.0,1.2489062019819448,3.0,probing,
200/200/150/150/100/100/50/50,0.75,30.0,3.0,0.05,1,False,1.0,0.0,0.5,0,0.2,12.0,gray,sed3_probe,7,20142,23.691453814898882,15.097597084062997,190.46381802248592,349.769336092737,1.6034653956905969,7.0,1.207860209236801,3.0,probing,
200/200/150/150/100/100/50/50,0.75,30.0,3.0,0.05,1,False,1.0,0.0,0.5,0,0.2,12.0,gray,sed3_probe,8,20380,24.30689406408785,15.830808912127736,184.3686339979855,298.2516727204399,1.7170755642787046,8.0,1.2112610796541965,3.0,probing,
200/200/150/150/100/100/50/50,0.75,30.0,3.0,0.05,1,False,1.0,0.0,0.5,0,0.2,12.0,gray,sed3_probe,9,20356,26.48118804972006,16.47632158196899,210.15606797978694,370.4163019149767,1.9151110237767734,10.0,1.2458765908738645,3.0,probing,
200/200/150/150/100/100/50/50,0.75,30.0,3.0,0.05,4,False,1.0,0.0,0.5,0,0.2,12.0,gray,p2c_learned_probe,0,20488,32.00432761279532,22.97321955076903,143.85431439391036,361.864003506333,2.5684303006638034,10.0,1.217010161063599,2.0,probing,
200/200/150/150/100/100/50/50,0.75,30.0,3.0,0.05,4,False,1.0,0.0,0.5,0,0.2,12.0,gray,p2c_learned_probe,1,20301,32.07105488130702,21.98158612624823,145.78340747894813,246.8410041283129,2.557755775577558,10.0,1.1928307021077438,2.0,probing,
200/200/150/150/100/100/50/50,0.75,30.0,3.0,0.05,4,False,1.0,0.0,0.5,0,0.2,12.0,gray,p2c_learned_probe,2,20391,29.718087460909647,20.921716532878776,138.72543397865152,225.6712248292678,2.3619734196459223,10.0,1.2403332840179617,2.0,probing,
200/200/150/150/100/100/50/50,0.75,30.0,3.0,0.05,4,False,1.0,0.0,0.5,0,0.2,12.0,gray,p2c_learned_probe,3,20225,29.97019928951514,20.288569263662737,148.56068249700564,300.0235101655782,2.326477132262052,10.0,1.1708474915895128,2.0,probing,
200/200/150/150/100/100/50/50,0.75,30.0,3.0,0.05,4,False,1.0,0.0,0.5,0,0.2,12.0,gray,p2c_learned_probe,4,20322,32.72576906748485,22.26539952868034,158.5523875781771,274.1135173006972,2.6554472984942428,12.0,1.1644078263745772,2.0,probing,
200/200/150/150/100/100/50/50,0.75,30.0,3.0,0.05,4,False,1.0,0.0,0.5,0,0.2,12.0,gray,p2c_learned_probe,5,20399,32.195369700228746,22.712573040251982,146.80086266701304,253.07558527482047,2.611206431687828,11.0,1.2222271147754427,2.0,probing,
200/200/150/150/100/100/50/50,0.75,30.0,3.0,0.05,4,False,1.0,0.0,0.5,0,0.2,12.0,gray,p2c_learned_probe,6,20378,32.04347827798842,21.85290672058393,160.01432468027602,244.3167862429152,2.5201197369712434,10.0,1.2303119396538602,2.0,probing,
200/200/150/150/100/100/50/50,0.75,30.0,3.0,0.05,4,False,1.0,0.0,0.5,0,0.2,12.0,gray,p2c_learned_probe,7,20142,29.45472324271461,20.61505522937246,143.72748297416805,239.24578552744117,2.2646211895541652,9.0,1.1504858397777622,2.0,probing,
200/200/150/150/100/100/50/50,0.75,30.0,3.0,0.05,4,False,1.0,0.0,0.5,0,0.2,12.0,gray,p2c_learned_probe,8,20380,29.832810224102886,20.80636227659305,142.7183790463246,218.64204233803747,2.347595682041217,9.0,1.2098052260726337,2.0,probing,
200/200/150/150/100/100/50/50,0.75,30.0,3.0,0.05,4,False,1.0,0.0,0.5,0,0.2,12.0,gray,p2c_learned_probe,9,20356,32.32942972594735,22.01281802902333,155.35516054088512,233.06967662515044,2.591029671841226,12.0,1.16228431227014,2.0,probing,
200/200/150/150/100/100/50/50,0.75,30.0,3.0,0.05,4,False,1.0,0.0,0.5,0,0.2,12.0,gray,p2c_probe,0,20488,42.922585418024056,24.422384180402545,252.32369714532246,413.7769281456463,2.8306813744631003,9.0,1.1266782431733942,2.0,probing,
200/200/150/150/100/100/50/50,0.75,30.0,3.0,0.05,4,False,1.0,0.0,0.5,0,0.2,12.0,gray,p2c_probe,1,20301,43.43834625943117,23.791602325266226,270.642115228032,381.3581828501498,2.836313482094478,10.0,1.082046851028018,2.0,probing,
200/200/150/150/100/100/50/50,0.75,30.0,3.0,0.05,4,False,1.0,0.0,0.5,0,0.2,12.0,gray,p2c_probe,2,20391,39.26651281946208,22.030332418668586,230.70802399994398,313.78277842362263,2.548183021921436,9.0,1.140229086237788,2.0,probing,
200/200/150/150/100/100/50/50,0.75,30.0,3.0,0.05,4,False,1.0,0.0,0.5,0,0.2,12.0,gray,p2c_probe,3,20225,40.77295427563354,21.446075951423893,274.326260700494,415.94125376181614,2.593621755253399,10.0,1.0950382794643114,2.0,probing,
200/200/150/150/100/100/50/50,0.75,30.0,3.0,0.05,4,False,1.0,0.0,0.5,0,0.2,12.0,gray,p2c_probe,4,20322,44.93408863405954,24.1131634591345,283.8699694584899,410.6809130081692,3.006987501230194,11.0,1.05521051519398,2.0,probing,
200/200/150/150/100/100/50/50,0.75,30.0,3.0,0.05,4,False,1.0,0.0,0.5,0,0.2,12.0,gray,p2c_probe,5,20399,44.278150823818194,24.65274329033651,279.01742320796495,370.76692644576525,2.9674003627628807,11.0,1.1435088542548706,2.0,probing,
200/200/150/150/100/100/50/50,0.75,30.0,3.0,0.05,4,False,1.0,0.0,0.5,0,0.2,12.0,gray,p2c_probe,6,20378,44.0147492606982,23.093768260070036,280.25820013140344,409.3953603790986,2.871577191088429,10.0,1.1581136332011264,2.0,probing,
200/200/150/150/100/100/50/50,0.75,30.0,3.0,0.05,4,False,1.0,0.0,0.5,0,0.2,12.0,gray,p2c_probe,7,20142,39.48431709856755,21.332740414676366,235.17950545489978,346.486389226982,2.490815211994837,9.0,1.0890319738773275,2.0,probing,
200/200/150/150/100/100/50/50,0.75,30.0,3.0,0.05,4,False,1.0,0.0,0.5,0,0.2,12.0,gray,p2c_probe,8,20380,41.34207557469554,22.321802067033936,253.8401006238149,387.1436539448418,2.6776251226692835,9.0,1.0947227759657712,2.0,probing,
200/200/150/150/100/100/50/50,0.75,30.0,3.0,0.05,4,False,1.0,0.0,0.5,0,0.2,12.0,gray,p2c_probe,9,20356,44.14232889426821,24.097253473986058,267.7361233031967,424.2787827829097,2.922381607388485,11.0,1.0905771560974806,2.0,probing,
200/200/150/150/100/100/50/50,0.75,30.0,3.0,0.05,4,False,1.0,0.0,0.5,0,0.2,12.0,gray,p3c_learned_probe,0,20488,22.81513551000909,17.527149683588483,102.35844055374052,181.75964216679495,1.789096056228036,7.0,1.2722501066554206,3.0,probing,
200/200/150/150/100/100/50/50,0.75,30.0,3.0,0.05,4,False,1.0,0.0,0.5,0,0.2,12.0,gray,p3c_learned_probe,1,20301,23.113006808253616,16.805666381578988,105.01258480173803,180.55681142093198,1.8488744396827743,8.0,1.3234762909388884,3.0,probing,
200/200/150/150/100/100/50/50,0.75,30.0,3.0,0.05,4,False,1.0,0.0,0.5,0,0.2,12.0,gray,p3c_learned_probe,2,20391,22.93547912311164,16.76470620231285,105.83352503562018,183.47819095452394,1.8529743514295522,9.0,1.2550071944815437,3.0,probing,
200/200/150/150/100/100/50/50,0.75,30.0,3.0,0.05,4,False,1.0,0.0,0.5,0,0.2,12.0,gray,p3c_learned_probe,3,20225,22.197806150643782,16.289171328693897,103.6039061505707,196.82894890465678,1.7488257107540173,8.0,1.3497579660924872,3.0,probing,
200/200/150/150/100/100/50/50,0.75,30.0,3.0,0.05,4,False,1.0,0.0,0.5,0,0.2,12.0,gray,p3c_learned_probe,4,20322,23.710990101533294,17.219820425748765,112.16705430093866,189.89046976647884,1.9127054423777188,9.0,1.2661131352646895,3.0,probing,
200/200/150/150/100/100/50/50,0.75,30.0,3.0,0.05,4,False,1.0,0.0,0.5,0,0.2,12.0,gray,p3c_learned_probe,5,20399,23.223405126853528,17.61653402401464,101.7807777246674,191.65663722009103,1.8987205255159567,8.0,1.233482877583749,3.0,probing,
200/200/150/150/100/100/50/50,0.75,30.0,3.0,0.05,4,False,1.0,0.0,0.5,0,0.2,12.0,gray,p3c_learned_probe,6,20378,22.949357624946046,17.409479490486213,100.97985276400611,200.38118337798562,1.8940524094611837,8.0,1.3389233952208424,3.0,probing,
200/200/150/150/100/100/50/50,0.75,30.0,3.0,0.05,4,False,1.0,0.0,0.5,0,0.2,12.0,gray,p3c_learned_probe,7,20142,20.831101707893108,15.387347636700799,90.74173659902004,178.9512633897632,1.5545129579982127,7.0,1.2229303813771188,3.0,probing,
200/200/150/150/100/100/50/50,0.75,30.0,3.0,0.05,4,False,1.0,0.0,0.5,0,0.2,12.0,gray,p3c_learned_probe,8,20380,21.827610074562468,16.41354846986598,96.06148493830045,196.37415993937248,1.7448969578017663,8.0,1.2811983044390611,3.0,probing,
200/200/150/150/100/100/50/50,0.75,30.0,3.0,0.05,4,False,1.0,0.0,0.5,0,0.2,12.0,gray,p3c_learned_probe,9,20356,24.63960797503728,17.993558891388872,109.21678664886944,208.43768636752046,2.06121045392022,10.0,1.2992560532965534,3.0,probing,
200/200/150/150/100/100/50/50,0.75,30.0,3.0,0.05,4,False,1.0,0.0,0.5,0,0.2,12.0,gray,p3c_probe,0,20488,27.60931844737534,17.328384700610933,166.43962082509427,262.7341878340929,1.621290511518938,6.0,1.0976487375630466,3.0,probing,
200/200/150/150/100/100/50/50,0.75,30.0,3.0,0.05,4,False,1.0,0.0,0.5,0,0.2,12.0,gray,p3c_probe,1,20301,27.573146023682817,16.775512149518335,163.11158358780986,248.51468943605812,1.6190335451455593,6.0,1.1477474825549034,3.0,probing,
200/200/150/150/100/100/50/50,0.75,30.0,3.0,0.05,4,False,1.0,0.0,0.5,0,0.2,12.0,gray,p3c_probe,2,20391,26.94153723276388,15.979875549525957,165.14302550823496,257.5166982332782,1.5618655289098131,7.0,1.131446520039599,3.0,probing,
200/200/150/150/100/100/50/50,0.75,30.0,3.0,0.05,4,False,1.0,0.0,0.5,0,0.2,12.0,gray,p3c_probe,3,20225,25.925755248650926,15.436335088946151,160.15764275870262,235.35929748549566,1.4433127317676144,6.0,1.1425217606009999,3.0,probing,
200/200/150/150/100/100/50/50,0.75,30.0,3.0,0.05,4,False,1.0,0.0,0.5,0,0.2,12.0,gray,p3c_probe,4,20322,28.293607340148846,16.844585383144484,175.8376795465513,265.96342361742967,1.6534789882885543,7.0,1.1059307327704189,3.0,probing,
200/200/150/150/100/100/50/50,0.75,30.0,3.0,0.05,4,False,1.0,0.0,0.5,0,0.2,12.0,gray,p3c_probe,5,20399,27.868968461606023,17.17845535212348,161.11399846479245,257.188992495334,1.6368939653904604,6.0,1.056728655107736,3.0,probing,
200/200/150/150/100/100/50/50,0.75,30.0,3.0,0.05,4,False,1.0,0.0,0.5,0,0.2,12.0,gray,p3c_probe,6,20378,27.260204801528207,16.359744658927866,156.9508133330703,238.9824151651102,1.587152811855923,6.0,1.1197843404674293,3.0,probing,
200/200/150/150/100/100/50/50,0.75,30.0,3.0,0.05,4,False,1.0,0.0,0.5,0,0.2,12.0,gray,p3c_probe,7,20142,25.065933735157177,15.325026907101247,153.0183215598437,239.2792141134483,1.3748386456161255,5.0,1.09294329641195,3.0,probing,
200/200/150/150/100/100/50/50,0.75,30.0,3.0,0.05,4,False,1.0,0.0,0.5,0,0.2,12.0,gray,p3c_probe,8,20380,26.175308999025656,15.79063268751213,153.83921412542,257.5546354250917,1.4938174681059864,6.0,1.0929916421614134,3.0,probing,
200/200/150/150/100/100/50/50,0.75,30.0,3.0,0.05,4,False,1.0,0.0,0.5,0,0.2,12.0,gray,p3c_probe,9,20356,28.408346061269096,16.87806530235303,173.13163460280856,317.1817121466225,1.68707015130674,7.0,1.1165289807342975,3.0,probing,
200/200/150/150/100/100/50/50,0.75,30.0,3.0,0.05,4,False,1.0,0.0,0.5,0,0.2,12.0,gray,prequal,0,20488,25.889842248400114,20.091382813264502,106.8240257948258,172.78359281575803,2.31286606794221,9.0,1.7999638915345904,3.0,probing,
200/200/150/150/100/100/50/50,0.75,30.0,3.0,0.05,4,False,1.0,0.0,0.5,0,0.2,12.0,gray,prequal,1,20301,25.602772648355323,19.211447719544417,112.65194532731826,186.31179187762643,2.2803802768336534,10.0,1.8711311414802507,3.0,probing,
200/200/150/150/100/100/50/50,0.75,30.0,3.0,0.05,4,False,1.0,0.0,0.5,0,0.2,12.0,gray,prequal,2,20391,25.28936469530473,18.612754782440177,113.07321502053915,177.60193171298394,2.260163797753911,10.0,1.8836911497146387,3.0,probing,
200/200/150/150/100/100/50/50,0.75,30.0,3.0,0.05,4,False,1.0,0.0,0.5,0,0.2,12.0,gray,prequal,3,20225,24.436413711873502,18.600696513757953,103.51889505844062,187.25013768727473,2.1818046971569838,9.0,1.8569699138991782,3.0,probing,
200/200/150/150/100/100/50/50,0.75,30.0,3.0,0.05,4,False,1.0,0.0,0.5,0,0.2,12.0,gray,prequal,4,20322,26.643155848835367,19.623084916236877,116.56113086334341,190.3927197378706,2.434504477905718,11.0,1.870146884649816,3.0,probing,
200/200/150/150/100/100/50/50,0.75,30.0,3.0,0.05,4,False,1.0,0.0,0.5,0,0.2,12.0,gray,prequal,5,20399,26.578944774462023,20.0854921809146,117.95877294179128,177.67373168098206,2.3989411245649297,10.0,1.8182700910196228,3.0,probing,
200/200/150/150/100/100/50/50,0.75,30.0,3.0,0.05,4,False,1.0,0.0,0.5,0,0.2,12.0,gray,prequal,6,20378,25.242787113380533,19.22808183850977,103.5901092456959,183.7860168353169,2.241829423888507,9.0,1.8007542296959982,3.0,probing,
200/200/150/150/100/100/50/50,0.75,30.0,3.0,0.05,4,False,1.0,0.0,0.5,0,0.2,12.0,gray,prequal,7,20142,23.420060318429503,17.661148379481517,102.1606722970282,171.9543127227039,2.013057293218151,8.0,1.7597476228779871,3.0,probing,
200/200/150/150/100/100/50/50,0.75,30.0,3.0,0.05,4,False,1.0,0.0,0.5,0,0.2,12.0,gray,prequal,8,20380,24.929467681949294,18.967366188642032,100.6749877176453,165.72669283303486,2.26540726202159,9.0,1.883437835183585,3.0,probing,
200/200/150/150/100/100/50/50,0.75,30.0,3.0,0.05,4,False,1.0,0.0,0.5,0,0.2,12.0,gray,prequal,9,20356,27.377957303520706,20.263143376968884,125.58875334765497,205.27941614168367,2.488651994497937,11.0,1.830859760268214,3.0,probing,
200/200/150/150/100/100/50/50,0.75,30.0,3.0,0.05,4,False,1.0,0.0,0.5,0,0.2,12.0,gray,sed3_probe,0,20488,26.043428393111913,17.419134827630245,207.40047292679802,331.46448253306835,1.8627001171417414,8.0,1.2437826937406693,3.0,probing,
200/200/150/150/100/100/50/50,0.75,30.0,3.0,0.05,4,False,1.0,0.0,0.5,0,0.2,12.0,gray,sed3_probe,1,20301,26.029739751420113,16.456624200507974,211.07067890612186,345.68435776276607,1.8663612629919708,9.0,1.271676920804995,3.0,probing,
200/200/150/150/100/100/50/50,0.75,30.0,3.0,0.05,4,False,1.0,0.0,0.5,0,0.2,12.0,gray,sed3_probe,2,20391,25.51924497070645,15.96763401370005,212.39822755443285,352.80678535637884,1.8355156686773577,9.0,1.2303628063511152,3.0,probing,
200/200/150/150/100/100/50/50,0.75,30.0,3.0,0.05,4,False,1.0,0.0,0.5,0,0.2,12.0,gray,sed3_probe,3,20225,24.450729489604022,15.700326584402902,188.4635920870145,316.047607910267,1.6992336217552535,8.0,1.2414266706309367,3.0,probing,
200/200/150/150/100/100/50/50,0.75,30.0,3.0,0.05,4,False,1.0,0.0,0.5,0,0.2,12.0,gray,sed3_probe,4,20322,26.73969948975659,16.79433519718021,231.01265387959455,431.66318261556916,1.923334317488436,9.0,1.2609817825383618,3.0,probing,
200/200/150/150/100/100/50/50,0.75,30.0,3.0,0.05,4,False,1.0,0.0,0.5,0,0.2,12.0,gray,sed3_probe,5,20399,26.27120531089821,17.04083661814826,212.02546617068694,379.3186951699184,1.899504877690083,9.0,1.2670290792123247,3.0,probing,
200/200/150/150/100/100/50/50,0.75,30.0,3.0,0.05,4,False,1.0,0.0,0.5,0,0.2,12.0,gray,sed3_probe,6,20378,25.160398037091568,16.32957765579235,205.47181702642024,364.93049284767375,1.77500245362646,8.0,1.247974792588193,3.0,probing,
200/200/150/150/100/100/50/50,0.75,30.0,3.0,0.05,4,False,1.0,0.0,0.5,0,0.2,12.0,gray,sed3_probe,7,20142,23.39111979351405,15.168623451536245,175.92539537287732,289.52699512408634,1.6008837255486048,7.0,1.1848812850105819,3.0,probing,
200/200/150/150/100/100/50/50,0.75,30.0,3.0,0.05,4,False,1.0,0.0,0.5,0,0.2,12.0,gray,sed3_probe,8,20380,24.6307098850182,16.01684809560666,199.7991800202769,342.63911498541523,1.7434739941118744,8.0,1.223342041088652,3.0,probing,
200/200/150/150/100/100/50/50,0.75,30.0,3.0,0.05,4,False,1.0,0.0,0.5,0,0.2,12.0,gray,sed3_probe,9,20356,26.98158798114346,16.8726846880336,220.9407132615142,413.56038068848443,1.9595205344861466,10.0,1.2291199418684386,3.0,probing,
200/200/150/150/100/100/50/50,0.75,30.0,3.0,0.05,16,False,1.0,0.0,0.5,0,0.2,12.0,gray,p2c_learned_probe,0,20488,33.507509059126605,23.259942339832307,174.17214650499074,335.97688722984856,2.609771573604061,10.0,1.2091025571678147,2.0,probing,
200/200/150/150/100/100/50/50,0.75,30.0,3.0,0.05,16,False,1.0,0.0,0.5,0,0.2,12.0,gray,p2c_learned_probe,1,20301,32.93464702749622,21.944956130646176,176.28640954911566,274.14844023935854,2.6149450765972118,11.0,1.1875608195292402,2.0,probing,
200/200/150/150/100/100/50/50,0.75,30.0,3.0,0.05,16,False,1.0,0.0,0.5,0,0.2,12.0,gray,p2c_learned_probe,2,20391,31.484905180433184,21.097176209824653,158.37200380691186,246.25257292697123,2.434652542788485,10.0,1.1964877544575798,2.0,probing,
200/200/150/150/100/100/50/50,0.75,30.0,3.0,0.05,16,False,1.0,0.0,0.5,0,0.2,12.0,gray,p2c_learned_probe,3,20225,30.032173115125858,20.69265740198034,156.3747006062251,279.44710681525663,2.292014833127318,9.0,1.187146517224131,2.0,probing,
200/200/150/150/100/100/50/50,0.75,30.0,3.0,0.05,16,False,1.0,0.0,0.5,0,0.2,12.0,gray,p2c_learned_probe,4,20322,32.83298647433468,22.598303913323292,164.43020119388765,257.81642511348537,2.6055014270248993,10.0,1.1796900240129544,2.0,probing,
200/200/150/150/100/100/50/50,0.75,30.0,3.0,0.05,16,False,1.0,0.0,0.5,0,0.2,12.0,gray,p2c_learned_probe,5,20399,35.007740473582984,23.303067547338685,189.2650468294324,343.225002548152,2.781655963527624,11.0,1.2067472678914763,2.0,probing,
200/200/150/150/100/100/50/50,0.75,30.0,3.0,0.05,16,False,1.0,0.0,0.5,0,0.2,12.0,gray,p2c_learned_probe,6,20378,32.53742264443369,21.242437588321117,171.30049988734444,323.4234513772108,2.525664932770635,10.0,1.2146424769065283,2.0,probing,
200/200/150/150/100/100/50/50,0.75,30.0,3.0,0.05,16,False,1.0,0.0,0.5,0,0.2,12.0,gray,p2c_learned_probe,7,20142,29.9252698744811,20.16094101147914,163.32414758528827,223.8336628021793,2.3025022341376227,10.0,1.2022712894167653,2.0,probing,
200/200/150/150/100/100/50/50,0.75,30.0,3.0,0.05,16,False,1.0,0.0,0.5,0,0.2,12.0,gray,p2c_learned_probe,8,20380,32.65808494032687,21.88563938797161,170.14235650322135,315.0572389237784,2.5789499509322864,12.0,1.1850764637422764,2.0,probing,
200/200/150/150/100/100/50/50,0.75,30.0,3.0,0.05,16,False,1.0,0.0,0.5,0,0.2,12.0,gray,p2c_learned_probe,9,20356,32.64824480552711,21.98897960642121,164.35429874710601,272.9987596412917,2.5905875417567303,11.0,1.1936261372894323,2.0,probing,
200/200/150/150/100/100/50/50,0.75,30.0,3.0,0.05,16,False,1.0,0.0,0.5,0,0.2,12.0,gray,p2c_probe,0,20488,44.53470988500542,25.026967974271397,277.2150883183238,411.80971915659813,2.9434791097227646,11.0,1.1107919745502226,2.0,probing,
200/200/150/150/100/100/50/50,0.75,30.0,3.0,0.05,16,False,1.0,0.0,0.5,0,0.2,12.0,gray,p2c_probe,1,20301,44.17824865513311,23.102431479767205,289.1056101382148,429.55653079763454,2.8745874587458746,11.0,1.1229906179135776,2.0,probing,
200/200/150/150/100/100/50/50,0.75,30.0,3.0,0.05,16,False,1.0,0.0,0.5,0,0.2,12.0,gray,p2c_probe,2,20391,42.28569248801643,22.716131192392908,270.09767395367606,406.3485353444812,2.7503310283948803,10.0,1.1555207699640728,2.0,probing,
200/200/150/150/100/100/50/50,0.75,30.0,3.0,0.05,16,False,1.0,0.0,0.5,0,0.2,12.0,gray,p2c_probe,3,20225,39.382255159264666,22.154169294573478,229.7165465380877,325.654402995009,2.5498640296662547,9.0,1.1154016224870875,2.0,probing,
200/200/150/150/100/100/50/50,0.75,30.0,3.0,0.05,16,False,1.0,0.0,0.5,0,0.2,12.0,gray,p2c_probe,4,20322,43.529877793665825,23.959647000548756,268.2173833944851,395.61135969704435,2.8751599252042124,10.0,1.0987413148010248,2.0,probing,
200/200/150/150/100/100/50/50,0.75,30.0,3.0,0.05,16,False,1.0,0.0,0.5,0,0.2,12.0,gray,p2c_probe,5,20399,48.167001905521126,25.069044912097382,304.6247532936899,398.55120420714866,3.1991274082062846,12.0,1.1199653544805441,2.0,probing,
200/200/150/150/100/100/50/50,0.75,30.0,3.0,0.05,16,False,1.0,0.0,0.5,0,0.2,12.0,gray,p2c_probe,6,20378,44.249689051855995,22.736470822978916,277.34081948920453,434.0833991893276,2.878938070468152,11.0,1.1124224886929108,2.0,probing,
200/200/150/150/100/100/50/50,0.75,30.0,3.0,0.05,16,False,1.0,0.0,0.5,0,0.2,12.0,gray,p2c_probe,7,20142,38.048317177691054,21.264595278572607,226.71119696264915,339.68577334378614,2.4257273359150036,8.0,1.0981739802601338,2.0,probing,
200/200/150/150/100/100/50/50,0.75,30.0,3.0,0.05,16,False,1.0,0.0,0.5,0,0.2,12.0,gray,p2c_probe,8,20380,43.873920285943754,23.534667984796087,270.7042270046086,425.668075908023,2.9156526005888126,12.0,1.0943858952073353,2.0,probing,
200/200/150/150/100/100/50/50,0.75,30.0,3.0,0.05,16,False,1.0,0.0,0.5,0,0.2,12.0,gray,p2c_probe,9,20356,43.138956670200145,23.09047423520383,271.9784705716855,378.6828174120549,2.84353507565337,11.0,1.1149602921084476,2.0,probing,
200/200/150/150/100/100/50/50,0.75,30.0,3.0,0.05,16,False,1.0,0.0,0.5,0,0.2,12.0,gray,p3c_learned_probe,0,20488,23.65978009835192,17.613911234120927,110.8361737033346,186.63347169966812,1.877977352596642,8.0,1.184086571362934,3.0,probing,
200/200/150/150/100/100/50/50,0.75,30.0,3.0,0.05,16,False,1.0,0.0,0.5,0,0.2,12.0,gray,p3c_learned_probe,1,20301,23.94127410319467,17.357999534976187,117.39115675179512,209.20073476350973,1.924387961184178,9.0,1.2459438581408824,3.0,probing,
200/200/150/150/100/100/50/50,0.75,30.0,3.0,0.05,16,False,1.0,0.0,0.5,0,0.2,12.0,gray,p3c_learned_probe,2,20391,23.982019173645813,17.381601242572486,108.24360838173493,249.80388056185882,1.9715560786621549,9.0,1.2829091636762566,3.0,probing,
200/200/150/150/100/100/50/50,0.75,30.0,3.0,0.05,16,False,1.0,0.0,0.5,0,0.2,12.0,gray,p3c_learned_probe,3,20225,21.995448183752497,15.938326850712059,103.83371666481281,210.50200241743661,1.6701606922126082,8.0,1.1981116349591774,3.0,probing,
200/200/150/150/100/100/50/50,0.75,30.0,3.0,0.05,16,False,1.0,0.0,0.5,0,0.2,12.0,gray,p3c_learned_probe,4,20322,23.646600996195577,17.062854832326835,117.98890422050182,216.09638655555082,1.8530656431453596,9.0,1.25891430501327,3.0,probing,
200/200/150/150/100/100/50/50,0.75,30.0,3.0,0.05,16,False,1.0,0.0,0.5,0,0.2,12.0,gray,p3c_learned_probe,5,20399,24.519903470575724,18.0702819461942,117.05172642609871,218.77774859033963,2.0035295847835677,8.0,1.2585890129245658,3.0,probing,
200/200/150/150/100/100/50/50,0.75,30.0,3.0,0.05,16,False,1.0,0.0,0.5,0,0.2,12.0,gray,p3c_learned_probe,6,20378,22.971482305656522,16.9447058304506,111.31874031475148,212.3628990149334,1.8045441162037492,8.0,1.161625561279983,3.0,probing,
200/200/150/150/100/100/50/50,0.75,30.0,3.0,0.05,16,False,1.0,0.0,0.5,0,0.2,12.0,gray,p3c_learned_probe,7,20142,21.6222741916439,15.51153359021451,113.12020494601242,228.67722494278357,1.5666765961672129,7.0,1.281584916845415,3.0,probing,
200/200/150/150/100/100/50/50,0.75,30.0,3.0,0.05,16,False,1.0,0.0,0.5,0,0.2,12.0,gray,p3c_learned_probe,8,20380,22.08637136492666,16.22442350737474,104.80353501683656,189.16880346199432,1.7150147203140333,8.0,1.2009325707738667,3.0,probing,
200/200/150/150/100/100/50/50,0.75,30.0,3.0,0.05,16,False,1.0,0.0,0.5,0,0.2,12.0,gray,p3c_learned_probe,9,20356,24.166135697748665,17.392073241424555,117.29842156585933,198.77001004710337,1.9325505993318923,10.0,1.2439862708618994,3.0,probing,
200/200/150/150/100/100/50/50,0.75,30.0,3.0,0.05,16,False,1.0,0.0,0.5,0,0.2,12.0,gray,p3c_probe,0,20488,27.71880920027187,17.249316380767432,171.70890881023013,252.50626530508313,1.5992288168684108,5.0,1.1179671629140948,3.0,probing,
200/200/150/150/100/100/50/50,0.75,30.0,3.0,0.05,16,False,1.0,0.0,0.5,0,0.2,12.0,gray,p3c_probe,1,20301,27.553106050882928,16.354819172860857,168.40426967214484,274.8314687401591,1.5999704448056746,6.0,1.1273355368987028,3.0,probing,
200/200/150/150/100/100/50/50,0.75,30.0,3.0,0.05,16,False,1.0,0.0,0.5,0,0.2,12.0,gray,p3c_probe,2,20391,27.15281122599168,15.824599919078253,175.0124250256267,264.05582758192475,1.5704967877985385,7.0,1.1622252710147065,3.0,probing,
200/200/150/150/100/100/50/50,0.75,30.0,3.0,0.05,16,False,1.0,0.0,0.5,0,0.2,12.0,gray,p3c_probe,3,20225,25.96282513680024,15.723580815411253,159.56640261602183,242.63273061358876,1.4579480840543881,6.0,1.1297689043850443,3.0,probing,
200/200/150/150/100/100/50/50,0.75,30.0,3.0,0.05,16,False,1.0,0.0,0.5,0,0.2,12.0,gray,p3c_probe,4,20322,27.642224874625533,16.301917054290627,171.26701122129015,294.7064887772122,1.6074205294754453,6.0,1.1220330166514585,3.0,probing,
200/200/150/150/100/100/50/50,0.75,30.0,3.0,0.05,16,False,1.0,0.0,0.5,0,0.2,12.0,gray,p3c_probe,5,20399,28.489973573021558,17.232832073831972,172.54188992587822,270.22097193482045,1.6764547281729496,6.0,1.1373922765649254,3.0,probing,
200/200/150/150/100/100/50/50,0.75,30.0,3.0,0.05,16,False,1.0,0.0,0.5,0,0.2,12.0,gray,p3c_probe,6,20378,26.481634320704195,16.398931392800797,159.8185274446947,266.5996772082148,1.5227205810187456,5.0,1.0706750979748976,3.0,probing,
200/200/150/150/100/100/50/50,0.75,30.0,3.0,0.05,16,False,1.0,0.0,0.5,0,0.2,12.0,gray,p3c_probe,7,20142,25.303855199675453,14.968605705451665,156.69671205344778,242.22290765260246,1.3798530433919174,5.0,1.0783337995141982,3.0,probing,
200/200/150/150/100/100/50/50,0.75,30.0,3.0,0.05,16,False,1.0,0.0,0.5,0,0.2,12.0,gray,p3c_probe,8,20380,25.81082102430324,15.616004738278288,149.73501773625202,210.20256971556495,1.4686947988223749,6.0,1.0521539138337617,3.0,probing,
200/200/150/150/100/100/50/50,0.75,30.0,3.0,0.05,16,False,1.0,0.0,0.5,0,0.2,12.0,gray,p3c_probe,9,20356,28.244896818425026,16.782562667708056,173.36992837803254,278.37070652455685,1.6554332874828062,7.0,1.0825241359950002,3.0,probing,
200/200/150/150/100/100/50/50,0.75,30.0,3.0,0.05,16,False,1.0,0.0,0.5,0,0.2,12.0,gray,prequal,0,20488,31.789567922463736,23.89603559160136,149.8574474052803,235.07023969354205,2.8731452557594688,11.0,2.209634070879938,3.0,probing,
200/200/150/150/100/100/50/50,0.75,30.0,3.0,0.05,16,False,1.0,0.0,0.5,0,0.2,12.0,gray,prequal,1,20301,31.52172290900676,23.133189778821617,140.40382765460535,217.2219719448492,2.8971479237475988,11.0,2.209925307503808,3.0,probing,
200/200/150/150/100/100/50/50,0.75,30.0,3.0,0.05,16,False,1.0,0.0,0.5,0,0.2,12.0,gray,prequal,2,20391,30.72010848576965,22.73478207855817,144.86677195028776,241.82995390485317,2.8028051591388357,11.0,2.1667661716979256,3.0,probing,
200/200/150/150/100/100/50/50,0.75,30.0,3.0,0.05,16,False,1.0,0.0,0.5,0,0.2,12.0,gray,prequal,3,20225,30.720143533329306,22.281855150840357,142.3288427011999,272.96751332532665,2.746600741656366,10.0,2.3353399891525455,3.0,probing,
200/200/150/150/100/100/50/50,0.75,30.0,3.0,0.05,16,False,1.0,0.0,0.5,0,0.2,12.0,gray,prequal,4,20322,32.837228692409326,24.15134970628774,154.65512179691706,259.42938426076853,3.044483810648558,11.0,2.165612586107081,3.0,probing,
200/200/150/150/100/100/50/50,0.75,30.0,3.0,0.05,16,False,1.0,0.0,0.5,0,0.2,12.0,gray,prequal,5,20399,32.52324383203089,23.876463130243053,157.0293085401243,250.83191550462743,2.9721064758076374,11.0,2.1757768159616333,3.0,probing,
200/200/150/150/100/100/50/50,0.75,30.0,3.0,0.05,16,False,1.0,0.0,0.5,0,0.2,12.0,gray,prequal,6,20378,31.12993001336034,23.64614221599659,138.38700276213928,238.2125110892265,2.887476690548631,10.0,2.154772729784332,3.0,probing,
200/200/150/150/100/100/50/50,0.75,30.0,3.0,0.05,16,False,1.0,0.0,0.5,0,0.2,12.0,gray,prequal,7,20142,29.657355734142023,21.629510809120234,136.5707473943939,235.15320811861957,2.6553966835468175,10.0,2.172551822730272,3.0,probing,
200/200/150/150/100/100/50/50,0.75,30.0,3.0,0.05,16,False,1.0,0.0,0.5,0,0.2,12.0,gray,prequal,8,20380,30.502241101965218,22.60566576172618,137.96611266685446,215.92747121943142,2.7809126594700686,10.0,2.261510464633612,3.0,probing,
200/200/150/150/100/100/50/50,0.75,30.0,3.0,0.05,16,False,1.0,0.0,0.5,0,0.2,12.0,gray,prequal,9,20356,32.760656376964995,23.85481285659985,151.80097374398494,250.4685503161257,2.99926311652584,12.0,2.2172773510230193,3.0,probing,
200/200/150/150/100/100/50/50,0.75,30.0,3.0,0.05,16,False,1.0,0.0,0.5,0,0.2,12.0,gray,sed3_probe,0,20488,26.106528849051255,17.375067201032657,208.7145987188031,353.87676378218987,1.8710464662241313,8.0,1.2307840421414835,3.0,probing,
200/200/150/150/100/100/50/50,0.75,30.0,3.0,0.05,16,False,1.0,0.0,0.5,0,0.2,12.0,gray,sed3_probe,1,20301,25.246271409056963,16.28324500928713,194.11051827465187,395.7025108169917,1.789813309689178,8.0,1.2510566403240724,3.0,probing,
200/200/150/150/100/100/50/50,0.75,30.0,3.0,0.05,16,False,1.0,0.0,0.5,0,0.2,12.0,gray,sed3_probe,2,20391,25.29575761551208,15.976997579720376,206.29682050247698,340.9181459169669,1.8226668628316414,9.0,1.2495786166480713,3.0,probing,
200/200/150/150/100/100/50/50,0.75,30.0,3.0,0.05,16,False,1.0,0.0,0.5,0,0.2,12.0,gray,sed3_probe,3,20225,24.362132506090038,15.42526956360657,204.82766164879646,342.9306896206849,1.6786650185414091,8.0,1.2191371535318791,3.0,probing,
200/200/150/150/100/100/50/50,0.75,30.0,3.0,0.05,16,False,1.0,0.0,0.5,0,0.2,12.0,gray,sed3_probe,4,20322,25.89694178767082,16.49058205677223,218.9097887101776,414.6308822716887,1.8542466292687727,9.0,1.244573733313307,3.0,probing,
200/200/150/150/100/100/50/50,0.75,30.0,3.0,0.05,16,False,1.0,0.0,0.5,0,0.2,12.0,gray,sed3_probe,5,20399,26.584012424666803,16.793932670559286,220.87959547324672,357.52347555593315,1.9055836070395609,9.0,1.2650657936996916,3.0,probing,
200/200/150/150/100/100/50/50,0.75,30.0,3.0,0.05,16,False,1.0,0.0,0.5,0,0.2,12.0,gray,sed3_probe,6,20378,24.825693451859387,16.291978494678894,186.38173202764327,349.8411635761451,1.7719108842869762,8.0,1.1734639386392396,3.0,probing,
200/200/150/150/100/100/50/50,0.75,30.0,3.0,0.05,16,False,1.0,0.0,0.5,0,0.2,12.0,gray,sed3_probe,7,20142,23.579110926024235,15.185027790166394,187.42095400749665,350.1158648072511,1.6166716314169398,7.0,1.2323082417646198,3.0,probing,
200/200/150/150/100/100/50/50,0.75,30.0,3.0,0.05,16,False,1.0,0.0,0.5,0,0.2,12.0,gray,sed3_probe,8,20380,24.667042336338206,15.892980621080355,208.32616944302276,353.3618555241052,1.7414622178606476,8.0,1.2393164302427178,3.0,probing,
200/200/150/150/100/100/50/50,0.75,30.0,3.0,0.05,16,False,1.0,0.0,0.5,0,0.2,12.0,gray,sed3_probe,9,20356,26.624599682192677,16.887436880145046,203.96336183463103,337.54695634131446,1.9443898604833956,10.0,1.2483611772912429,3.0,probing,
200/200/150/150/100/100/50/50,0.75,30.0,3.0,0.05,64,False,1.0,0.0,0.5,0,0.2,12.0,gray,p2c_learned_probe,0,20488,34.063119278963484,23.274337619621832,176.7192523189051,271.61707172866295,2.6295880515423664,10.0,1.1948031180748249,2.0,probing,
200/200/150/150/100/100/50/50,0.75,30.0,3.0,0.05,64,False,1.0,0.0,0.5,0,0.2,12.0,gray,p2c_learned_probe,1,20301,34.83713121857573,22.873169673740534,177.23365346130393,388.98211652274057,2.713117580414758,11.0,1.2004546390668933,2.0,probing,
200/200/150/150/100/100/50/50,0.75,30.0,3.0,0.05,64,False,1.0,0.0,0.5,0,0.2,12.0,gray,p2c_learned_probe,2,20391,32.767166541077295,21.59130360738004,179.87540102538551,305.1956538093314,2.541562454023834,10.0,1.1772189238701043,2.0,probing,
200/200/150/150/100/100/50/50,0.75,30.0,3.0,0.05,64,False,1.0,0.0,0.5,0,0.2,12.0,gray,p2c_learned_probe,3,20225,32.676809370940155,21.50887771200516,169.52507766594925,351.6480190617645,2.477132262051916,10.0,1.2097535106840818,2.0,probing,
200/200/150/150/100/100/50/50,0.75,30.0,3.0,0.05,64,False,1.0,0.0,0.5,0,0.2,12.0,gray,p2c_learned_probe,4,20322,35.530917035610216,23.216696648021617,199.29893811975793,326.661402698992,2.7583407144966046,11.0,1.2038582430394689,2.0,probing,
200/200/150/150/100/100/50/50,0.75,30.0,3.0,0.05,64,False,1.0,0.0,0.5,0,0.2,12.0,gray,p2c_learned_probe,5,20399,37.615665145120936,24.724172453677085,188.09153659676736,468.79835857671196,2.9695573312417274,12.0,1.2561100602663124,2.0,probing,
200/200/150/150/100/100/50/50,0.75,30.0,3.0,0.05,64,False,1.0,0.0,0.5,0,0.2,12.0,gray,p2c_learned_probe,6,20378,35.29244452584803,22.97002330603437,197.17321421126152,652.5251314195231,2.734812052213171,11.0,1.2219517253420118,2.0,probing,
200/200/150/150/100/100/50/50,0.75,30.0,3.0,0.05,64,False,1.0,0.0,0.5,0,0.2,12.0,gray,p2c_learned_probe,7,20142,29.8864849059623,19.91405651356981,161.35521524977918,273.333861054365,2.192731605600238,9.0,1.1476494214394781,2.0,probing,
200/200/150/150/100/100/50/50,0.75,30.0,3.0,0.05,64,False,1.0,0.0,0.5,0,0.2,12.0,gray,p2c_learned_probe,8,20380,32.53824282958731,22.174140072878323,163.80826497605244,413.1594928777846,2.503631010794897,10.0,1.1808526761108114,2.0,probing,
200/200/150/150/100/100/50/50,0.75,30.0,3.0,0.05,64,False,1.0,0.0,0.5,0,0.2,12.0,gray,p2c_learned_probe,9,20356,33.641472987570204,22.64791478903838,177.73717616266217,326.37320060347736,2.605521713499705,11.0,1.1868322071700286,2.0,probing,
200/200/150/150/100/100/50/50,0.75,30.0,3.0,0.05,64,False,1.0,0.0,0.5,0,0.2,12.0,gray,p2c_probe,0,20488,43.639427181889445,24.90016296903086,263.10804017039106,390.08128063995287,2.900331901600937,10.0,1.1735379424622239,2.0,probing,
200/200/150/150/100/100/50/50,0.75,30.0,3.0,0.05,64,False,1.0,0.0,0.5,0,0.2,12.0,gray,p2c_probe,1,20301,45.154464219623456,23.981291121796033,286.88980362742365,484.0618713367487,2.966159302497414,10.0,1.131248979571181,2.0,probing,
200/200/150/150/100/100/50/50,0.75,30.0,3.0,0.05,64,False,1.0,0.0,0.5,0,0.2,12.0,gray,p2c_probe,2,20391,39.74029639810297,22.237578455179374,243.00154298242143,333.16158687705183,2.579863665342553,9.0,1.0806516180191144,2.0,probing,
200/200/150/150/100/100/50/50,0.75,30.0,3.0,0.05,64,False,1.0,0.0,0.5,0,0.2,12.0,gray,p2c_probe,3,20225,41.083480593504454,22.2856439071748,248.08832642694586,335.50969007760256,2.65725587144623,10.0,1.1053492357829622,2.0,probing,
200/200/150/150/100/100/50/50,0.75,30.0,3.0,0.05,64,False,1.0,0.0,0.5,0,0.2,12.0,gray,p2c_probe,4,20322,47.07927274388119,24.0079948687395,306.70023895214035,503.45080271455754,3.103434701308926,12.0,1.1380179920024602,2.0,probing,
200/200/150/150/100/100/50/50,0.75,30.0,3.0,0.05,64,False,1.0,0.0,0.5,0,0.2,12.0,gray,p2c_probe,5,20399,49.9083921838462,26.172753013038452,301.3118895258597,446.5581198963854,3.383793323202118,12.0,1.155526141445167,2.0,probing,
200/200/150/150/100/100/50/50,0.75,30.0,3.0,0.05,64,False,1.0,0.0,0.5,0,0.2,12.0,gray,p2c_probe,6,20378,41.12326298174286,22.6460488609308,261.46037336798736,413.79581800619775,2.679948964569634,10.0,1.1547358518120512,2.0,probing,
200/200/150/150/100/100/50/50,0.75,30.0,3.0,0.05,64,False,1.0,0.0,0.5,0,0.2,12.0,gray,p2c_probe,7,20142,37.540998823268815,20.76832980842891,233.64513480981523,319.4889806994515,2.3392910336610067,9.0,1.0887557556325873,2.0,probing,
200/200/150/150/100/100/50/50,0.75,30.0,3.0,0.05,64,False,1.0,0.0,0.5,0,0.2,12.0,gray,p2c_probe,8,20380,40.87399554005016,22.933740316292806,242.175844625724,347.6424515233936,2.683758586849853,10.0,1.1129116017932792,2.0,probing,
200/200/150/150/100/100/50/50,0.75,30.0,3.0,0.05,64,False,1.0,0.0,0.5,0,0.2,12.0,gray,p2c_probe,9,20356,41.62897678706199,23.643273270014475,255.03633056833533,364.50360802765687,2.732265671055217,10.0,1.1157852319072452,2.0,probing,
200/200/150/150/100/100/50/50,0.75,30.0,3.0,0.05,64,False,1.0,0.0,0.5,0,0.2,12.0,gray,p3c_learned_probe,0,20488,23.729650498410628,17.29263430689354,120.47288336522614,219.2858706321153,1.7833853963295587,7.0,1.2180531043468177,3.0,probing,
200/200/150/150/100/100/50/50,0.75,30.0,3.0,0.05,64,False,1.0,0.0,0.5,0,0.2,12.0,gray,p3c_learned_probe,1,20301,24.250659026208705,17.18449363692187,120.9145961955258,347.1263484070222,1.8702034382542732,8.0,1.2917204742489583,3.0,probing,
200/200/150/150/100/100/50/50,0.75,30.0,3.0,0.05,64,False,1.0,0.0,0.5,0,0.2,12.0,gray,p3c_learned_probe,2,20391,23.504526119872732,16.351207504021303,117.85106310409786,214.57153143132683,1.801775293021431,9.0,1.2231440033581273,3.0,probing,
200/200/150/150/100/100/50/50,0.75,30.0,3.0,0.05,64,False,1.0,0.0,0.5,0,0.2,12.0,gray,p3c_learned_probe,3,20225,23.183615513230475,16.43258162925676,115.52592091901033,221.1179689794771,1.7063040791100124,8.0,1.2027814975631053,3.0,probing,
200/200/150/150/100/100/50/50,0.75,30.0,3.0,0.05,64,False,1.0,0.0,0.5,0,0.2,12.0,gray,p3c_learned_probe,4,20322,24.56030878734291,17.517762848808793,127.12017075879395,233.92815653005414,1.9037496309418365,9.0,1.2091485922239247,3.0,probing,
200/200/150/150/100/100/50/50,0.75,30.0,3.0,0.05,64,False,1.0,0.0,0.5,0,0.2,12.0,gray,p3c_learned_probe,5,20399,25.523213145679204,18.348729372375416,125.42824354807419,242.6342597311729,2.0170106377763615,8.0,1.2525955226918606,3.0,probing,
200/200/150/150/100/100/50/50,0.75,30.0,3.0,0.05,64,False,1.0,0.0,0.5,0,0.2,12.0,gray,p3c_learned_probe,6,20378,23.903905316811155,17.34429421256145,120.81940333445537,205.6824967807187,1.8654921974678575,8.0,1.202010610682835,3.0,probing,
200/200/150/150/100/100/50/50,0.75,30.0,3.0,0.05,64,False,1.0,0.0,0.5,0,0.2,12.0,gray,p3c_learned_probe,7,20142,22.18592090785057,15.507344544525736,112.88940741523777,214.0229889397202,1.613941018766756,8.0,1.199645870487002,3.0,probing,
200/200/150/150/100/100/50/50,0.75,30.0,3.0,0.05,64,False,1.0,0.0,0.5,0,0.2,12.0,gray,p3c_learned_probe,8,20380,23.368724426588887,16.63330361396298,112.38092956827902,241.07515955001082,1.7804710500490677,8.0,1.201915637721404,3.0,probing,
200/200/150/150/100/100/50/50,0.75,30.0,3.0,0.05,64,False,1.0,0.0,0.5,0,0.2,12.0,gray,p3c_learned_probe,9,20356,25.06382983882671,17.52155294946789,122.2189463033178,293.6298379839004,1.9344173707997643,9.0,1.2367821345201078,3.0,probing,
200/200/150/150/100/100/50/50,0.75,30.0,3.0,0.05,64,False,1.0,0.0,0.5,0,0.2,12.0,gray,p3c_probe,0,20488,27.151612051416258,16.76056677034854,166.5784109094861,278.7283841262124,1.5584244435767278,5.0,1.1510403660317734,3.0,probing,
200/200/150/150/100/100/50/50,0.75,30.0,3.0,0.05,64,False,1.0,0.0,0.5,0,0.2,12.0,gray,p3c_probe,1,20301,27.426388578356477,16.32494686859509,169.38609329415044,268.913581117742,1.6016944978079897,6.0,1.124123078839124,3.0,probing,
200/200/150/150/100/100/50/50,0.75,30.0,3.0,0.05,64,False,1.0,0.0,0.5,0,0.2,12.0,gray,p3c_probe,2,20391,26.522996124847975,15.74338802951658,158.0258627632531,224.69102202945805,1.5320484527487617,7.0,1.1228242790677325,3.0,probing,
200/200/150/150/100/100/50/50,0.75,30.0,3.0,0.05,64,False,1.0,0.0,0.5,0,0.2,12.0,gray,p3c_probe,3,20225,25.781752533287982,15.814849366467598,162.35746931486113,227.47561595450463,1.4420766378244747,6.0,1.0929680956951842,3.0,probing,
200/200/150/150/100/100/50/50,0.75,30.0,3.0,0.05,64,False,1.0,0.0,0.5,0,0.2,12.0,gray,p3c_probe,4,20322,27.994309718237854,16.765483045468876,174.2027653257238,270.5591804067214,1.6528884952268477,6.0,1.1233886130658242,3.0,probing,
200/200/150/150/100/100/50/50,0.75,30.0,3.0,0.05,64,False,1.0,0.0,0.5,0,0.2,12.0,gray,p3c_probe,5,20399,28.49682546991895,17.261161145455617,168.09873154137665,267.8705406029446,1.6972890827981764,6.0,1.138466475576485,3.0,probing,
200/200/150/150/100/100/50/50,0.75,30.0,3.0,0.05,64,False,1.0,0.0,0.5,0,0.2,12.0,gray,p3c_probe,6,20378,26.48226472146698,16.00466802561762,162.29685165851765,259.6814936356498,1.5146236137010503,6.0,1.1039869877625594,3.0,probing,
200/200/150/150/100/100/50/50,0.75,30.0,3.0,0.05,64,False,1.0,0.0,0.5,0,0.2,12.0,gray,p3c_probe,7,20142,24.98635995739569,15.181251076430868,147.12680804990842,221.60726671144704,1.360291927316056,5.0,1.0796178930578777,3.0,probing,
200/200/150/150/100/100/50/50,0.75,30.0,3.0,0.05,64,False,1.0,0.0,0.5,0,0.2,12.0,gray,p3c_probe,8,20380,26.513014264154783,16.075338658900762,161.0717498165912,241.92704246201836,1.5282630029440627,6.0,1.058623943980118,3.0,probing,
200/200/150/150/100/100/50/50,0.75,30.0,3.0,0.05,64,False,1.0,0.0,0.5,0,0.2,12.0,gray,p3c_probe,9,20356,29.17500434344875,17.033374731772355,180.61088043509415,286.29362519260144,1.7423855374336805,8.0,1.1268589429480858,3.0,probing,
200/200/150/150/100/100/50/50,0.75,30.0,3.0,0.05,64,False,1.0,0.0,0.5,0,0.2,12.0,gray,prequal,0,20488,42.864115895250364,30.769760015146197,212.4740885769077,338.0487590248588,3.975985942991019,14.0,2.104574040400699,3.0,probing,
200/200/150/150/100/100/50/50,0.75,30.0,3.0,0.05,64,False,1.0,0.0,0.5,0,0.2,12.0,gray,prequal,1,20301,42.77434706405156,29.45904187547299,234.672947608356,420.6774095204069,3.9394611102901336,15.0,2.1036606149132657,3.0,probing,
200/200/150/150/100/100/50/50,0.75,30.0,3.0,0.05,64,False,1.0,0.0,0.5,0,0.2,12.0,gray,prequal,2,20391,39.79536481795981,27.962353245495564,210.66773453545912,348.32444398884064,3.690843999803835,14.0,2.061403681695041,3.0,probing,
200/200/150/150/100/100/50/50,0.75,30.0,3.0,0.05,64,False,1.0,0.0,0.5,0,0.2,12.0,gray,prequal,3,20225,40.68627092196089,27.574616580022138,220.66947645535166,438.78946239438767,3.728108776266996,14.0,2.0501466751784223,3.0,probing,
200/200/150/150/100/100/50/50,0.75,30.0,3.0,0.05,64,False,1.0,0.0,0.5,0,0.2,12.0,gray,prequal,4,20322,42.95187494600055,28.936725492887394,239.7587545152816,463.1709182141829,3.948823934652101,15.0,2.084259644129943,3.0,probing,
200/200/150/150/100/100/50/50,0.75,30.0,3.0,0.05,64,False,1.0,0.0,0.5,0,0.2,12.0,gray,prequal,5,20399,44.32948914573274,30.9543491845794,209.7912354258807,358.4785035802754,4.153389872052552,16.0,2.0904247409529537,3.0,probing,
200/200/150/150/100/100/50/50,0.75,30.0,3.0,0.05,64,False,1.0,0.0,0.5,0,0.2,12.0,gray,prequal,6,20378,40.77713577104088,28.793308546321228,215.7577552429118,341.7149901108893,3.794729610364118,15.0,2.0840143305942997,3.0,probing,
200/200/150/150/100/100/50/50,0.75,30.0,3.0,0.05,64,False,1.0,0.0,0.5,0,0.2,12.0,gray,prequal,7,20142,37.937896064369845,25.875659716788846,200.86601483982324,373.81714335956406,3.4032370171780357,13.0,2.0678563372202854,3.0,probing,
200/200/150/150/100/100/50/50,0.75,30.0,3.0,0.05,64,False,1.0,0.0,0.5,0,0.2,12.0,gray,prequal,8,20380,39.87109270726285,28.43447458643844,196.8344541553506,302.9226014781441,3.7040235525024534,14.0,2.08462698517188,3.0,probing,
200/200/150/150/100/100/50/50,0.75,30.0,3.0,0.05,64,False,1.0,0.0,0.5,0,0.2,12.0,gray,prequal,9,20356,42.953471649301314,29.50204745356011,219.27688561310842,382.3529860324684,4.0515327176262526,16.0,2.097771888027011,3.0,probing,
200/200/150/150/100/100/50/50,0.75,30.0,3.0,0.05,64,False,1.0,0.0,0.5,0,0.2,12.0,gray,sed3_probe,0,20488,25.637936232407547,16.945111645020994,204.20607401559607,323.56065187135374,1.8414681764935572,8.0,1.2682025857031083,3.0,probing,
200/200/150/150/100/100/50/50,0.75,30.0,3.0,0.05,64,False,1.0,0.0,0.5,0,0.2,12.0,gray,sed3_probe,1,20301,25.801045935708306,16.675016861395164,204.84059381626452,369.13648354751035,1.8643416580464016,8.0,1.2734644139554914,3.0,probing,
200/200/150/150/100/100/50/50,0.75,30.0,3.0,0.05,64,False,1.0,0.0,0.5,0,0.2,12.0,gray,sed3_probe,2,20391,25.147092744331943,15.986232834031,192.5017350700934,328.01682788189964,1.8092786033053798,9.0,1.231725248183702,3.0,probing,
200/200/150/150/100/100/50/50,0.75,30.0,3.0,0.05,64,False,1.0,0.0,0.5,0,0.2,12.0,gray,sed3_probe,3,20225,24.439195707365215,15.766016216108625,196.7577180567801,324.97480820764565,1.682274412855377,8.0,1.1887364377876823,3.0,probing,
200/200/150/150/100/100/50/50,0.75,30.0,3.0,0.05,64,False,1.0,0.0,0.5,0,0.2,12.0,gray,sed3_probe,4,20322,26.3338175217185,16.9892081243177,214.57850409330405,373.12177386122926,1.9162484007479579,9.0,1.2558014575822367,3.0,probing,
200/200/150/150/100/100/50/50,0.75,30.0,3.0,0.05,64,False,1.0,0.0,0.5,0,0.2,12.0,gray,sed3_probe,5,20399,26.541774001055956,17.047983937970912,207.76609648770676,344.97942666003956,1.9256336094906612,9.0,1.2885434280342318,3.0,probing,
200/200/150/150/100/100/50/50,0.75,30.0,3.0,0.05,64,False,1.0,0.0,0.5,0,0.2,12.0,gray,sed3_probe,6,20378,24.712309656628655,16.26241922123306,199.41051416824914,356.83240495612694,1.768966532535087,8.0,1.214942088235056,3.0,probing,
200/200/150/150/100/100/50/50,0.75,30.0,3.0,0.05,64,False,1.0,0.0,0.5,0,0.2,12.0,gray,sed3_probe,7,20142,23.676028840131966,15.149503323317326,197.87987096880025,337.79213639674833,1.5927415351007845,7.0,1.2260612333926941,3.0,probing,
200/200/150/150/100/100/50/50,0.75,30.0,3.0,0.05,64,False,1.0,0.0,0.5,0,0.2,12.0,gray,sed3_probe,8,20380,24.646603850017225,15.798405967572648,213.5459308702007,348.62458583906,1.755152109911678,8.0,1.2382410603064398,3.0,probing,
200/200/150/150/100/100/50/50,0.75,30.0,3.0,0.05,64,False,1.0,0.0,0.5,0,0.2,12.0,gray,sed3_probe,9,20356,27.100723427728294,16.910078274660734,220.72419660375326,380.2237598046894,1.9579976419728826,10.0,1.2521951490677445,3.0,probing,
200/200/150/150/100/100/50/50,0.9,30.0,3.0,0.05,1,False,1.0,0.0,0.5,,0.2,12.0,steady,p2c_learned_probe,0,24557,31.051773813568847,25.034048774095652,113.51706504537016,170.76978033869193,3.174817770900354,11.0,0.915616265929193,2.0,probing,
200/200/150/150/100/100/50/50,0.9,30.0,3.0,0.05,1,False,1.0,0.0,0.5,,0.2,12.0,steady,p2c_learned_probe,1,24312,28.50043266031963,22.58875095483237,111.10542161935686,158.0295228231607,2.809600197433366,10.0,0.8468385459548887,2.0,probing,
200/200/150/150/100/100/50/50,0.9,30.0,3.0,0.05,1,False,1.0,0.0,0.5,,0.2,12.0,steady,p2c_learned_probe,2,24431,29.003972490503937,22.91328213644306,112.34186668243196,189.62678444350314,2.9092955671073635,10.0,0.8916751317530527,2.0,probing,
200/200/150/150/100/100/50/50,0.9,30.0,3.0,0.05,1,False,1.0,0.0,0.5,,0.2,12.0,steady,p2c_learned_probe,3,24221,27.62823487416939,22.26422497215097,103.61733901042305,162.60086652134055,2.6942735642624167,9.0,0.8465827493407707,2.0,probing,
200/200/150/150/100/100/50/50,0.9,30.0,3.0,0.05,1,False,1.0,0.0,0.5,,0.2,12.0,steady,p2c_learned_probe,4,24358,29.473177924370987,24.130393602852074,105.59323122366159,146.26992850753498,2.989982757205025,10.0,0.8598570443164932,2.0,probing,
200/200/150/150/100/100/50/50,0.9,30.0,3.0,0.05,1,False,1.0,0.0,0.5,,0.2,12.0,steady,p2c_learned_probe,5,24518,30.97271916446306,24.50835358601733,118.40982600340494,169.19451061641283,3.146382249775675,12.0,0.9133570272636092,2.0,probing,
200/200/150/150/100/100/50/50,0.9,30.0,3.0,0.05,1,False,1.0,0.0,0.5,,0.2,12.0,steady,p2c_learned_probe,6,24384,29.500543933878838,23.60095462887113,111.24400560770242,159.99043979912747,2.9218339895013123,10.0,0.8926969358575557,2.0,probing,
200/200/150/150/100/100/50/50,0.9,30.0,3.0,0.05,1,False,1.0,0.0,0.5,,0.2,12.0,steady,p2c_learned_probe,7,24123,26.64566841463845,21.37512334460645,100.66285002953639,140.0206898907105,2.60029847033951,9.0,0.8274914654095651,2.0,probing,
200/200/150/150/100/100/50/50,0.9,30.0,3.0,0.05,1,False,1.0,0.0,0.5,,0.2,12.0,steady,p2c_learned_probe,8,24435,28.211115007187974,22.801876267702248,107.84312760074181,163.59620301197754,2.8265193370165744,10.0,0.8340194243877858,2.0,probing,
200/200/150/150/100/100/50/50,0.9,30.0,3.0,0.05,1,False,1.0,0.0,0.5,,0.2,12.0,steady,p2c_learned_probe,9,24387,30.085911849273522,23.429087902421486,121.2363636455622,175.55477781173855,3.0327223520728257,14.0,0.81828774346849,2.0,probing,
200/200/150/150/100/100/50/50,0.9,30.0,3.0,0.05,1,False,1.0,0.0,0.5,,0.2,12.0,steady,p2c_probe,0,24557,42.036216712327445,26.72078253740473,233.85743975903986,334.1961459872052,3.475098749847294,10.0,0.8680291474711935,2.0,probing,
200/200/150/150/100/100/50/50,0.9,30.0,3.0,0.05,1,False,1.0,0.0,0.5,,0.2,12.0,steady,p2c_probe,1,24312,37.32040726866543,23.49457240508812,207.1852365475125,313.2558047010462,3.0056762092793683,10.0,0.8364074482170758,2.0,probing,
200/200/150/150/100/100/50/50,0.9,30.0,3.0,0.05,1,False,1.0,0.0,0.5,,0.2,12.0,steady,p2c_probe,2,24431,39.18168606918075,25.006270713127776,214.03715978626184,307.66288574933185,3.2170602922516474,9.0,0.8601669645797801,2.0,probing,
200/200/150/150/100/100/50/50,0.9,30.0,3.0,0.05,1,False,1.0,0.0,0.5,,0.2,12.0,steady,p2c_probe,3,24221,36.59845242785945,23.730493359742866,199.57943919636523,276.5307143227619,2.9259733289294414,8.799999999999272,0.82228147220176,2.0,probing,
200/200/150/150/100/100/50/50,0.9,30.0,3.0,0.05,1,False,1.0,0.0,0.5,,0.2,12.0,steady,p2c_probe,4,24358,39.3272282833943,25.604766413360736,211.61368332520777,334.4330364842368,3.2250184744231873,9.0,0.858854249615993,2.0,probing,
200/200/150/150/100/100/50/50,0.9,30.0,3.0,0.05,1,False,1.0,0.0,0.5,,0.2,12.0,steady,p2c_probe,5,24518,40.68943006920729,25.612767442812157,229.78493714128314,336.50618264378517,3.349008891426707,10.0,0.8893881021086537,2.0,probing,
200/200/150/150/100/100/50/50,0.9,30.0,3.0,0.05,1,False,1.0,0.0,0.5,,0.2,12.0,steady,p2c_probe,6,24384,39.57640649532874,25.580807387468596,208.2173266090372,321.0090038738682,3.2192831364829395,9.0,0.8962086728055769,2.0,probing,
200/200/150/150/100/100/50/50,0.9,30.0,3.0,0.05,1,False,1.0,0.0,0.5,,0.2,12.0,steady,p2c_probe,7,24123,35.25577135650524,22.63600753088113,199.8590786568035,285.16509796812664,2.793640923599884,8.0,0.8023546554133935,2.0,probing,
200/200/150/150/100/100/50/50,0.9,30.0,3.0,0.05,1,False,1.0,0.0,0.5,,0.2,12.0,steady,p2c_probe,8,24435,38.329415566093544,24.905243675824806,209.82388089684105,341.39324773440535,3.1337016574585634,10.0,0.8380861027551029,2.0,probing,
200/200/150/150/100/100/50/50,0.9,30.0,3.0,0.05,1,False,1.0,0.0,0.5,,0.2,12.0,steady,p2c_probe,9,24387,39.33845821786384,24.51342173199933,226.27792478104894,330.92408542537555,3.2177389592815846,11.0,0.8311927373992002,2.0,probing,
200/200/150/150/100/100/50/50,0.9,30.0,3.0,0.05,1,False,1.0,0.0,0.5,,0.2,12.0,steady,p3c_learned_probe,0,24557,24.27546655775047,19.832226953674592,88.42454433974359,129.79486801776963,2.48316162397687,10.0,0.8674411345956254,3.0,probing,
200/200/150/150/100/100/50/50,0.9,30.0,3.0,0.05,1,False,1.0,0.0,0.5,,0.2,12.0,steady,p3c_learned_probe,1,24312,22.089407458809497,17.846112968118888,80.64064269085125,119.57421990187078,2.208538993089832,9.0,0.8927929769877168,3.0,probing,
200/200/150/150/100/100/50/50,0.9,30.0,3.0,0.05,1,False,1.0,0.0,0.5,,0.2,12.0,steady,p3c_learned_probe,2,24431,22.665778108622003,18.18940178331374,85.025685088435,130.1781855326337,2.258933322418239,9.0,0.8851926604671868,3.0,probing,
200/200/150/150/100/100/50/50,0.9,30.0,3.0,0.05,1,False,1.0,0.0,0.5,,0.2,12.0,steady,p3c_learned_probe,3,24221,22.305189745692726,18.351748665491385,80.25254606094865,122.56854244318129,2.202221212996986,8.0,0.872241239073096,3.0,probing,
200/200/150/150/100/100/50/50,0.9,30.0,3.0,0.05,1,False,1.0,0.0,0.5,,0.2,12.0,steady,p3c_learned_probe,4,24358,23.829193186838157,19.96115314746838,81.46428364666957,121.79721538312765,2.424378027752689,8.0,0.8801475807074064,3.0,probing,
200/200/150/150/100/100/50/50,0.9,30.0,3.0,0.05,1,False,1.0,0.0,0.5,,0.2,12.0,steady,p3c_learned_probe,5,24518,24.710672198447636,20.185628553976542,88.05458342284224,147.2820459254215,2.5578350599559507,10.0,0.9294697228098179,3.0,probing,
200/200/150/150/100/100/50/50,0.9,30.0,3.0,0.05,1,False,1.0,0.0,0.5,,0.2,12.0,steady,p3c_learned_probe,6,24384,23.165635823981223,19.230402201040775,82.32358930160615,125.1423467964768,2.317544291338583,9.0,0.9045165435647463,3.0,probing,
200/200/150/150/100/100/50/50,0.9,30.0,3.0,0.05,1,False,1.0,0.0,0.5,,0.2,12.0,steady,p3c_learned_probe,7,24123,20.99830430683008,17.06444722788447,75.87283755761261,121.53690393232456,2.0257430667827383,8.0,0.8729554680182616,3.0,probing,
200/200/150/150/100/100/50/50,0.9,30.0,3.0,0.05,1,False,1.0,0.0,0.5,,0.2,12.0,steady,p3c_learned_probe,8,24435,21.79489675818336,17.960687648830742,82.24856730480062,121.3290419022194,2.168324125230203,9.0,0.8518988077857226,3.0,probing,
200/200/150/150/100/100/50/50,0.9,30.0,3.0,0.05,1,False,1.0,0.0,0.5,,0.2,12.0,steady,p3c_learned_probe,9,24387,26.40014566206853,20.969469002629637,109.88498959561937,154.45948482935555,2.8088735801861646,14.0,0.9364688186703964,3.0,probing,
200/200/150/150/100/100/50/50,0.9,30.0,3.0,0.05,1,False,1.0,0.0,0.5,,0.2,12.0,steady,p3c_probe,0,24557,27.440547639713092,18.293065419019428,156.74437414959158,244.42769587360846,2.0494767276133077,7.0,0.827220296886038,3.0,probing,
200/200/150/150/100/100/50/50,0.9,30.0,3.0,0.05,1,False,1.0,0.0,0.5,,0.2,12.0,steady,p3c_probe,1,24312,25.471023373245295,16.561613706469913,139.5916942676032,257.12360807993866,1.8376521882198091,7.0,0.842673845722439,3.0,probing,
200/200/150/150/100/100/50/50,0.9,30.0,3.0,0.05,1,False,1.0,0.0,0.5,,0.2,12.0,steady,p3c_probe,2,24431,26.247241932105034,17.155593650040935,146.86856149361762,242.07864925332242,1.9250133027710696,6.0,0.8800276408957965,3.0,probing,
200/200/150/150/100/100/50/50,0.9,30.0,3.0,0.05,1,False,1.0,0.0,0.5,,0.2,12.0,steady,p3c_probe,3,24221,25.42157676585507,16.763935968828747,143.6938124159255,218.97052441242556,1.823046117005904,6.0,0.819198558013865,3.0,probing,
200/200/150/150/100/100/50/50,0.9,30.0,3.0,0.05,1,False,1.0,0.0,0.5,,0.2,12.0,steady,p3c_probe,4,24358,26.69475172943527,17.917557663379657,147.44952543151385,224.9731330397793,1.9642417275638393,6.0,0.8229335098003469,3.0,probing,
200/200/150/150/100/100/50/50,0.9,30.0,3.0,0.05,1,False,1.0,0.0,0.5,,0.2,12.0,steady,p3c_probe,5,24518,27.338546440297296,18.34991837221578,157.26411533792057,257.1880532880343,2.054694510155804,7.0,0.8598883266450374,3.0,probing,
200/200/150/150/100/100/50/50,0.9,30.0,3.0,0.05,1,False,1.0,0.0,0.5,,0.2,12.0,steady,p3c_probe,6,24384,26.81636196967271,17.798213715495947,146.18641114972718,252.18821282761618,1.9616551837270342,6.0,0.861874873103291,3.0,probing,
200/200/150/150/100/100/50/50,0.9,30.0,3.0,0.05,1,False,1.0,0.0,0.5,,0.2,12.0,steady,p3c_probe,7,24123,24.41254931897687,16.107091532941098,134.62860340703025,193.6017150151784,1.7181528002321436,6.0,0.8222012132845349,3.0,probing,
200/200/150/150/100/100/50/50,0.9,30.0,3.0,0.05,1,False,1.0,0.0,0.5,,0.2,12.0,steady,p3c_probe,8,24435,25.04761958912172,16.561520426012777,136.38809453968892,237.82672538276296,1.804256189891549,8.0,0.8164291710116405,3.0,probing,
200/200/150/150/100/100/50/50,0.9,30.0,3.0,0.05,1,False,1.0,0.0,0.5,,0.2,12.0,steady,p3c_probe,9,24387,27.578029946367078,17.76032466636579,154.58873745664633,275.92713748519805,2.073399762168368,10.0,0.8571363825547982,3.0,probing,
200/200/150/150/100/100/50/50,0.9,30.0,3.0,0.05,1,False,1.0,0.0,0.5,,0.2,12.0,steady,prequal,0,24557,24.8267491808578,19.617758830520415,92.8046284431137,150.0437156686132,2.5897300158814187,10.0,1.155914965249602,3.0,probing,
200/200/150/150/100/100/50/50,0.9,30.0,3.0,0.05,1,False,1.0,0.0,0.5,,0.2,12.0,steady,prequal,1,24312,22.60346150551666,17.878661973965038,87.03633665124536,130.48130845119377,2.3313589996709445,9.0,1.1027780014215136,3.0,probing,
200/200/150/150/100/100/50/50,0.9,30.0,3.0,0.05,1,False,1.0,0.0,0.5,,0.2,12.0,steady,prequal,2,24431,23.446930691697602,18.481236709530613,90.41485398687206,131.8167410126018,2.4213499242765337,9.0,1.1687893006536885,3.0,probing,
200/200/150/150/100/100/50/50,0.9,30.0,3.0,0.05,1,False,1.0,0.0,0.5,,0.2,12.0,steady,prequal,3,24221,22.637466580852852,18.05631019934051,84.84186254143394,131.09882208353446,2.3070063168325006,8.0,1.1699158049279852,3.0,probing,
200/200/150/150/100/100/50/50,0.9,30.0,3.0,0.05,1,False,1.0,0.0,0.5,,0.2,12.0,steady,prequal,4,24358,24.21390705206265,19.6338543312371,87.9965018572142,130.91301048683204,2.5232777732161917,9.0,1.1219658444811313,3.0,probing,
200/200/150/150/100/100/50/50,0.9,30.0,3.0,0.05,1,False,1.0,0.0,0.5,,0.2,12.0,steady,prequal,5,24518,24.416727810369483,19.343145627752634,95.31533994737899,137.3542213341462,2.5601190961742395,10.0,1.1833410170101017,3.0,probing,
200/200/150/150/100/100/50/50,0.9,30.0,3.0,0.05,1,False,1.0,0.0,0.5,,0.2,12.0,steady,prequal,6,24384,24.009236076180443,19.485925246398583,87.92762295784414,142.3439496890025,2.493643372703412,10.0,1.15277567136367,3.0,probing,
200/200/150/150/100/100/50/50,0.9,30.0,3.0,0.05,1,False,1.0,0.0,0.5,,0.2,12.0,steady,prequal,7,24123,21.27766289462677,16.788485387909446,81.70431322614326,128.29606839465984,2.1475355469883515,8.0,1.156981800381101,3.0,probing,
200/200/150/150/100/100/50/50,0.9,30.0,3.0,0.05,1,False,1.0,0.0,0.5,,0.2,12.0,steady,prequal,8,24435,21.98072682167273,17.47782366206252,89.5956098804782,135.2216442090584,2.2209535502353184,9.0,1.0970533124284918,3.0,probing,
200/200/150/150/100/100/50/50,0.9,30.0,3.0,0.05,1,False,1.0,0.0,0.5,,0.2,12.0,steady,prequal,9,24387,25.062588273013684,19.147058260863048,109.23809125972384,156.06226178092504,2.6161069422233156,13.0,1.158145253788964,3.0,probing,
200/200/150/150/100/100/50/50,0.9,30.0,3.0,0.05,1,False,1.0,0.0,0.5,,0.2,12.0,steady,sed3_probe,0,24557,23.91194568910072,19.495727236748195,82.35592122115983,135.10196081896902,2.3914566111495703,9.0,0.853109413040944,3.0,probing,
200/200/150/150/100/100/50/50,0.9,30.0,3.0,0.05,1,False,1.0,0.0,0.5,,0.2,12.0,steady,sed3_probe,1,24312,21.75328222348189,17.166145230821606,79.59591912105687,120.04910536127993,2.1034468575189207,9.0,0.8220686809944543,3.0,probing,
200/200/150/150/100/100/50/50,0.9,30.0,3.0,0.05,1,False,1.0,0.0,0.5,,0.2,12.0,steady,sed3_probe,2,24431,22.21387624805146,17.691986843106022,83.47534702204149,128.80048727188583,2.175432851704801,9.0,0.8557259618300253,3.0,probing,
200/200/150/150/100/100/50/50,0.9,30.0,3.0,0.05,1,False,1.0,0.0,0.5,,0.2,12.0,steady,sed3_probe,3,24221,21.494977803828156,17.63453820161942,76.29878450103433,109.54440124426505,2.054456876264399,8.0,0.8314784492235145,3.0,probing,
200/200/150/150/100/100/50/50,0.9,30.0,3.0,0.05,1,False,1.0,0.0,0.5,,0.2,12.0,steady,sed3_probe,4,24358,22.737827219478508,18.78881295115775,80.80719859604287,117.95052608065191,2.223499466294441,8.0,0.8438574731541746,3.0,probing,
200/200/150/150/100/100/50/50,0.9,30.0,3.0,0.05,1,False,1.0,0.0,0.5,,0.2,12.0,steady,sed3_probe,5,24518,23.26709657162465,18.891217685989226,84.46492094272001,124.54299674221018,2.3145444163471733,9.0,0.850904989045381,3.0,probing,
200/200/150/150/100/100/50/50,0.9,30.0,3.0,0.05,1,False,1.0,0.0,0.5,,0.2,12.0,steady,sed3_probe,6,24384,22.642428685664466,18.702901504703107,82.1312406879072,124.03039500299599,2.2303969816272966,9.0,0.8488986191679756,3.0,probing,
200/200/150/150/100/100/50/50,0.9,30.0,3.0,0.05,1,False,1.0,0.0,0.5,,0.2,12.0,steady,sed3_probe,7,24123,20.686016598862672,16.637463562284793,75.49747733008509,114.55797593671394,1.938979397255731,8.0,0.8142483961447831,3.0,probing,
200/200/150/150/100/100/50/50,0.9,30.0,3.0,0.05,1,False,1.0,0.0,0.5,,0.2,12.0,steady,sed3_probe,8,24435,21.28598188122769,17.309961795273665,81.31166828508664,121.20997994896254,2.0522611008798854,9.0,0.8046998035628563,3.0,probing,
200/200/150/150/100/100/50/50,0.9,30.0,3.0,0.05,1,False,1.0,0.0,0.5,,0.2,12.0,steady,sed3_probe,9,24387,23.96047897955461,18.485494092114862,103.14198223065817,136.82012822682128,2.3781932997088613,13.0,0.8699633683519696,3.0,probing,
200/200/150/150/100/100/50/50,0.9,30.0,3.0,0.05,4,False,1.0,0.0,0.5,,0.2,12.0,steady,p2c_learned_probe,0,24557,31.387175610795087,25.438369961907625,122.08368855126704,199.40874476803083,3.1871971332003093,11.0,0.8470259099239146,2.0,probing,
200/200/150/150/100/100/50/50,0.9,30.0,3.0,0.05,4,False,1.0,0.0,0.5,,0.2,12.0,steady,p2c_learned_probe,1,24312,28.245804788079955,22.006624186478252,110.42263536374764,182.11551435061887,2.795697597894044,11.0,0.84236030469117,2.0,probing,
200/200/150/150/100/100/50/50,0.9,30.0,3.0,0.05,4,False,1.0,0.0,0.5,,0.2,12.0,steady,p2c_learned_probe,2,24431,28.53887078525956,22.744104234561746,107.94903099188335,161.59699129832333,2.8704514755842987,10.0,0.8487792542301725,2.0,probing,
200/200/150/150/100/100/50/50,0.9,30.0,3.0,0.05,4,False,1.0,0.0,0.5,,0.2,12.0,steady,p2c_learned_probe,3,24221,28.562682160795166,22.57389993804182,111.4398630730079,161.24819170712416,2.759919078485612,10.0,0.8693227840629791,2.0,probing,
200/200/150/150/100/100/50/50,0.9,30.0,3.0,0.05,4,False,1.0,0.0,0.5,,0.2,12.0,steady,p2c_learned_probe,4,24358,29.451222594986557,23.616961546931048,109.17356778829426,152.10171378815537,2.9470399868626322,10.0,0.8540392072628655,2.0,probing,
200/200/150/150/100/100/50/50,0.9,30.0,3.0,0.05,4,False,1.0,0.0,0.5,,0.2,12.0,steady,p2c_learned_probe,5,24518,30.605758979624532,24.54280246737417,115.9432077600175,169.74349905347128,3.1418549637001387,12.0,0.8517337386588951,2.0,probing,
200/200/150/150/100/100/50/50,0.9,30.0,3.0,0.05,4,False,1.0,0.0,0.5,,0.2,12.0,steady,p2c_learned_probe,6,24384,30.049598411410265,24.041257791635573,113.72783357116408,165.53021611612212,3.0015173884514437,11.0,0.8834303269307215,2.0,probing,
200/200/150/150/100/100/50/50,0.9,30.0,3.0,0.05,4,False,1.0,0.0,0.5,,0.2,12.0,steady,p2c_learned_probe,7,24123,26.480095916708144,20.997202103938406,103.73036652797698,154.39667238777673,2.579198275504705,9.0,0.827549500267021,2.0,probing,
200/200/150/150/100/100/50/50,0.9,30.0,3.0,0.05,4,False,1.0,0.0,0.5,,0.2,12.0,steady,p2c_learned_probe,8,24435,28.26183606610611,22.66330671266026,106.1630435222856,152.01717803157493,2.861551053816247,11.0,0.8254503721127511,2.0,probing,
200/200/150/150/100/100/50/50,0.9,30.0,3.0,0.05,4,False,1.0,0.0,0.5,,0.2,12.0,steady,p2c_learned_probe,9,24387,30.378830179743485,23.843456764977233,125.40989155516688,172.59846322378473,3.084471234674212,13.0,0.8719139097583696,2.0,probing,
200/200/150/150/100/100/50/50,0.9,30.0,3.0,0.05,4,False,1.0,0.0,0.5,,0.2,12.0,steady,p2c_probe,0,24557,41.01248706471471,26.727250742222708,245.62833373658884,353.1515262098235,3.4015148430182838,10.0,0.8377945497908088,2.0,probing,
200/200/150/150/100/100/50/50,0.9,30.0,3.0,0.05,4,False,1.0,0.0,0.5,,0.2,12.0,steady,p2c_probe,1,24312,36.61006056117638,23.02080316917987,206.82847532271816,298.3436027098228,2.937685093780849,10.0,0.8409650178083705,2.0,probing,
200/200/150/150/100/100/50/50,0.9,30.0,3.0,0.05,4,False,1.0,0.0,0.5,,0.2,12.0,steady,p2c_probe,2,24431,38.446694341088616,24.56117984486994,212.63349892673315,354.7119687984405,3.123899963161557,9.0,0.863924273511181,2.0,probing,
200/200/150/150/100/100/50/50,0.9,30.0,3.0,0.05,4,False,1.0,0.0,0.5,,0.2,12.0,steady,p2c_probe,3,24221,36.77981725084691,23.25127966118501,206.25812355447812,300.75003113069783,2.9085917179307215,9.0,0.8615780161053547,2.0,probing,
200/200/150/150/100/100/50/50,0.9,30.0,3.0,0.05,4,False,1.0,0.0,0.5,,0.2,12.0,steady,p2c_probe,4,24358,39.46449837222764,25.267168066398504,226.49259491619216,301.0818070837508,3.2022744067657443,9.0,0.8696710512279622,2.0,probing,
200/200/150/150/100/100/50/50,0.9,30.0,3.0,0.05,4,False,1.0,0.0,0.5,,0.2,12.0,steady,p2c_probe,5,24518,41.36700048430393,25.65802178676302,242.04536120340288,353.4683733502003,3.4124316828452566,10.0,0.8669404626323483,2.0,probing,
200/200/150/150/100/100/50/50,0.9,30.0,3.0,0.05,4,False,1.0,0.0,0.5,,0.2,12.0,steady,p2c_probe,6,24384,41.05714072353843,26.113398636741447,212.00797608840685,328.48740595495383,3.384514435695538,11.0,0.877192119578951,2.0,probing,
200/200/150/150/100/100/50/50,0.9,30.0,3.0,0.05,4,False,1.0,0.0,0.5,,0.2,12.0,steady,p2c_probe,7,24123,35.61189250077766,22.362817897889187,200.7817556845637,285.98275326972276,2.794635824731584,9.0,0.8080172883454614,2.0,probing,
200/200/150/150/100/100/50/50,0.9,30.0,3.0,0.05,4,False,1.0,0.0,0.5,,0.2,12.0,steady,p2c_probe,8,24435,37.046929123071514,23.76717436202469,209.1770677481861,298.35200807545095,3.018375281358707,10.0,0.8100006572349148,2.0,probing,
200/200/150/150/100/100/50/50,0.9,30.0,3.0,0.05,4,False,1.0,0.0,0.5,,0.2,12.0,steady,p2c_probe,9,24387,38.931177449125215,25.164962795489743,228.0301078512808,339.0823065740406,3.178783778242506,11.0,0.8391541775086354,2.0,probing,
200/200/150/150/100/100/50/50,0.9,30.0,3.0,0.05,4,False,1.0,0.0,0.5,,0.2,12.0,steady,p3c_learned_probe,0,24557,24.94102931193002,20.47555379350907,86.92377632225262,134.01527541913322,2.556053263835159,10.0,0.8542705318213624,3.0,probing,
200/200/150/150/100/100/50/50,0.9,30.0,3.0,0.05,4,False,1.0,0.0,0.5,,0.2,12.0,steady,p3c_learned_probe,1,24312,22.672000323526238,18.466621706095587,81.20286554264852,119.44752657143668,2.2984945705824282,9.0,0.8353890057291068,3.0,probing,
200/200/150/150/100/100/50/50,0.9,30.0,3.0,0.05,4,False,1.0,0.0,0.5,,0.2,12.0,steady,p3c_learned_probe,2,24431,22.48195992434706,17.91131480234398,84.97194761435499,137.97218367006022,2.2410462117801155,9.0,0.8821669432459047,3.0,probing,
200/200/150/150/100/100/50/50,0.9,30.0,3.0,0.05,4,False,1.0,0.0,0.5,,0.2,12.0,steady,p3c_learned_probe,3,24221,22.22281899598298,18.314393205081103,77.824222959332,117.30703193153285,2.1747656991866564,8.0,0.8491621816296617,3.0,probing,
200/200/150/150/100/100/50/50,0.9,30.0,3.0,0.05,4,False,1.0,0.0,0.5,,0.2,12.0,steady,p3c_learned_probe,4,24358,22.98997691788721,18.634739325348093,81.0692584475548,114.01256826515761,2.249938418589375,8.0,0.8346373314751733,3.0,probing,
200/200/150/150/100/100/50/50,0.9,30.0,3.0,0.05,4,False,1.0,0.0,0.5,,0.2,12.0,steady,p3c_learned_probe,5,24518,24.59172733604809,20.496040277929062,84.68835694842795,127.31623621553504,2.546618810669712,9.0,0.8826864181610513,3.0,probing,
200/200/150/150/100/100/50/50,0.9,30.0,3.0,0.05,4,False,1.0,0.0,0.5,,0.2,12.0,steady,p3c_learned_probe,6,24384,23.355259038493998,19.361740713830233,83.0527453648868,127.43932550001526,2.327181758530184,9.0,0.8653742959932189,3.0,probing,
200/200/150/150/100/100/50/50,0.9,30.0,3.0,0.05,4,False,1.0,0.0,0.5,,0.2,12.0,steady,p3c_learned_probe,7,24123,20.796756265662864,16.888155580968345,77.81463856672738,110.9708014638312,1.9901753513244622,8.0,0.8120221718310581,3.0,probing,
200/200/150/150/100/100/50/50,0.9,30.0,3.0,0.05,4,False,1.0,0.0,0.5,,0.2,12.0,steady,p3c_learned_probe,8,24435,21.485332566177863,17.502799936295332,81.2803909539081,126.53323395113976,2.100388786576632,10.0,0.8503754176412186,3.0,probing,
200/200/150/150/100/100/50/50,0.9,30.0,3.0,0.05,4,False,1.0,0.0,0.5,,0.2,12.0,steady,p3c_learned_probe,9,24387,24.854917146124855,19.513804540448376,104.53873420429811,147.26591577321082,2.5722721121909213,13.0,0.8823005114125224,3.0,probing,
200/200/150/150/100/100/50/50,0.9,30.0,3.0,0.05,4,False,1.0,0.0,0.5,,0.2,12.0,steady,p3c_probe,0,24557,28.062459082779164,18.586450791350018,152.56250478202054,223.3216188691777,2.104206539886794,7.0,0.8408062900510637,3.0,probing,
200/200/150/150/100/100/50/50,0.9,30.0,3.0,0.05,4,False,1.0,0.0,0.5,,0.2,12.0,steady,p3c_probe,1,24312,25.710191547556906,16.754757502876807,146.74609456165706,229.61916949678474,1.8613030602171767,7.0,0.8581872261081342,3.0,probing,
200/200/150/150/100/100/50/50,0.9,30.0,3.0,0.05,4,False,1.0,0.0,0.5,,0.2,12.0,steady,p3c_probe,2,24431,26.06567621452652,17.045125091968316,148.1136785806129,213.75920001233922,1.9246449183414513,6.0,0.8704987144101021,3.0,probing,
200/200/150/150/100/100/50/50,0.9,30.0,3.0,0.05,4,False,1.0,0.0,0.5,,0.2,12.0,steady,p3c_probe,3,24221,25.39716359716995,16.93367817055602,138.08512665278937,212.71082828936545,1.8250691548656124,6.0,0.830152301945498,3.0,probing,
200/200/150/150/100/100/50/50,0.9,30.0,3.0,0.05,4,False,1.0,0.0,0.5,,0.2,12.0,steady,p3c_probe,4,24358,26.673900206968842,17.814040037306356,155.3364788507867,226.14244481168603,1.9593152147138517,6.0,0.8245992835372057,3.0,probing,
200/200/150/150/100/100/50/50,0.9,30.0,3.0,0.05,4,False,1.0,0.0,0.5,,0.2,12.0,steady,p3c_probe,5,24518,27.16967531208386,18.101097104317176,148.22431694861547,239.5989871839139,2.0254914756505427,7.0,0.8655594697667083,3.0,probing,
200/200/150/150/100/100/50/50,0.9,30.0,3.0,0.05,4,False,1.0,0.0,0.5,,0.2,12.0,steady,p3c_probe,6,24384,27.162080734751562,18.181832838837675,146.39971399019208,221.81710182067576,2.0155429790026247,7.0,0.8486821786967778,3.0,probing,
200/200/150/150/100/100/50/50,0.9,30.0,3.0,0.05,4,False,1.0,0.0,0.5,,0.2,12.0,steady,p3c_probe,7,24123,24.105879084872022,16.038663633406003,131.39827227251848,237.46857918896882,1.6882643120673217,6.0,0.8213654827750199,3.0,probing,
200/200/150/150/100/100/50/50,0.9,30.0,3.0,0.05,4,False,1.0,0.0,0.5,,0.2,12.0,steady,p3c_probe,8,24435,25.156421105455216,16.69235174523198,139.8708652837476,220.53741451898637,1.8211172498465316,8.0,0.8227866400305008,3.0,probing,
200/200/150/150/100/100/50/50,0.9,30.0,3.0,0.05,4,False,1.0,0.0,0.5,,0.2,12.0,steady,p3c_probe,9,24387,27.93511814556483,18.312065586606696,157.89999332595124,291.0593833028413,2.1059580924262926,10.0,0.821771969861296,3.0,probing,
200/200/150/150/100/100/50/50,0.9,30.0,3.0,0.05,4,False,1.0,0.0,0.5,,0.2,12.0,steady,prequal,0,24557,27.68184835162907,22.240084498715618,104.76671235887369,155.46577586511773,2.9699474691533982,11.0,1.3964171982615816,3.0,probing,
200/200/150/150/100/100/50/50,0.9,30.0,3.0,0.05,4,False,1.0,0.0,0.5,,0.2,12.0,steady,prequal,1,24312,24.95747095193281,19.69431085692719,99.8647090022811,153.75433121597203,2.613894373149062,10.0,1.328172106462765,3.0,probing,
200/200/150/150/100/100/50/50,0.9,30.0,3.0,0.05,4,False,1.0,0.0,0.5,,0.2,12.0,steady,prequal,2,24431,25.391447522790575,20.41975463973067,102.24525713025896,162.0033867590144,2.698047562523024,10.0,1.3612414362783565,3.0,probing,
200/200/150/150/100/100/50/50,0.9,30.0,3.0,0.05,4,False,1.0,0.0,0.5,,0.2,12.0,steady,prequal,3,24221,25.159377315238057,20.587769018939994,92.63776574419025,154.89272445459673,2.614838363403658,9.0,1.3176735064994207,3.0,probing,
200/200/150/150/100/100/50/50,0.9,30.0,3.0,0.05,4,False,1.0,0.0,0.5,,0.2,12.0,steady,prequal,4,24358,26.098730159825774,20.95538635456684,98.76995679776911,150.25433984080547,2.7322850808769195,9.0,1.3521318808182516,3.0,probing,
200/200/150/150/100/100/50/50,0.9,30.0,3.0,0.05,4,False,1.0,0.0,0.5,,0.2,12.0,steady,prequal,5,24518,27.00355568461253,21.81292196152862,102.41891179150099,169.66813212187012,2.9174076188922426,10.0,1.3879126096429906,3.0,probing,
200/200/150/150/100/100/50/50,0.9,30.0,3.0,0.05,4,False,1.0,0.0,0.5,,0.2,12.0,steady,prequal,6,24384,26.481278628441466,21.569164223770976,99.93070671653827,159.4746083093524,2.775508530183727,10.0,1.3263069926538218,3.0,probing,
200/200/150/150/100/100/50/50,0.9,30.0,3.0,0.05,4,False,1.0,0.0,0.5,,0.2,12.0,steady,prequal,7,24123,23.780979585104635,19.057984098676428,91.39285502487452,150.97426269727217,2.462504663599055,9.0,1.2790619547062876,3.0,probing,
200/200/150/150/100/100/50/50,0.9,30.0,3.0,0.05,4,False,1.0,0.0,0.5,,0.2,12.0,steady,prequal,8,24435,24.627326479756288,19.686415641860577,97.36001908451357,153.48801294832995,2.567792101493759,10.0,1.3407741677226106,3.0,probing,
200/200/150/150/100/100/50/50,0.9,30.0,3.0,0.05,4,False,1.0,0.0,0.5,,0.2,12.0,steady,prequal,9,24387,27.31374635186609,21.34104529887182,115.93647715130842,163.13928932789673,2.888301144052159,13.0,1.3824758989014734,3.0,probing,
200/200/150/150/100/100/50/50,0.9,30.0,3.0,0.05,4,False,1.0,0.0,0.5,,0.2,12.0,steady,sed3_probe,0,24557,23.944208564126807,19.39798582910157,85.85616016047499,121.18522541769897,2.3873437309117564,10.0,0.840676636767193,3.0,probing,
200/200/150/150/100/100/50/50,0.9,30.0,3.0,0.05,4,False,1.0,0.0,0.5,,0.2,12.0,steady,sed3_probe,1,24312,21.527540429462782,17.22778430998595,79.58516260685153,120.047828911635,2.0820582428430403,9.0,0.8395756468928849,3.0,probing,
200/200/150/150/100/100/50/50,0.9,30.0,3.0,0.05,4,False,1.0,0.0,0.5,,0.2,12.0,steady,sed3_probe,2,24431,22.033635403284386,17.840476694846785,81.68750700954598,124.77970295865299,2.167287462649912,8.0,0.8470128589267016,3.0,probing,
200/200/150/150/100/100/50/50,0.9,30.0,3.0,0.05,4,False,1.0,0.0,0.5,,0.2,12.0,steady,sed3_probe,3,24221,21.60797010605041,17.618244063982047,77.48764945300155,107.39102886004282,2.071755914289253,8.0,0.8502871209184388,3.0,probing,
200/200/150/150/100/100/50/50,0.9,30.0,3.0,0.05,4,False,1.0,0.0,0.5,,0.2,12.0,steady,sed3_probe,4,24358,22.574943201727287,18.13929162840955,82.57967539663306,127.55850881549547,2.192380326792019,8.0,0.867913300407204,3.0,probing,
200/200/150/150/100/100/50/50,0.9,30.0,3.0,0.05,4,False,1.0,0.0,0.5,,0.2,12.0,steady,sed3_probe,5,24518,23.10262886142995,18.73658002111611,85.00095661737251,119.95462717798577,2.2897463088343257,9.0,0.8938037004154311,3.0,probing,
200/200/150/150/100/100/50/50,0.9,30.0,3.0,0.05,4,False,1.0,0.0,0.5,,0.2,12.0,steady,sed3_probe,6,24384,22.99582050635592,18.970520677109803,83.2612872774514,133.48742837071862,2.235318241469816,9.0,0.8761616288934283,3.0,probing,
200/200/150/150/100/100/50/50,0.9,30.0,3.0,0.05,4,False,1.0,0.0,0.5,,0.2,12.0,steady,sed3_probe,7,24123,20.512987689912443,16.624396912617634,73.30965488657439,117.22731592180877,1.9346681590183643,8.0,0.795900228635867,3.0,probing,
200/200/150/150/100/100/50/50,0.9,30.0,3.0,0.05,4,False,1.0,0.0,0.5,,0.2,12.0,steady,sed3_probe,8,24435,21.24383770744733,17.205912234828702,81.53606298200361,115.00520299437767,2.0529977491303457,9.0,0.824865465650932,3.0,probing,
200/200/150/150/100/100/50/50,0.9,30.0,3.0,0.05,4,False,1.0,0.0,0.5,,0.2,12.0,steady,sed3_probe,9,24387,24.208877897753663,18.93042660032407,102.41669094320656,154.744277673908,2.4392504203059007,13.0,0.8435436387446773,3.0,probing,
200/200/150/150/100/100/50/50,0.9,30.0,3.0,0.05,16,False,1.0,0.0,0.5,,0.2,12.0,steady,p2c_learned_probe,0,24557,30.856080955629423,24.991559888338344,114.91128709174166,168.86466510017001,3.1133281752657083,11.0,0.8479709571023736,2.0,probing,
200/200/150/150/100/100/50/50,0.9,30.0,3.0,0.05,16,False,1.0,0.0,0.5,,0.2,12.0,steady,p2c_learned_probe,1,24312,27.387844342331903,21.68910175145422,102.2580528739405,160.87838480703044,2.694800921355709,10.0,0.8239287197403186,2.0,probing,
200/200/150/150/100/100/50/50,0.9,30.0,3.0,0.05,16,False,1.0,0.0,0.5,,0.2,12.0,steady,p2c_learned_probe,2,24431,30.83830422434424,23.798972607725233,124.05342602830567,191.38183441970148,3.1191928287831034,12.0,0.8698551747587587,2.0,probing,
200/200/150/150/100/100/50/50,0.9,30.0,3.0,0.05,16,False,1.0,0.0,0.5,,0.2,12.0,steady,p2c_learned_probe,3,24221,29.445775538765265,23.16612392548123,119.25831776959572,190.9508288640543,2.8985178151191113,11.0,0.8693036883436711,2.0,probing,
200/200/150/150/100/100/50/50,0.9,30.0,3.0,0.05,16,False,1.0,0.0,0.5,,0.2,12.0,steady,p2c_learned_probe,4,24358,30.25005404334644,24.381103468034127,115.2132485130598,171.00742988403752,3.0114130881024717,10.0,0.8496425751534611,2.0,probing,
200/200/150/150/100/100/50/50,0.9,30.0,3.0,0.05,16,False,1.0,0.0,0.5,,0.2,12.0,steady,p2c_learned_probe,5,24518,30.580804316464953,24.803947500319445,108.98300944805038,165.4776337106259,3.0921771759523615,11.0,0.8423023339996966,2.0,probing,
200/200/150/150/100/100/50/50,0.9,30.0,3.0,0.05,16,False,1.0,0.0,0.5,,0.2,12.0,steady,p2c_learned_probe,6,24384,29.736804590488916,24.2289316251334,109.21306635552402,164.11418988870096,2.9731791338582676,10.0,0.8458583053139861,2.0,probing,
200/200/150/150/100/100/50/50,0.9,30.0,3.0,0.05,16,False,1.0,0.0,0.5,,0.2,12.0,steady,p2c_learned_probe,7,24123,27.107928765263544,21.2077923331897,107.88936256272999,163.59125200786124,2.627450980392157,9.0,0.8549628061907021,2.0,probing,
200/200/150/150/100/100/50/50,0.9,30.0,3.0,0.05,16,False,1.0,0.0,0.5,,0.2,12.0,steady,p2c_learned_probe,8,24435,27.484378893930824,21.89553447123549,107.15435186310985,162.25527940033598,2.677429916103949,11.0,0.8491508795753915,2.0,probing,
200/200/150/150/100/100/50/50,0.9,30.0,3.0,0.05,16,False,1.0,0.0,0.5,,0.2,12.0,steady,p2c_learned_probe,9,24387,30.44211449869028,23.916510939866242,118.73327424087189,181.74180084851926,3.054742280723336,13.0,0.8429130234273213,2.0,probing,
200/200/150/150/100/100/50/50,0.9,30.0,3.0,0.05,16,False,1.0,0.0,0.5,,0.2,12.0,steady,p2c_probe,0,24557,40.92568593399113,26.181017518615235,236.70292860665646,339.87648795301436,3.3767561184183736,10.0,0.847954940942133,2.0,probing,
200/200/150/150/100/100/50/50,0.9,30.0,3.0,0.05,16,False,1.0,0.0,0.5,,0.2,12.0,steady,p2c_probe,1,24312,36.53425121357279,23.549174399685846,203.23360163026314,292.9082765093968,2.9555774925962486,9.0,0.8377096905133907,2.0,probing,
200/200/150/150/100/100/50/50,0.9,30.0,3.0,0.05,16,False,1.0,0.0,0.5,,0.2,12.0,steady,p2c_probe,2,24431,40.90550694440429,25.384905674922464,233.521269711115,360.745658000558,3.4078834267938274,12.0,0.8864410857894136,2.0,probing,
200/200/150/150/100/100/50/50,0.9,30.0,3.0,0.05,16,False,1.0,0.0,0.5,,0.2,12.0,steady,p2c_probe,3,24221,38.28981904811322,23.995033662295384,215.74258575847787,311.44128296058256,3.0677924115437016,9.0,0.8433341794802411,2.0,probing,
200/200/150/150/100/100/50/50,0.9,30.0,3.0,0.05,16,False,1.0,0.0,0.5,,0.2,12.0,steady,p2c_probe,4,24358,38.29610418915811,25.03034697399631,219.32189210414484,365.4095599126853,3.1062074061909843,9.0,0.843805472664208,2.0,probing,
200/200/150/150/100/100/50/50,0.9,30.0,3.0,0.05,16,False,1.0,0.0,0.5,,0.2,12.0,steady,p2c_probe,5,24518,39.37872276221682,25.891361906184684,211.8721795615602,323.00854077351596,3.26690594665144,10.0,0.8497406690246746,2.0,probing,
200/200/150/150/100/100/50/50,0.9,30.0,3.0,0.05,16,False,1.0,0.0,0.5,,0.2,12.0,steady,p2c_probe,6,24384,39.8370480217353,25.62076190831597,216.75953107034374,314.5347991400104,3.2567667322834644,9.0,0.8549971106365161,2.0,probing,
200/200/150/150/100/100/50/50,0.9,30.0,3.0,0.05,16,False,1.0,0.0,0.5,,0.2,12.0,steady,p2c_probe,7,24123,35.558944833207946,21.898110080170063,203.31291645128755,297.54274316845624,2.779090494548771,9.0,0.8611256212587199,2.0,probing,
200/200/150/150/100/100/50/50,0.9,30.0,3.0,0.05,16,False,1.0,0.0,0.5,,0.2,12.0,steady,p2c_probe,8,24435,36.07744999436038,23.16619561611688,204.82110504071912,321.61413001227044,2.8907714344178435,10.0,0.8377734016559972,2.0,probing,
200/200/150/150/100/100/50/50,0.9,30.0,3.0,0.05,16,False,1.0,0.0,0.5,,0.2,12.0,steady,p2c_probe,9,24387,39.661638493397824,25.964644986796515,213.18350748157616,312.59168445946955,3.280108254397835,12.0,0.853719926002845,2.0,probing,
200/200/150/150/100/100/50/50,0.9,30.0,3.0,0.05,16,False,1.0,0.0,0.5,,0.2,12.0,steady,p3c_learned_probe,0,24557,24.279190590593107,19.676006819329572,89.12145514489792,124.86159998370437,2.4529462067842163,9.0,0.8836591884285638,3.0,probing,
200/200/150/150/100/100/50/50,0.9,30.0,3.0,0.05,16,False,1.0,0.0,0.5,,0.2,12.0,steady,p3c_learned_probe,1,24312,22.374726086783603,18.10910842032154,82.55279512512809,118.58085231161743,2.221989141164857,9.0,0.8156516097978574,3.0,probing,
200/200/150/150/100/100/50/50,0.9,30.0,3.0,0.05,16,False,1.0,0.0,0.5,,0.2,12.0,steady,p3c_learned_probe,2,24431,23.21328471588703,18.896141977979397,84.10736785413829,125.06962459887521,2.3572510335229833,9.0,0.8571905042766572,3.0,probing,
200/200/150/150/100/100/50/50,0.9,30.0,3.0,0.05,16,False,1.0,0.0,0.5,,0.2,12.0,steady,p3c_learned_probe,3,24221,21.80732781671462,17.80893065714828,77.78623111681134,122.53339874949093,2.0931010280335247,7.0,0.8240302189687141,3.0,probing,
200/200/150/150/100/100/50/50,0.9,30.0,3.0,0.05,16,False,1.0,0.0,0.5,,0.2,12.0,steady,p3c_learned_probe,4,24358,23.480350671427235,19.29587251603415,83.330109786377,124.33815373909022,2.3492897610641266,9.0,0.8458828348084405,3.0,probing,
200/200/150/150/100/100/50/50,0.9,30.0,3.0,0.05,16,False,1.0,0.0,0.5,,0.2,12.0,steady,p3c_learned_probe,5,24518,24.142832730608635,19.769453386720315,87.81300990272334,134.8580901059963,2.4370258585529,9.0,0.8816444009368718,3.0,probing,
200/200/150/150/100/100/50/50,0.9,30.0,3.0,0.05,16,False,1.0,0.0,0.5,,0.2,12.0,steady,p3c_learned_probe,6,24384,23.366470641799516,19.163696866446145,85.15560981230097,131.5761393543386,2.360482283464567,9.0,0.8722290728492648,3.0,probing,
200/200/150/150/100/100/50/50,0.9,30.0,3.0,0.05,16,False,1.0,0.0,0.5,,0.2,12.0,steady,p3c_learned_probe,7,24123,21.162840258045783,17.21716836384335,76.03038687952876,120.24439647980094,2.0544293827467563,8.0,0.8157594468526406,3.0,probing,
200/200/150/150/100/100/50/50,0.9,30.0,3.0,0.05,16,False,1.0,0.0,0.5,,0.2,12.0,steady,p3c_learned_probe,8,24435,21.867757897502692,17.654655469662828,80.23691636980843,113.66968276694027,2.1418457131164312,10.0,0.8270891580022989,3.0,probing,
200/200/150/150/100/100/50/50,0.9,30.0,3.0,0.05,16,False,1.0,0.0,0.5,,0.2,12.0,steady,p3c_learned_probe,9,24387,24.765263683193716,19.507740181987643,100.86223243045688,148.4121539272136,2.563250912371345,13.0,0.8607499744446097,3.0,probing,
200/200/150/150/100/100/50/50,0.9,30.0,3.0,0.05,16,False,1.0,0.0,0.5,,0.2,12.0,steady,p3c_probe,0,24557,28.195784299108112,18.743294763304164,158.7919462526349,238.97698822624835,2.134910616117604,7.0,0.8327490394935686,3.0,probing,
200/200/150/150/100/100/50/50,0.9,30.0,3.0,0.05,16,False,1.0,0.0,0.5,,0.2,12.0,steady,p3c_probe,1,24312,25.05543444459224,16.67057272731043,140.47985117777083,210.09875608413833,1.8035949325435998,6.0,0.8292340394930754,3.0,probing,
200/200/150/150/100/100/50/50,0.9,30.0,3.0,0.05,16,False,1.0,0.0,0.5,,0.2,12.0,steady,p3c_probe,2,24431,26.23546039186716,17.246743076022142,145.4770846421458,234.55135683216758,1.938029552617576,6.0,0.8436197273283295,3.0,probing,
200/200/150/150/100/100/50/50,0.9,30.0,3.0,0.05,16,False,1.0,0.0,0.5,,0.2,12.0,steady,p3c_probe,3,24221,25.354734174566172,17.137246927706684,132.0800758011133,196.99093676396345,1.825399446761075,5.0,0.849459095185843,3.0,probing,
200/200/150/150/100/100/50/50,0.9,30.0,3.0,0.05,16,False,1.0,0.0,0.5,,0.2,12.0,steady,p3c_probe,4,24358,27.01278067520369,17.729621792566874,153.0483164569984,224.62978997260137,1.997249363658757,7.0,0.8533040650719288,3.0,probing,
200/200/150/150/100/100/50/50,0.9,30.0,3.0,0.05,16,False,1.0,0.0,0.5,,0.2,12.0,steady,p3c_probe,5,24518,27.553004367560007,18.589062464936745,149.3538575132805,242.79503743850597,2.0893629170405417,7.0,0.8480052605015004,3.0,probing,
200/200/150/150/100/100/50/50,0.9,30.0,3.0,0.05,16,False,1.0,0.0,0.5,,0.2,12.0,steady,p3c_probe,6,24384,26.51578958386565,17.88373255341469,149.49168054798352,250.6032738436379,1.9440206692913387,6.0,0.8556095186804226,3.0,probing,
200/200/150/150/100/100/50/50,0.9,30.0,3.0,0.05,16,False,1.0,0.0,0.5,,0.2,12.0,steady,p3c_probe,7,24123,24.051833292265872,15.722998373561836,136.70625745137315,211.2739777499892,1.6892177589852009,6.0,0.7932666190605786,3.0,probing,
200/200/150/150/100/100/50/50,0.9,30.0,3.0,0.05,16,False,1.0,0.0,0.5,,0.2,12.0,steady,p3c_probe,8,24435,25.097598546376094,16.49225211680516,144.13904388282748,237.44320840567858,1.817597708205443,8.0,0.8483291019969003,3.0,probing,
200/200/150/150/100/100/50/50,0.9,30.0,3.0,0.05,16,False,1.0,0.0,0.5,,0.2,12.0,steady,p3c_probe,9,24387,27.822696892305313,18.02090336229689,155.91891250943232,262.06642008996374,2.0791405256899167,10.0,0.8505476787079974,3.0,probing,
200/200/150/150/100/100/50/50,0.9,30.0,3.0,0.05,16,False,1.0,0.0,0.5,,0.2,12.0,steady,prequal,0,24557,33.72000579201909,26.422283414495595,133.1008944754324,243.61893826886072,3.6383108685914403,13.0,1.8726951381984658,3.0,probing,
200/200/150/150/100/100/50/50,0.9,30.0,3.0,0.05,16,False,1.0,0.0,0.5,,0.2,12.0,steady,prequal,1,24312,30.658661853937588,23.975969631052862,126.3313085605553,176.7056850853267,3.294175715695953,12.0,1.8168043638063245,3.0,probing,
200/200/150/150/100/100/50/50,0.9,30.0,3.0,0.05,16,False,1.0,0.0,0.5,,0.2,12.0,steady,prequal,2,24431,31.890677549447904,24.718931385245835,126.78693057446613,195.163314620065,3.466333756293234,12.0,1.9046461314197478,3.0,probing,
200/200/150/150/100/100/50/50,0.9,30.0,3.0,0.05,16,False,1.0,0.0,0.5,,0.2,12.0,steady,prequal,3,24221,31.044226958957317,24.61676813166047,127.42205837424544,236.5396581129876,3.2784360678749844,11.0,1.8259399457909993,3.0,probing,
200/200/150/150/100/100/50/50,0.9,30.0,3.0,0.05,16,False,1.0,0.0,0.5,,0.2,12.0,steady,prequal,4,24358,32.264768934345,26.28808441076025,126.54522763026547,197.37163474383445,3.511207816733722,12.0,1.8369139928856153,3.0,probing,
200/200/150/150/100/100/50/50,0.9,30.0,3.0,0.05,16,False,1.0,0.0,0.5,,0.2,12.0,steady,prequal,5,24518,32.78550931943266,26.482599311943744,130.17028031343085,210.35703157651616,3.589158985235337,12.0,1.8221653306241872,3.0,probing,
200/200/150/150/100/100/50/50,0.9,30.0,3.0,0.05,16,False,1.0,0.0,0.5,,0.2,12.0,steady,prequal,6,24384,32.47902789367905,26.186680452926936,122.41342050053986,196.3129845625573,3.487942913385827,12.0,1.8383476521642192,3.0,probing,
200/200/150/150/100/100/50/50,0.9,30.0,3.0,0.05,16,False,1.0,0.0,0.5,,0.2,12.0,steady,prequal,7,24123,29.186370180659658,22.91282968109165,121.68312958615692,190.0790945808179,3.065870745761307,10.0,1.7689297225524128,3.0,probing,
200/200/150/150/100/100/50/50,0.9,30.0,3.0,0.05,16,False,1.0,0.0,0.5,,0.2,12.0,steady,prequal,8,24435,30.62987339977495,24.09659707885936,121.73509977243269,190.76231431959704,3.3043994270513606,13.0,1.7876403895780117,3.0,probing,
200/200/150/150/100/100/50/50,0.9,30.0,3.0,0.05,16,False,1.0,0.0,0.5,,0.2,12.0,steady,prequal,9,24387,33.52913871208145,26.047219899670182,142.60292303556133,221.1720164146676,3.6120474023045066,15.0,1.8859622605752129,3.0,probing,
200/200/150/150/100/100/50/50,0.9,30.0,3.0,0.05,16,False,1.0,0.0,0.5,,0.2,12.0,steady,sed3_probe,0,24557,23.74608221941257,19.42228539921409,86.60170226667243,120.00041228364185,2.3836380665390724,9.0,0.8504056176319723,3.0,probing,
200/200/150/150/100/100/50/50,0.9,30.0,3.0,0.05,16,False,1.0,0.0,0.5,,0.2,12.0,steady,sed3_probe,1,24312,21.69141647679124,17.285099014455074,81.10300491573263,112.09011390996866,2.1030766699572228,9.0,0.8443855526561044,3.0,probing,
200/200/150/150/100/100/50/50,0.9,30.0,3.0,0.05,16,False,1.0,0.0,0.5,,0.2,12.0,steady,sed3_probe,2,24431,22.199823088625656,17.67196647245939,82.97071867421818,132.40710005027188,2.1687200687650936,9.0,0.8636691995429814,3.0,probing,
200/200/150/150/100/100/50/50,0.9,30.0,3.0,0.05,16,False,1.0,0.0,0.5,,0.2,12.0,steady,sed3_probe,3,24221,21.393951152599595,17.533573378525347,75.96559724080615,109.09350013309621,2.0472730275380866,7.0,0.8427278659313031,3.0,probing,
200/200/150/150/100/100/50/50,0.9,30.0,3.0,0.05,16,False,1.0,0.0,0.5,,0.2,12.0,steady,sed3_probe,4,24358,22.651136022673168,18.503123442421554,83.27786407789685,120.91486630570206,2.2238279004844403,8.0,0.8580361674897661,3.0,probing,
200/200/150/150/100/100/50/50,0.9,30.0,3.0,0.05,16,False,1.0,0.0,0.5,,0.2,12.0,steady,sed3_probe,5,24518,23.490576993828594,19.41387640644443,83.49517072650633,122.51992195560028,2.352965168447671,9.0,0.8528698080709596,3.0,probing,
200/200/150/150/100/100/50/50,0.9,30.0,3.0,0.05,16,False,1.0,0.0,0.5,,0.2,12.0,steady,sed3_probe,6,24384,22.915529209628982,18.71937230888676,85.32447300847133,127.74448133757292,2.239665354330709,9.0,0.8457893433398238,3.0,probing,
200/200/150/150/100/100/50/50,0.9,30.0,3.0,0.05,16,False,1.0,0.0,0.5,,0.2,12.0,steady,sed3_probe,7,24123,20.515408526937907,16.55776942202536,74.81970810062164,120.50825524340289,1.9295278365045807,8.0,0.833062311755252,3.0,probing,
200/200/150/150/100/100/50/50,0.9,30.0,3.0,0.05,16,False,1.0,0.0,0.5,,0.2,12.0,steady,sed3_probe,8,24435,21.0102188545768,16.869469657326164,78.15757319783528,123.54091631226981,2.0274196848782484,9.0,0.8040965799257035,3.0,probing,
200/200/150/150/100/100/50/50,0.9,30.0,3.0,0.05,16,False,1.0,0.0,0.5,,0.2,12.0,steady,sed3_probe,9,24387,23.899910180214427,18.682880774621324,100.68587176525322,152.0764865236612,2.3976708902284005,13.0,0.8151216951548705,3.0,probing,
200/200/150/150/100/100/50/50,0.9,30.0,3.0,0.05,64,False,1.0,0.0,0.5,,0.2,12.0,steady,p2c_learned_probe,0,24557,36.78213535084185,27.778668185757027,141.0433866902217,1120.6171187327009,3.725455063729283,13.0,0.8900833463248469,2.0,probing,
200/200/150/150/100/100/50/50,0.9,30.0,3.0,0.05,64,False,1.0,0.0,0.5,,0.2,12.0,steady,p2c_learned_probe,1,24312,32.0408718389494,23.598671336430677,124.09570878299783,1077.531079106104,3.061780190852254,11.0,0.8665457588757723,2.0,probing,
200/200/150/150/100/100/50/50,0.9,30.0,3.0,0.05,64,False,1.0,0.0,0.5,,0.2,12.0,steady,p2c_learned_probe,2,24431,34.977160079500074,25.212181602125128,138.50186295443112,522.7939544298301,3.438172813229094,13.0,0.8860269117971384,2.0,probing,
200/200/150/150/100/100/50/50,0.9,30.0,3.0,0.05,64,False,1.0,0.0,0.5,,0.2,12.0,steady,p2c_learned_probe,3,24221,37.18053313202907,25.51526630877632,161.27708158942312,1257.3163317149802,3.690681639899261,18.0,0.8420943407199346,2.0,probing,
200/200/150/150/100/100/50/50,0.9,30.0,3.0,0.05,64,False,1.0,0.0,0.5,,0.2,12.0,steady,p2c_learned_probe,4,24358,39.667414294309715,26.5366132324516,181.6447455547626,1475.9416405060517,3.942441908202644,21.0,0.9000059779380958,2.0,probing,
200/200/150/150/100/100/50/50,0.9,30.0,3.0,0.05,64,False,1.0,0.0,0.5,,0.2,12.0,steady,p2c_learned_probe,5,24518,33.802763279431886,27.26162916515129,128.89612315611927,256.7100961894915,3.4486091850885066,12.0,0.9085178962429727,2.0,probing,
200/200/150/150/100/100/50/50,0.9,30.0,3.0,0.05,64,False,1.0,0.0,0.5,,0.2,12.0,steady,p2c_learned_probe,6,24384,35.06147447312546,26.033260414357162,147.26678821623165,748.5520917056566,3.5544209317585302,14.0,0.9103711051628003,2.0,probing,
200/200/150/150/100/100/50/50,0.9,30.0,3.0,0.05,64,False,1.0,0.0,0.5,,0.2,12.0,steady,p2c_learned_probe,7,24123,28.979669478711887,21.784165515210674,113.81259655575458,607.7329404748629,2.7578659370725034,11.0,0.8749524790140755,2.0,probing,
200/200/150/150/100/100/50/50,0.9,30.0,3.0,0.05,64,False,1.0,0.0,0.5,,0.2,12.0,steady,p2c_learned_probe,8,24435,31.559040254267185,24.092910128722167,122.05972161602226,354.4114080890325,3.1026396562308163,12.0,0.8545707484458005,2.0,probing,
200/200/150/150/100/100/50/50,0.9,30.0,3.0,0.05,64,False,1.0,0.0,0.5,,0.2,12.0,steady,p2c_learned_probe,9,24387,33.9141147904402,25.695826451910264,152.88268355951257,377.530501693533,3.371263378029278,13.0,0.8709194865448933,2.0,probing,
200/200/150/150/100/100/50/50,0.9,30.0,3.0,0.05,64,False,1.0,0.0,0.5,,0.2,12.0,steady,p2c_probe,0,24557,41.246794909906725,27.10479625045492,223.91618574519134,322.9594590564086,3.450950849045079,10.0,0.858252996650924,2.0,probing,
200/200/150/150/100/100/50/50,0.9,30.0,3.0,0.05,64,False,1.0,0.0,0.5,,0.2,12.0,steady,p2c_probe,1,24312,34.45090135787285,22.364974630566525,196.85810387591613,319.09142791082354,2.7356038170450807,8.0,0.8444172417017585,2.0,probing,
200/200/150/150/100/100/50/50,0.9,30.0,3.0,0.05,64,False,1.0,0.0,0.5,,0.2,12.0,steady,p2c_probe,2,24431,39.39882010101958,24.793782464175962,216.85830022218104,316.9865155989441,3.2335966599811714,10.0,0.8536667417959796,2.0,probing,
200/200/150/150/100/100/50/50,0.9,30.0,3.0,0.05,64,False,1.0,0.0,0.5,,0.2,12.0,steady,p2c_probe,3,24221,38.211527012638435,24.177603567309802,224.98885407275878,305.90901200038644,3.0752239791916107,9.0,0.8370625150708009,2.0,probing,
200/200/150/150/100/100/50/50,0.9,30.0,3.0,0.05,64,False,1.0,0.0,0.5,,0.2,12.0,steady,p2c_probe,4,24358,39.78176380139882,25.240748721933937,225.29994277987953,323.8021706349377,3.232531406519419,10.0,0.8421977103867346,2.0,probing,
200/200/150/150/100/100/50/50,0.9,30.0,3.0,0.05,64,False,1.0,0.0,0.5,,0.2,12.0,steady,p2c_probe,5,24518,43.49631696959091,28.44664943197106,234.79147663792185,342.49604093244926,3.6613508442776737,10.0,0.865202759398263,2.0,probing,
200/200/150/150/100/100/50/50,0.9,30.0,3.0,0.05,64,False,1.0,0.0,0.5,,0.2,12.0,steady,p2c_probe,6,24384,40.66494226056315,25.859787722113836,232.66660749483947,352.8842974841609,3.36060531496063,10.0,0.8710026971289906,2.0,probing,
200/200/150/150/100/100/50/50,0.9,30.0,3.0,0.05,64,False,1.0,0.0,0.5,,0.2,12.0,steady,p2c_probe,7,24123,34.50154247866102,22.093117905733095,182.1986911898816,254.55208592566672,2.7291796211084858,8.0,0.8586101778532322,2.0,probing,
200/200/150/150/100/100/50/50,0.9,30.0,3.0,0.05,64,False,1.0,0.0,0.5,,0.2,12.0,steady,p2c_probe,8,24435,37.63890414480967,24.07365369571668,200.01192594862832,310.6902533676395,3.0797626355637404,10.0,0.8325073075984397,2.0,probing,
200/200/150/150/100/100/50/50,0.9,30.0,3.0,0.05,64,False,1.0,0.0,0.5,,0.2,12.0,steady,p2c_probe,9,24387,40.544346512381516,26.023761666337464,211.52221903124845,342.34739126367697,3.336736785992537,11.0,0.8729391459316436,2.0,probing,
200/200/150/150/100/100/50/50,0.9,30.0,3.0,0.05,64,False,1.0,0.0,0.5,,0.2,12.0,steady,p3c_learned_probe,0,24557,26.951105458982518,21.808878695797063,94.68297604270523,151.98807130810232,2.747933379484465,10.0,0.85475013899252,3.0,probing,
200/200/150/150/100/100/50/50,0.9,30.0,3.0,0.05,64,False,1.0,0.0,0.5,,0.2,12.0,steady,p3c_learned_probe,1,24312,26.566799998950888,19.30418665865119,88.79999557778109,173.3649318372642,2.602829878249424,10.0,0.8752921978477858,3.0,probing,
200/200/150/150/100/100/50/50,0.9,30.0,3.0,0.05,64,False,1.0,0.0,0.5,,0.2,12.0,steady,p3c_learned_probe,2,24431,28.49747733995538,20.890963020448794,101.566298842486,201.71046005181395,2.9621791985592076,12.0,0.8853624002426506,3.0,probing,
200/200/150/150/100/100/50/50,0.9,30.0,3.0,0.05,64,False,1.0,0.0,0.5,,0.2,12.0,steady,p3c_learned_probe,3,24221,28.767397062337373,21.483343174182323,111.29414845098569,210.90532769420008,3.0125098055406467,13.0,0.8775421672512494,3.0,probing,
200/200/150/150/100/100/50/50,0.9,30.0,3.0,0.05,64,False,1.0,0.0,0.5,,0.2,12.0,steady,p3c_learned_probe,4,24358,37.460456170717265,23.317730679195847,103.97352196655918,3595.268789885953,3.618893176779703,13.0,0.871588670280495,3.0,probing,
200/200/150/150/100/100/50/50,0.9,30.0,3.0,0.05,64,False,1.0,0.0,0.5,,0.2,12.0,steady,p3c_learned_probe,5,24518,32.23073530275072,21.177173701485863,116.24393139639552,3150.936214116466,3.1444245044457135,14.0,0.9498213603548382,3.0,probing,
200/200/150/150/100/100/50/50,0.9,30.0,3.0,0.05,64,False,1.0,0.0,0.5,,0.2,12.0,steady,p3c_learned_probe,6,24384,26.315715016237988,20.516660979733814,95.78450280424396,142.1677891287297,2.6446030183727034,11.0,0.9228707401285465,3.0,probing,
200/200/150/150/100/100/50/50,0.9,30.0,3.0,0.05,64,False,1.0,0.0,0.5,,0.2,12.0,steady,p3c_learned_probe,7,24123,23.941871274649454,18.115632170466966,84.75868830476422,137.99248524679408,2.320109439124487,9.0,0.8397022451279744,3.0,probing,
200/200/150/150/100/100/50/50,0.9,30.0,3.0,0.05,64,False,1.0,0.0,0.5,,0.2,12.0,steady,p3c_learned_probe,8,24435,23.801508534260705,17.880047933786614,90.70201982529076,149.43216865178812,2.2094536525475754,9.0,0.813688842357201,3.0,probing,
200/200/150/150/100/100/50/50,0.9,30.0,3.0,0.05,64,False,1.0,0.0,0.5,,0.2,12.0,steady,p3c_learned_probe,9,24387,29.358709079313645,20.903473303309994,112.35938843000271,609.9562088910517,2.9798253167671302,13.0,0.8876428467126763,3.0,probing,
200/200/150/150/100/100/50/50,0.9,30.0,3.0,0.05,64,False,1.0,0.0,0.5,,0.2,12.0,steady,p3c_probe,0,24557,27.555802344321346,18.564988727317377,149.99714224377595,225.9354342488289,2.0789998778352405,7.0,0.8350674531299207,3.0,probing,
200/200/150/150/100/100/50/50,0.9,30.0,3.0,0.05,64,False,1.0,0.0,0.5,,0.2,12.0,steady,p3c_probe,1,24312,25.392853975462838,16.693876430383447,138.8168256798334,214.40134191835472,1.8342793682132281,6.0,0.8111536113155025,3.0,probing,
200/200/150/150/100/100/50/50,0.9,30.0,3.0,0.05,64,False,1.0,0.0,0.5,,0.2,12.0,steady,p3c_probe,2,24431,26.241093773446725,17.15347310899773,150.4205492483931,234.81893595671664,1.9332814866358314,6.0,0.8197073027783265,3.0,probing,
200/200/150/150/100/100/50/50,0.9,30.0,3.0,0.05,64,False,1.0,0.0,0.5,,0.2,12.0,steady,p3c_probe,3,24221,25.199496383322,16.939124052264276,141.13290503787664,230.00243935972006,1.804425911399199,5.0,0.8193319319958579,3.0,probing,
200/200/150/150/100/100/50/50,0.9,30.0,3.0,0.05,64,False,1.0,0.0,0.5,,0.2,12.0,steady,p3c_probe,4,24358,26.339040908475376,17.602986381119123,144.87781428668092,243.1197044604782,1.9346826504639132,6.0,0.8461384467931037,3.0,probing,
200/200/150/150/100/100/50/50,0.9,30.0,3.0,0.05,64,False,1.0,0.0,0.5,,0.2,12.0,steady,p3c_probe,5,24518,27.60021413951143,18.61863868649727,148.6501419463041,258.2400687446917,2.0752100497593604,7.0,0.8762366824635688,3.0,probing,
200/200/150/150/100/100/50/50,0.9,30.0,3.0,0.05,64,False,1.0,0.0,0.5,,0.2,12.0,steady,p3c_probe,6,24384,26.592158710628503,17.645452983064303,151.05377982762667,251.82936875138003,1.9497621391076116,7.0,0.8419147985360977,3.0,probing,
200/200/150/150/100/100/50/50,0.9,30.0,3.0,0.05,64,False,1.0,0.0,0.5,,0.2,12.0,steady,p3c_probe,7,24123,24.139128999051625,16.097676995229904,130.7759695380057,197.13215384741892,1.6943995357128052,6.0,0.8227762935394142,3.0,probing,
200/200/150/150/100/100/50/50,0.9,30.0,3.0,0.05,64,False,1.0,0.0,0.5,,0.2,12.0,steady,p3c_probe,8,24435,25.168643031651513,16.525914429705857,140.16445866192282,254.4266399317186,1.8212400245549416,7.6599999999998545,0.8473458258631368,3.0,probing,
200/200/150/150/100/100/50/50,0.9,30.0,3.0,0.05,64,False,1.0,0.0,0.5,,0.2,12.0,steady,p3c_probe,9,24387,27.966801199348378,18.049457524796253,161.72599908433122,281.84213267892625,2.10563004879649,10.0,0.869109466908766,3.0,probing,
200/200/150/150/100/100/50/50,0.9,30.0,3.0,0.05,64,False,1.0,0.0,0.5,,0.2,12.0,steady,prequal,0,24557,44.539406352630735,34.08982038426345,189.0084843451623,306.4424743024636,4.930732581341369,17.0,1.927855539987577,3.0,probing,
200/200/150/150/100/100/50/50,0.9,30.0,3.0,0.05,64,False,1.0,0.0,0.5,,0.2,12.0,steady,prequal,1,24312,39.972394264688646,30.45979617831307,171.88518629890297,298.132273465343,4.388984863441921,15.0,1.7841110949894399,3.0,probing,
200/200/150/150/100/100/50/50,0.9,30.0,3.0,0.05,64,False,1.0,0.0,0.5,,0.2,12.0,steady,prequal,2,24431,41.70433819728545,32.145360024768976,187.6896437569309,304.0289438073721,4.595841349105645,16.0,1.9256017654267208,3.0,probing,
200/200/150/150/100/100/50/50,0.9,30.0,3.0,0.05,64,False,1.0,0.0,0.5,,0.2,12.0,steady,prequal,3,24221,41.299863905379766,31.133115320951532,184.58825093954647,312.7200336535684,4.490978902605177,16.0,1.9276185864325435,3.0,probing,
200/200/150/150/100/100/50/50,0.9,30.0,3.0,0.05,64,False,1.0,0.0,0.5,,0.2,12.0,steady,prequal,4,24358,44.32293154733814,33.79834156356054,193.37003859968104,329.07745423252607,4.876508744560309,16.0,1.926191249172637,3.0,probing,
200/200/150/150/100/100/50/50,0.9,30.0,3.0,0.05,64,False,1.0,0.0,0.5,,0.2,12.0,steady,prequal,5,24518,44.28601596015147,33.922433614577585,203.72253906106377,355.96462916593276,4.9044375560812465,16.82999999999811,1.9137250093752054,3.0,probing,
200/200/150/150/100/100/50/50,0.9,30.0,3.0,0.05,64,False,1.0,0.0,0.5,,0.2,12.0,steady,prequal,6,24384,43.41576327651625,34.77195753132278,181.46175404680278,303.7970046280499,4.778666338582677,15.0,1.8568050117314678,3.0,probing,
200/200/150/150/100/100/50/50,0.9,30.0,3.0,0.05,64,False,1.0,0.0,0.5,,0.2,12.0,steady,prequal,7,24123,39.784124614654196,29.336449159265143,176.53766006702355,302.40905152125015,4.313891307051362,15.0,1.9001284923371398,3.0,probing,
200/200/150/150/100/100/50/50,0.9,30.0,3.0,0.05,64,False,1.0,0.0,0.5,,0.2,12.0,steady,prequal,8,24435,41.24895637290759,31.89045365780352,182.34354181349107,314.6338946592253,4.555064456721915,16.0,1.8034443876652275,3.0,probing,
200/200/150/150/100/100/50/50,0.9,30.0,3.0,0.05,64,False,1.0,0.0,0.5,,0.2,12.0,steady,prequal,9,24387,44.50968263211377,33.84643750988303,207.3893118967368,403.25936374001526,4.87481034977652,16.0,1.8725717966360673,3.0,probing,
200/200/150/150/100/100/50/50,0.9,30.0,3.0,0.05,64,False,1.0,0.0,0.5,,0.2,12.0,steady,sed3_probe,0,24557,23.831606740176333,19.589667185668347,82.74807168600452,123.00195584636722,2.3774891069756077,9.0,0.8368905505604589,3.0,probing,
200/200/150/150/100/100/50/50,0.9,30.0,3.0,0.05,64,False,1.0,0.0,0.5,,0.2,12.0,steady,sed3_probe,1,24312,21.741608292230204,17.297580418617287,81.38612846461254,115.55129860793426,2.099621586048042,9.0,0.8308119311090827,3.0,probing,
200/200/150/150/100/100/50/50,0.9,30.0,3.0,0.05,64,False,1.0,0.0,0.5,,0.2,12.0,steady,sed3_probe,2,24431,22.25212409558841,17.95708520052486,81.41794909700408,120.4665021891862,2.1868527690229627,9.0,0.8497742763645002,3.0,probing,
200/200/150/150/100/100/50/50,0.9,30.0,3.0,0.05,64,False,1.0,0.0,0.5,,0.2,12.0,steady,sed3_probe,3,24221,21.68855744725508,17.659359406639652,78.175242149036,117.18355276952445,2.0751001197308123,8.0,0.824717861537605,3.0,probing,
200/200/150/150/100/100/50/50,0.9,30.0,3.0,0.05,64,False,1.0,0.0,0.5,,0.2,12.0,steady,sed3_probe,4,24358,22.732866840781597,18.666420937685224,81.12228835457613,121.77598667257627,2.229493390261926,8.0,0.8390835064829701,3.0,probing,
200/200/150/150/100/100/50/50,0.9,30.0,3.0,0.05,64,False,1.0,0.0,0.5,,0.2,12.0,steady,sed3_probe,5,24518,23.307655994928503,18.949461164083026,83.96830641076801,126.73937000123307,2.317481034342116,9.0,0.8768311920966108,3.0,probing,
200/200/150/150/100/100/50/50,0.9,30.0,3.0,0.05,64,False,1.0,0.0,0.5,,0.2,12.0,steady,sed3_probe,6,24384,22.796802737219856,18.79082602218496,84.5098809554015,115.54533666957107,2.241715879265092,9.0,0.8730091222029059,3.0,probing,
200/200/150/150/100/100/50/50,0.9,30.0,3.0,0.05,64,False,1.0,0.0,0.5,,0.2,12.0,steady,sed3_probe,7,24123,20.478828955076157,16.26543070801212,77.26928302925842,120.8920460499323,1.934212162666335,8.0,0.8350494015413121,3.0,probing,
200/200/150/150/100/100/50/50,0.9,30.0,3.0,0.05,64,False,1.0,0.0,0.5,,0.2,12.0,steady,sed3_probe,8,24435,21.26983617120561,17.326127264001734,81.95132041707083,115.96104659120913,2.0682218129731944,9.0,0.8127267911609466,3.0,probing,
200/200/150/150/100/100/50/50,0.9,30.0,3.0,0.05,64,False,1.0,0.0,0.5,,0.2,12.0,steady,sed3_probe,9,24387,24.10101118119738,18.596585416109868,101.013094136259,140.8963592631394,2.399311108377414,13.0,0.8590223050206188,3.0,probing,
