mus,rho,duration,warmup,staleness,num_dispatchers,desync,service_cv,burstiness,burst_period,gray_server,gray_factor,gray_start,scenario,policy,seed,requests,mean_ms,p50_ms,p99_ms,p999_ms,joined_queue_mean,joined_queue_p99,fano,probes_per_request,experiment,policy_kwargs
200/200/150/150/100/100/50/50,0.75,30.0,3.0,0.05,16,False,1.0,0.25,0.5,,0.2,12.0,steady,greedy,0,21175,53.583598258357384,36.63657512440821,270.25676789472794,1726.00905057256,6.69582054309327,34.0,8.158526178119633,0.0,robust,
200/200/150/150/100/100/50/50,0.75,30.0,3.0,0.05,16,False,1.0,0.25,0.5,,0.2,12.0,steady,greedy,1,20223,75.57591182843619,33.83899149835834,905.5925650081286,3590.73097773144,7.720367897937991,49.0,8.330896296501091,0.0,robust,
200/200/150/150/100/100/50/50,0.75,30.0,3.0,0.05,16,False,1.0,0.25,0.5,,0.2,12.0,steady,greedy,2,20482,52.634085385890494,35.75132702519657,225.40107555946128,1336.839653048885,6.851918757933795,31.0,9.381755505041209,0.0,robust,
200/200/150/150/100/100/50/50,0.75,30.0,3.0,0.05,16,False,1.0,0.25,0.5,,0.2,12.0,steady,greedy,3,20280,46.49024780529353,31.331048121760574,218.75058122313607,438.04100223858245,6.06301775147929,30.0,7.856952048633886,0.0,robust,
200/200/150/150/100/100/50/50,0.75,30.0,3.0,0.05,16,False,1.0,0.25,0.5,,0.2,12.0,steady,greedy,4,20211,80.91504941346949,34.970067310759134,355.81495622988945,5233.060823561608,7.834545544505468,36.0,8.397657361948916,0.0,robust,
200/200/150/150/100/100/50/50,0.75,30.0,3.0,0.05,16,False,1.0,0.25,0.5,,0.2,12.0,steady,greedy,5,21472,51.772015447185254,38.351932281901924,232.06433025118062,387.5442609668755,6.802393815201192,30.0,8.614612012374076,0.0,robust,
200/200/150/150/100/100/50/50,0.75,30.0,3.0,0.05,16,False,1.0,0.25,0.5,,0.2,12.0,steady,greedy,6,19254,44.79600584685328,28.259603898113994,252.62923277237965,815.641664251953,5.615560403033136,29.0,7.717144008930597,0.0,robust,
200/200/150/150/100/100/50/50,0.75,30.0,3.0,0.05,16,False,1.0,0.25,0.5,,0.2,12.0,steady,greedy,7,18621,36.84833539880203,23.555932652492118,234.9209667315826,438.90045175328123,4.6872348423822565,27.0,6.452400854591903,0.0,robust,
200/200/150/150/100/100/50/50,0.75,30.0,3.0,0.05,16,False,1.0,0.25,0.5,,0.2,12.0,steady,greedy,8,20085,49.7997595879037,29.220313564700007,205.73975637146185,2884.3985578344905,5.907045058501369,28.0,7.367953413766854,0.0,robust,
200/200/150/150/100/100/50/50,0.75,30.0,3.0,0.05,16,False,1.0,0.25,0.5,,0.2,12.0,steady,greedy,9,20987,70.49322560935164,43.296157467157315,552.9143559600091,2887.8647722364753,8.613475008338495,42.0,10.159245794968957,0.0,robust,
200/200/150/150/100/100/50/50,0.75,30.0,3.0,0.05,16,False,1.0,0.25,0.5,,0.2,12.0,steady,jsq,0,21175,103.4298133858019,55.52704249564755,708.549947583259,1062.4012085506884,10.739504132231405,46.0,21.885403387635943,0.0,robust,
200/200/150/150/100/100/50/50,0.75,30.0,3.0,0.05,16,False,1.0,0.25,0.5,,0.2,12.0,steady,jsq,1,20223,93.06549624476573,45.75419057821861,735.1290705039211,1097.483003688834,9.305790436631558,44.0,19.195370381836167,0.0,robust,
200/200/150/150/100/100/50/50,0.75,30.0,3.0,0.05,16,False,1.0,0.25,0.5,,0.2,12.0,steady,jsq,2,20482,84.93651674590535,46.28148678315647,552.4172310263236,915.9123956328909,8.993994727077434,42.18999999999869,18.821557893403774,0.0,robust,
200/200/150/150/100/100/50/50,0.75,30.0,3.0,0.05,16,False,1.0,0.25,0.5,,0.2,12.0,steady,jsq,3,20280,95.63556464176261,47.77260043371623,668.34091850525,969.814449184817,9.801183431952662,46.0,20.144127878258253,0.0,robust,
200/200/150/150/100/100/50/50,0.75,30.0,3.0,0.05,16,False,1.0,0.25,0.5,,0.2,12.0,steady,jsq,4,20211,90.47656596512762,45.905012886709784,680.3945149615616,1181.6245307111976,9.330908910989065,42.0,19.370571135669003,0.0,robust,
200/200/150/150/100/100/50/50,0.75,30.0,3.0,0.05,16,False,1.0,0.25,0.5,,0.2,12.0,steady,jsq,5,21472,102.9986659642824,54.61678633238121,744.3929600298706,1015.6432424376578,10.825586810730254,46.0,22.14461374743471,0.0,robust,
200/200/150/150/100/100/50/50,0.75,30.0,3.0,0.05,16,False,1.0,0.25,0.5,,0.2,12.0,steady,jsq,6,19254,80.97502059396969,37.28714391106536,646.6572847051735,1164.904367881904,7.8223745715176065,43.0,16.482910588335095,0.0,robust,
200/200/150/150/100/100/50/50,0.75,30.0,3.0,0.05,16,False,1.0,0.25,0.5,,0.2,12.0,steady,jsq,7,18621,68.4237739211042,31.997669519572725,548.3681195239959,915.4674318442769,6.649213253853176,40.0,14.426436940775751,0.0,robust,
200/200/150/150/100/100/50/50,0.75,30.0,3.0,0.05,16,False,1.0,0.25,0.5,,0.2,12.0,steady,jsq,8,20085,83.13937095909525,41.67510052624124,583.6954688631953,941.7159450198327,8.315160567587752,42.0,17.46364261521023,0.0,robust,
200/200/150/150/100/100/50/50,0.75,30.0,3.0,0.05,16,False,1.0,0.25,0.5,,0.2,12.0,steady,jsq,9,20987,109.39189381650394,59.32247095116239,711.7511959368278,1138.7583634397251,11.66121884976414,48.0,23.3298951913236,0.0,robust,
200/200/150/150/100/100/50/50,0.75,30.0,3.0,0.05,16,False,1.0,0.25,0.5,,0.2,12.0,steady,p2c,0,21175,48.17997561347026,26.83337778821482,297.75125547540756,430.2756016329533,3.9874852420306968,15.0,2.7750924714952734,0.0,robust,
200/200/150/150/100/100/50/50,0.75,30.0,3.0,0.05,16,False,1.0,0.25,0.5,,0.2,12.0,steady,p2c,1,20223,44.53104233959399,23.681231248458445,280.19663483656655,404.93592379130075,3.554912723137022,13.0,2.692653077612232,0.0,robust,
200/200/150/150/100/100/50/50,0.75,30.0,3.0,0.05,16,False,1.0,0.25,0.5,,0.2,12.0,steady,p2c,2,20482,44.087074262468235,23.906726406487167,288.2064804656552,439.24852616930053,3.5442339615271945,14.0,2.697875524905994,0.0,robust,
200/200/150/150/100/100/50/50,0.75,30.0,3.0,0.05,16,False,1.0,0.25,0.5,,0.2,12.0,steady,p2c,3,20280,46.283747699104886,24.872515173664844,301.21122785597277,421.9625682477217,3.765729783037475,15.0,2.7058383019198904,0.0,robust,
200/200/150/150/100/100/50/50,0.75,30.0,3.0,0.05,16,False,1.0,0.25,0.5,,0.2,12.0,steady,p2c,4,20211,45.49429997332522,24.6898912272826,302.3688860809642,486.1850986995915,3.7072881104349116,14.0,2.6943775961806655,0.0,robust,
200/200/150/150/100/100/50/50,0.75,30.0,3.0,0.05,16,False,1.0,0.25,0.5,,0.2,12.0,steady,p2c,5,21472,49.95736352197161,28.16340352399971,324.2704340103337,458.59824381194096,4.200121087928465,15.0,2.762014984083636,0.0,robust,
200/200/150/150/100/100/50/50,0.75,30.0,3.0,0.05,16,False,1.0,0.25,0.5,,0.2,12.0,steady,p2c,6,19254,41.05613629893816,21.425070063903817,274.86857950206627,380.64092995958305,3.1870780097642046,13.0,2.6990489570880496,0.0,robust,
200/200/150/150/100/100/50/50,0.75,30.0,3.0,0.05,16,False,1.0,0.25,0.5,,0.2,12.0,steady,p2c,7,18621,36.194085015655176,19.127279446690792,262.1166823476691,387.7619309024257,2.689544063154503,12.0,2.589223428458229,0.0,robust,
200/200/150/150/100/100/50/50,0.75,30.0,3.0,0.05,16,False,1.0,0.25,0.5,,0.2,12.0,steady,p2c,8,20085,40.50263542141375,21.81943373525641,257.9955007731291,359.5343166195678,3.2165297485685835,14.0,2.79875323430906,0.0,robust,
200/200/150/150/100/100/50/50,0.75,30.0,3.0,0.05,16,False,1.0,0.25,0.5,,0.2,12.0,steady,p2c,9,20987,52.41653739018005,29.23223407770692,348.9124887628254,480.17917989400513,4.508743507885834,17.0,2.8263978645151986,0.0,robust,
200/200/150/150/100/100/50/50,0.75,30.0,3.0,0.05,16,False,1.0,0.25,0.5,,0.2,12.0,steady,p2c_learned,0,21175,34.829398443264346,25.182231410696865,148.74655156505167,250.12557101420387,3.726611570247934,15.0,2.2359600140139033,0.0,robust,
200/200/150/150/100/100/50/50,0.75,30.0,3.0,0.05,16,False,1.0,0.25,0.5,,0.2,12.0,steady,p2c_learned,1,20223,31.01190660731294,22.177403571735255,136.26557537184772,205.21523146714532,3.265291994263957,13.779999999998836,2.1267659363686287,0.0,robust,
200/200/150/150/100/100/50/50,0.75,30.0,3.0,0.05,16,False,1.0,0.25,0.5,,0.2,12.0,steady,p2c_learned,2,20482,32.1511405390269,22.042783918022835,143.32968759839534,250.10147938672247,3.3577775607850797,15.0,2.0824359797860983,0.0,robust,
200/200/150/150/100/100/50/50,0.75,30.0,3.0,0.05,16,False,1.0,0.25,0.5,,0.2,12.0,steady,p2c_learned,3,20280,34.86228698643009,23.17984504795323,158.30265979756828,224.85383873042875,3.6825936883629193,17.0,2.0548709728209045,0.0,robust,
200/200/150/150/100/100/50/50,0.75,30.0,3.0,0.05,16,False,1.0,0.25,0.5,,0.2,12.0,steady,p2c_learned,4,20211,31.942584046012225,22.4568018030169,144.768695494363,206.791422764376,3.3468903072584237,14.0,2.1231509353789555,0.0,robust,
200/200/150/150/100/100/50/50,0.75,30.0,3.0,0.05,16,False,1.0,0.25,0.5,,0.2,12.0,steady,p2c_learned,5,21472,36.24847043053271,26.09142502787165,158.07059496560743,220.8315679023496,3.879936661698957,15.0,2.173921776706014,0.0,robust,
200/200/150/150/100/100/50/50,0.75,30.0,3.0,0.05,16,False,1.0,0.25,0.5,,0.2,12.0,steady,p2c_learned,6,19254,28.981144493240084,19.770219233662623,136.80568274211484,196.8909097674015,2.92806689519061,12.0,2.0101404492440738,0.0,robust,
200/200/150/150/100/100/50/50,0.75,30.0,3.0,0.05,16,False,1.0,0.25,0.5,,0.2,12.0,steady,p2c_learned,7,18621,25.492589230935852,16.777760076362114,127.68158061797617,198.56732931638462,2.455185006175823,12.0,1.9805127530351854,0.0,robust,
200/200/150/150/100/100/50/50,0.75,30.0,3.0,0.05,16,False,1.0,0.25,0.5,,0.2,12.0,steady,p2c_learned,8,20085,28.242650729431055,20.48453382825599,131.66311718579863,194.9593660352772,2.9268110530246454,13.0,2.0526413685494114,0.0,robust,
200/200/150/150/100/100/50/50,0.75,30.0,3.0,0.05,16,False,1.0,0.25,0.5,,0.2,12.0,steady,p2c_learned,9,20987,38.16081815141395,27.599026613287947,171.88873028692495,251.51173530401462,4.18763996759899,17.0,2.3370925173527692,0.0,robust,
200/200/150/150/100/100/50/50,0.75,30.0,3.0,0.05,16,False,1.0,0.25,0.5,,0.2,12.0,steady,p2c_learned+lc,0,21175,33.914407996366336,25.126640212835838,143.7700821594994,218.34420843703995,3.6276269185360093,14.0,2.130168834364034,0.0,robust,
200/200/150/150/100/100/50/50,0.75,30.0,3.0,0.05,16,False,1.0,0.25,0.5,,0.2,12.0,steady,p2c_learned+lc,1,20223,30.324122722094657,21.744308603810936,137.6768353514603,208.18070317483588,3.1490876724521586,13.0,2.0536139878456003,0.0,robust,
200/200/150/150/100/100/50/50,0.75,30.0,3.0,0.05,16,False,1.0,0.25,0.5,,0.2,12.0,steady,p2c_learned+lc,2,20482,31.36395365010218,21.363048738136214,139.00629009431586,245.8284835519854,3.2187286397812715,13.0,2.0140077457964467,0.0,robust,
200/200/150/150/100/100/50/50,0.75,30.0,3.0,0.05,16,False,1.0,0.25,0.5,,0.2,12.0,steady,p2c_learned+lc,3,20280,33.819695443773746,22.470197636341283,167.47494521858363,255.6587344176966,3.53663708086785,17.0,1.9866600540362016,0.0,robust,
200/200/150/150/100/100/50/50,0.75,30.0,3.0,0.05,16,False,1.0,0.25,0.5,,0.2,12.0,steady,p2c_learned+lc,4,20211,32.51959250131999,22.73012272892494,142.54425138474562,216.20989145195304,3.4371381920736233,14.0,2.050015830542752,0.0,robust,
200/200/150/150/100/100/50/50,0.75,30.0,3.0,0.05,16,False,1.0,0.25,0.5,,0.2,12.0,steady,p2c_learned+lc,5,21472,34.96839779871578,25.50104091340799,153.71057598410732,242.19166637813044,3.766300298062593,15.0,2.047521359314997,0.0,robust,
200/200/150/150/100/100/50/50,0.75,30.0,3.0,0.05,16,False,1.0,0.25,0.5,,0.2,12.0,steady,p2c_learned+lc,6,19254,28.7719936068842,19.46618581538928,133.07654695604046,203.70612264873782,2.8839202243689623,12.0,1.9241596734112156,0.0,robust,
200/200/150/150/100/100/50/50,0.75,30.0,3.0,0.05,16,False,1.0,0.25,0.5,,0.2,12.0,steady,p2c_learned+lc,7,18621,24.992517978096082,16.809348266964008,122.4313440975523,179.59811091885763,2.4357445894420278,12.0,1.9257449733352694,0.0,robust,
200/200/150/150/100/100/50/50,0.75,30.0,3.0,0.05,16,False,1.0,0.25,0.5,,0.2,12.0,steady,p2c_learned+lc,8,20085,27.893807326594704,19.987121890773896,129.74768587797652,211.79582078717144,2.852875280059746,13.0,1.9406046307389335,0.0,robust,
200/200/150/150/100/100/50/50,0.75,30.0,3.0,0.05,16,False,1.0,0.25,0.5,,0.2,12.0,steady,p2c_learned+lc,9,20987,38.42454799012475,27.772447829278235,172.87306340494513,262.9538549910851,4.205269929003669,17.0,2.2175410959555526,0.0,robust,
200/200/150/150/100/100/50/50,0.75,30.0,3.0,0.05,16,False,1.0,0.25,0.5,,0.2,12.0,steady,p2c_learned_probe,0,21175,26.940977844612863,19.917851042828616,116.42812112613672,170.09990460085268,2.575064935064935,11.0,1.1703495955718282,2.0,robust,
200/200/150/150/100/100/50/50,0.75,30.0,3.0,0.05,16,False,1.0,0.25,0.5,,0.2,12.0,steady,p2c_learned_probe,1,20223,23.37587154786969,16.836265545602913,103.30442600390509,164.00127650058778,2.091084408841418,10.0,1.0988356730829612,2.0,robust,
200/200/150/150/100/100/50/50,0.75,30.0,3.0,0.05,16,False,1.0,0.25,0.5,,0.2,12.0,steady,p2c_learned_probe,2,20482,25.593617638413637,17.226447992980454,114.31591617420332,168.58595558145976,2.3515769944341374,11.0,1.144387405735554,2.0,robust,
200/200/150/150/100/100/50/50,0.75,30.0,3.0,0.05,16,False,1.0,0.25,0.5,,0.2,12.0,steady,p2c_learned_probe,3,20280,27.859797360146136,18.543533776187893,125.62533926708011,187.8990228033836,2.6885108481262328,14.0,1.1086957822903982,2.0,robust,
200/200/150/150/100/100/50/50,0.75,30.0,3.0,0.05,16,False,1.0,0.25,0.5,,0.2,12.0,steady,p2c_learned_probe,4,20211,24.976684574472735,17.862154250705586,109.51589084255005,168.67879983305377,2.314135866607293,11.0,1.0949669199013121,2.0,robust,
200/200/150/150/100/100/50/50,0.75,30.0,3.0,0.05,16,False,1.0,0.25,0.5,,0.2,12.0,steady,p2c_learned_probe,5,21472,29.359003995136078,20.972920614948265,125.04748968014937,176.6992834329972,2.881287257824143,13.0,1.1356861614731397,2.0,robust,
200/200/150/150/100/100/50/50,0.75,30.0,3.0,0.05,16,False,1.0,0.25,0.5,,0.2,12.0,steady,p2c_learned_probe,6,19254,23.691615705006374,16.125526443635962,107.04558064043317,168.69064911963184,2.068245559364288,10.0,1.127265622632905,2.0,robust,
200/200/150/150/100/100/50/50,0.75,30.0,3.0,0.05,16,False,1.0,0.25,0.5,,0.2,12.0,steady,p2c_learned_probe,7,18621,19.848231009819525,13.713595298224135,91.77261663380625,144.316141458907,1.5955641480049407,8.0,1.0689818293928766,2.0,robust,
200/200/150/150/100/100/50/50,0.75,30.0,3.0,0.05,16,False,1.0,0.25,0.5,,0.2,12.0,steady,p2c_learned_probe,8,20085,21.3428594390313,15.36445651529661,96.18180111127245,142.49322865792365,1.8495394573064476,9.0,1.0843208688009087,2.0,robust,
200/200/150/150/100/100/50/50,0.75,30.0,3.0,0.05,16,False,1.0,0.25,0.5,,0.2,12.0,steady,p2c_learned_probe,9,20987,30.480001516257488,21.918060737228018,134.75224475645504,216.49916915375337,3.0867679992376233,14.0,1.1992525595440569,2.0,robust,
200/200/150/150/100/100/50/50,0.75,30.0,3.0,0.05,16,False,1.0,0.25,0.5,,0.2,12.0,steady,p3c_learned_probe,0,21175,21.72672956750997,16.437175953463168,87.02806015754774,132.76530891836285,2.076458087367178,10.0,1.1190381833073406,3.0,robust,
200/200/150/150/100/100/50/50,0.75,30.0,3.0,0.05,16,False,1.0,0.25,0.5,,0.2,12.0,steady,p3c_learned_probe,1,20223,19.10958898882141,14.485512710415094,79.73710850692204,120.89020570600543,1.6981654551748009,8.0,1.0711746989393593,3.0,robust,
200/200/150/150/100/100/50/50,0.75,30.0,3.0,0.05,16,False,1.0,0.25,0.5,,0.2,12.0,steady,p3c_learned_probe,2,20482,20.731511342052745,14.893829027441186,89.1245821779311,129.84488596239325,1.9513719363343422,10.0,1.1003587116968765,3.0,robust,
200/200/150/150/100/100/50/50,0.75,30.0,3.0,0.05,16,False,1.0,0.25,0.5,,0.2,12.0,steady,p3c_learned_probe,3,20280,22.338526998305376,15.60578706394633,93.77623329411949,126.19732675671706,2.2326923076923078,13.0,1.1222423724150763,3.0,robust,
200/200/150/150/100/100/50/50,0.75,30.0,3.0,0.05,16,False,1.0,0.25,0.5,,0.2,12.0,steady,p3c_learned_probe,4,20211,21.10372093717339,14.957673839479213,86.86655932625855,138.679040058492,2.019791202810351,10.0,1.0411662607822898,3.0,robust,
200/200/150/150/100/100/50/50,0.75,30.0,3.0,0.05,16,False,1.0,0.25,0.5,,0.2,12.0,steady,p3c_learned_probe,5,21472,23.849991730652565,17.778457624026522,95.73578378934853,128.5046452506624,2.3948397913561847,11.0,1.0732191642622235,3.0,robust,
200/200/150/150/100/100/50/50,0.75,30.0,3.0,0.05,16,False,1.0,0.25,0.5,,0.2,12.0,steady,p3c_learned_probe,6,19254,18.521453858620617,13.44938755892322,80.20810763455798,119.32256203765782,1.572192791108341,8.0,1.0997453707016915,3.0,robust,
200/200/150/150/100/100/50/50,0.75,30.0,3.0,0.05,16,False,1.0,0.25,0.5,,0.2,12.0,steady,p3c_learned_probe,7,18621,16.667258895007404,11.964025830869307,74.74296441214959,117.93632314779074,1.3252779120347995,7.0,1.0212759688210813,3.0,robust,
200/200/150/150/100/100/50/50,0.75,30.0,3.0,0.05,16,False,1.0,0.25,0.5,,0.2,12.0,steady,p3c_learned_probe,8,20085,17.692407817653322,12.996236160953245,74.95055051827507,114.10164661579583,1.5498630819019168,9.0,1.093735816336737,3.0,robust,
200/200/150/150/100/100/50/50,0.75,30.0,3.0,0.05,16,False,1.0,0.25,0.5,,0.2,12.0,steady,p3c_learned_probe,9,20987,25.151281168149197,18.38070114385104,107.38384431404829,158.3758053296182,2.5564873493114786,13.0,1.160963521753692,3.0,robust,
200/200/150/150/100/100/50/50,0.75,30.0,3.0,0.05,16,False,1.0,0.25,0.5,,0.2,12.0,steady,p3c_probe,0,21175,24.691958622715035,15.0379487905008,151.5750635512652,241.13195980709608,1.7106965761511217,8.0,1.1601082957057065,3.0,robust,
200/200/150/150/100/100/50/50,0.75,30.0,3.0,0.05,16,False,1.0,0.25,0.5,,0.2,12.0,steady,p3c_probe,1,20223,21.719318514556157,13.50349603611889,134.77176787913862,223.9167044824834,1.3590466300746675,6.0,1.136965341990722,3.0,robust,
200/200/150/150/100/100/50/50,0.75,30.0,3.0,0.05,16,False,1.0,0.25,0.5,,0.2,12.0,steady,p3c_probe,2,20482,23.329502730789404,14.240473541563325,141.54684698675732,246.29527535230773,1.5654232985060053,7.0,1.1561066415051797,3.0,robust,
200/200/150/150/100/100/50/50,0.75,30.0,3.0,0.05,16,False,1.0,0.25,0.5,,0.2,12.0,steady,p3c_probe,3,20280,24.910993583385483,14.607241963509487,163.3837466945264,284.3531689103037,1.7380670611439841,8.0,1.1642183138564444,3.0,robust,
200/200/150/150/100/100/50/50,0.75,30.0,3.0,0.05,16,False,1.0,0.25,0.5,,0.2,12.0,steady,p3c_probe,4,20211,23.27679635473581,13.995792093803416,143.47758673060986,241.9001121157537,1.5653851862846964,7.0,1.1295319367027012,3.0,robust,
200/200/150/150/100/100/50/50,0.75,30.0,3.0,0.05,16,False,1.0,0.25,0.5,,0.2,12.0,steady,p3c_probe,5,21472,26.72139519934844,16.949763848523425,159.62076970643045,251.36033214142248,1.9555700447093889,8.0,1.1607517620909957,3.0,robust,
200/200/150/150/100/100/50/50,0.75,30.0,3.0,0.05,16,False,1.0,0.25,0.5,,0.2,12.0,steady,p3c_probe,6,19254,21.34652632076533,13.185511266191163,128.48576711524717,215.72113601090666,1.3255427443648073,6.0,1.161436899966372,3.0,robust,
200/200/150/150/100/100/50/50,0.75,30.0,3.0,0.05,16,False,1.0,0.25,0.5,,0.2,12.0,steady,p3c_probe,7,18621,19.24779899647938,11.497687648127197,117.85769069704192,186.5058624024015,1.064497073196928,6.0,1.102097197807253,3.0,robust,
200/200/150/150/100/100/50/50,0.75,30.0,3.0,0.05,16,False,1.0,0.25,0.5,,0.2,12.0,steady,p3c_probe,8,20085,20.198490582863645,12.215514953455298,125.36771225818546,212.28025643291926,1.2229524520786657,6.0,1.1797478478782042,3.0,robust,
200/200/150/150/100/100/50/50,0.75,30.0,3.0,0.05,16,False,1.0,0.25,0.5,,0.2,12.0,steady,p3c_probe,9,20987,28.62719031907341,17.809356465509296,166.08656328356298,286.3156663470448,2.1853051889264785,9.0,1.225034356003965,3.0,robust,
200/200/150/150/100/100/50/50,0.75,30.0,3.0,0.05,16,False,1.0,0.25,0.5,,0.2,12.0,steady,prequal,0,21175,29.310670401005584,21.578558640962697,127.17076455779315,197.8779281705771,3.037685950413223,13.0,2.0341825780946414,3.0,robust,
200/200/150/150/100/100/50/50,0.75,30.0,3.0,0.05,16,False,1.0,0.25,0.5,,0.2,12.0,steady,prequal,1,20223,26.31639745529934,18.906132966250766,120.31724043536356,204.92105593705205,2.692379963408001,11.0,1.860795515692189,3.0,robust,
200/200/150/150/100/100/50/50,0.75,30.0,3.0,0.05,16,False,1.0,0.25,0.5,,0.2,12.0,steady,prequal,2,20482,27.681812003326165,19.671479669570502,127.8829599913318,196.2034671283315,2.85875402792696,13.0,1.9980489209836292,3.0,robust,
200/200/150/150/100/100/50/50,0.75,30.0,3.0,0.05,16,False,1.0,0.25,0.5,,0.2,12.0,steady,prequal,3,20280,28.74183495802232,20.098995690772448,128.18463905207295,200.5367174376284,3.0060650887573965,13.0,1.992702897244307,3.0,robust,
200/200/150/150/100/100/50/50,0.75,30.0,3.0,0.05,16,False,1.0,0.25,0.5,,0.2,12.0,steady,prequal,4,20211,27.446929908753873,19.7336054740731,124.10045610202856,205.8767940551256,2.8589876799762504,12.0,1.9338484137054772,3.0,robust,
200/200/150/150/100/100/50/50,0.75,30.0,3.0,0.05,16,False,1.0,0.25,0.5,,0.2,12.0,steady,prequal,5,21472,31.138384619082476,22.877346322305314,135.45408843456332,210.81049442507114,3.31371087928465,13.0,2.0465463566401336,3.0,robust,
200/200/150/150/100/100/50/50,0.75,30.0,3.0,0.05,16,False,1.0,0.25,0.5,,0.2,12.0,steady,prequal,6,19254,25.582930564336998,18.343064708071566,112.89875306003762,204.06076768023206,2.531162355874104,11.0,1.8918419342212263,3.0,robust,
200/200/150/150/100/100/50/50,0.75,30.0,3.0,0.05,16,False,1.0,0.25,0.5,,0.2,12.0,steady,prequal,7,18621,22.30255354413463,15.442626306903406,110.08398683762051,194.8623094967716,2.125771977874443,10.0,1.7899956200281117,3.0,robust,
200/200/150/150/100/100/50/50,0.75,30.0,3.0,0.05,16,False,1.0,0.25,0.5,,0.2,12.0,steady,prequal,8,20085,24.00661698156889,17.22278824820833,114.01318408072402,179.293890601445,2.426587005227782,11.0,1.8671561976905395,3.0,robust,
200/200/150/150/100/100/50/50,0.75,30.0,3.0,0.05,16,False,1.0,0.25,0.5,,0.2,12.0,steady,prequal,9,20987,32.57506333521429,23.643789233574353,144.32373296426536,213.75913292076177,3.5467670462667367,15.0,2.063717266994286,3.0,robust,
200/200/150/150/100/100/50/50,0.75,30.0,3.0,0.05,16,False,1.0,0.25,0.5,,0.2,12.0,steady,sed3_probe,0,21175,21.230087661191543,16.0148198720913,86.60591909821261,118.1604871913337,2.014025974025974,10.0,1.106357122399299,3.0,robust,
200/200/150/150/100/100/50/50,0.75,30.0,3.0,0.05,16,False,1.0,0.25,0.5,,0.2,12.0,steady,sed3_probe,1,20223,18.445473870998015,13.972417386614921,77.42728048741293,117.81804813222696,1.619344310933096,8.0,1.0758039282897405,3.0,robust,
200/200/150/150/100/100/50/50,0.75,30.0,3.0,0.05,16,False,1.0,0.25,0.5,,0.2,12.0,steady,sed3_probe,2,20482,20.02314027764022,14.36159356813782,83.8716214556331,132.5958872254564,1.8455228981544771,10.0,1.0757502924864424,3.0,robust,
200/200/150/150/100/100/50/50,0.75,30.0,3.0,0.05,16,False,1.0,0.25,0.5,,0.2,12.0,steady,sed3_probe,3,20280,21.710501583334946,14.829804681639303,93.21262975094048,149.3787051912515,2.090039447731755,12.0,1.0956688976713382,3.0,robust,
200/200/150/150/100/100/50/50,0.75,30.0,3.0,0.05,16,False,1.0,0.25,0.5,,0.2,12.0,steady,sed3_probe,4,20211,19.953152856532196,14.218155716626768,82.31767137805718,117.73237008234851,1.8469150462619366,10.0,1.0535664524125794,3.0,robust,
200/200/150/150/100/100/50/50,0.75,30.0,3.0,0.05,16,False,1.0,0.25,0.5,,0.2,12.0,steady,sed3_probe,5,21472,22.90608782360063,16.983654163928108,91.06396992652333,123.36583353224916,2.2489754098360657,11.0,1.1014479230246188,3.0,robust,
200/200/150/150/100/100/50/50,0.75,30.0,3.0,0.05,16,False,1.0,0.25,0.5,,0.2,12.0,steady,sed3_probe,6,19254,18.36249182579912,13.316876617380125,75.57181797712835,113.30078001846434,1.597018801288044,8.0,1.0940568915271238,3.0,robust,
200/200/150/150/100/100/50/50,0.75,30.0,3.0,0.05,16,False,1.0,0.25,0.5,,0.2,12.0,steady,sed3_probe,7,18621,16.456523081155005,11.727584081855369,72.41207006642084,110.82680414531806,1.315504000859245,7.0,1.0243218944214374,3.0,robust,
200/200/150/150/100/100/50/50,0.75,30.0,3.0,0.05,16,False,1.0,0.25,0.5,,0.2,12.0,steady,sed3_probe,8,20085,17.206179971690265,12.61588391699675,72.96463504873785,108.24344310788533,1.4823998008464028,8.0,1.1112018114839288,3.0,robust,
200/200/150/150/100/100/50/50,0.75,30.0,3.0,0.05,16,False,1.0,0.25,0.5,,0.2,12.0,steady,sed3_probe,9,20987,25.305884503713447,17.785656523397364,108.32113471274334,144.54127573622154,2.5923667031972175,14.0,1.1542030229909193,3.0,robust,
200/200/150/150/100/100/50/50,0.75,30.0,3.0,0.05,16,False,1.0,0.25,0.5,,0.2,12.0,steady,ts,0,21175,94.57264331019762,35.92809917918327,2663.8177468456765,4541.649627211102,8.610909090909091,125.2599999999984,7.3016528325757,0.0,robust,
200/200/150/150/100/100/50/50,0.75,30.0,3.0,0.05,16,False,1.0,0.25,0.5,,0.2,12.0,steady,ts,1,20223,41.84820368764856,30.215524215183365,177.8536981554515,309.4312078851941,5.3815457647233345,25.0,7.141634360339111,0.0,robust,
200/200/150/150/100/100/50/50,0.75,30.0,3.0,0.05,16,False,1.0,0.25,0.5,,0.2,12.0,steady,ts,2,20482,45.828722915388305,32.41760625998147,206.13941652468694,298.7189503541245,6.147153598281418,28.0,9.009769853507272,0.0,robust,
200/200/150/150/100/100/50/50,0.75,30.0,3.0,0.05,16,False,1.0,0.25,0.5,,0.2,12.0,steady,ts,3,20280,44.99205008896854,31.51497834138617,216.42161691242956,428.99704823548626,6.012524654832347,30.0,7.308904299125998,0.0,robust,
200/200/150/150/100/100/50/50,0.75,30.0,3.0,0.05,16,False,1.0,0.25,0.5,,0.2,12.0,steady,ts,4,20211,45.96451794642816,32.17189694322897,211.13079307503756,330.73270947225063,6.0475978427588934,29.0,7.865947585430552,0.0,robust,
200/200/150/150/100/100/50/50,0.75,30.0,3.0,0.05,16,False,1.0,0.25,0.5,,0.2,12.0,steady,ts,5,21472,48.94241001337856,35.31048839976503,211.05214419679385,322.8030841191015,6.567390089418778,29.0,8.398479389924352,0.0,robust,
200/200/150/150/100/100/50/50,0.75,30.0,3.0,0.05,16,False,1.0,0.25,0.5,,0.2,12.0,steady,ts,6,19254,38.33299535400768,26.293926976417303,192.26496266729401,291.1925093864413,4.844603718707801,26.0,6.141997220934112,0.0,robust,
200/200/150/150/100/100/50/50,0.75,30.0,3.0,0.05,16,False,1.0,0.25,0.5,,0.2,12.0,steady,ts,7,18621,34.76235439869738,22.715443376355893,184.02682772458886,438.2909247453122,4.454110950002685,25.0,6.230804860365453,0.0,robust,
200/200/150/150/100/100/50/50,0.75,30.0,3.0,0.05,16,False,1.0,0.25,0.5,,0.2,12.0,steady,ts,8,20085,41.55800769352022,30.355165101283887,178.65717667271096,251.8028138673152,5.686482449589246,26.0,6.787978028771404,0.0,robust,
200/200/150/150/100/100/50/50,0.75,30.0,3.0,0.05,16,False,1.0,0.25,0.5,,0.2,12.0,steady,ts,9,20987,50.16259509086088,37.12343904138393,220.32425116827338,517.2709093150961,6.334826321055892,26.0,7.280488600395151,0.0,robust,
200/200/150/150/100/100/50/50,0.75,30.0,3.0,0.05,16,False,1.0,0.25,0.5,,0.2,12.0,steady,ts+lc,0,21175,41.67872919089115,30.705001378120045,176.44169042097585,251.5270741409621,5.359386068476978,24.0,7.0641036772311825,0.0,robust,
200/200/150/150/100/100/50/50,0.75,30.0,3.0,0.05,16,False,1.0,0.25,0.5,,0.2,12.0,steady,ts+lc,1,20223,39.85086700127439,27.71023903063874,178.64242784738042,252.59378065640104,5.071206052514464,25.0,7.522579390102752,0.0,robust,
200/200/150/150/100/100/50/50,0.75,30.0,3.0,0.05,16,False,1.0,0.25,0.5,,0.2,12.0,steady,ts+lc,2,20482,38.0146530410561,28.191844055937665,164.72127786776656,233.43161942744976,4.956107801972464,22.0,6.212931158030091,0.0,robust,
200/200/150/150/100/100/50/50,0.75,30.0,3.0,0.05,16,False,1.0,0.25,0.5,,0.2,12.0,steady,ts+lc,3,20280,40.01613284876556,28.598545502244832,170.33657469094055,239.84935758091723,5.265285996055227,25.0,6.682092714798489,0.0,robust,
200/200/150/150/100/100/50/50,0.75,30.0,3.0,0.05,16,False,1.0,0.25,0.5,,0.2,12.0,steady,ts+lc,4,20211,41.46060367780151,28.06741886893782,191.54348740762703,304.69683381268686,5.333828113403592,25.0,7.2854228959484555,0.0,robust,
200/200/150/150/100/100/50/50,0.75,30.0,3.0,0.05,16,False,1.0,0.25,0.5,,0.2,12.0,steady,ts+lc,5,21472,45.589246911490406,33.97551616849448,175.7962268852558,271.85808675049987,6.083084947839046,26.0,8.055739558328082,0.0,robust,
200/200/150/150/100/100/50/50,0.75,30.0,3.0,0.05,16,False,1.0,0.25,0.5,,0.2,12.0,steady,ts+lc,6,19254,33.873146169763466,23.06428821532336,158.7395162396071,243.91174629600903,4.136387244208995,20.0,5.46611945331776,0.0,robust,
200/200/150/150/100/100/50/50,0.75,30.0,3.0,0.05,16,False,1.0,0.25,0.5,,0.2,12.0,steady,ts+lc,7,18621,31.652330032342718,20.909842170272697,156.13990566995213,237.29000014089618,3.932871489178884,22.0,6.428760276815378,0.0,robust,
200/200/150/150/100/100/50/50,0.75,30.0,3.0,0.05,16,False,1.0,0.25,0.5,,0.2,12.0,steady,ts+lc,8,20085,33.426500979432525,23.63107760054639,156.6102233964125,236.1846658544916,4.254468508837441,23.0,5.816571238094465,0.0,robust,
200/200/150/150/100/100/50/50,0.75,30.0,3.0,0.05,16,False,1.0,0.25,0.5,,0.2,12.0,steady,ts+lc,9,20987,47.69140208877599,33.474560757976946,218.75743053154108,392.9403971315837,6.208652975651594,29.0,7.490121631955699,0.0,robust,
200/200/150/150/100/100/50/50,0.75,30.0,3.0,0.05,16,False,2.0,0.25,0.5,,0.2,12.0,steady,greedy,0,21175,107.26241893002664,45.89081002476192,1988.187005892989,2977.6306034564514,11.294876033057852,135.0,12.184849453217705,0.0,robust,
200/200/150/150/100/100/50/50,0.75,30.0,3.0,0.05,16,False,2.0,0.25,0.5,,0.2,12.0,steady,greedy,1,20223,66.61088768236124,35.849357972253415,471.6408833488336,1042.4184002502443,7.133412451169461,34.0,10.41999931220801,0.0,robust,
200/200/150/150/100/100/50/50,0.75,30.0,3.0,0.05,16,False,2.0,0.25,0.5,,0.2,12.0,steady,greedy,2,20482,68.09077539742361,33.00725950350891,497.484120337606,2253.8722752886238,7.5060540962796605,56.0,10.120440612841982,0.0,robust,
200/200/150/150/100/100/50/50,0.75,30.0,3.0,0.05,16,False,2.0,0.25,0.5,,0.2,12.0,steady,greedy,3,20280,45.05191642397126,26.485548003227777,229.24964388213954,857.1278414270162,5.222731755424063,26.0,7.05327637692943,0.0,robust,
200/200/150/150/100/100/50/50,0.75,30.0,3.0,0.05,16,False,2.0,0.25,0.5,,0.2,12.0,steady,greedy,4,20211,84.60705355367183,34.33900811424806,356.65762944212577,8326.76257131394,8.456335658799663,35.0,10.491407804184751,0.0,robust,
200/200/150/150/100/100/50/50,0.75,30.0,3.0,0.05,16,False,2.0,0.25,0.5,,0.2,12.0,steady,greedy,5,21472,83.65932715187796,39.4710552108517,644.1374319678546,3793.5148054493843,8.91910394932936,75.29000000000087,10.295200360558235,0.0,robust,
200/200/150/150/100/100/50/50,0.75,30.0,3.0,0.05,16,False,2.0,0.25,0.5,,0.2,12.0,steady,greedy,6,19254,75.27967821054206,28.611489145395907,1435.056265526896,2141.964263132637,7.477303417471695,90.47000000000116,8.141607547340513,0.0,robust,
200/200/150/150/100/100/50/50,0.75,30.0,3.0,0.05,16,False,2.0,0.25,0.5,,0.2,12.0,steady,greedy,7,18621,40.365025437388525,21.96257258061074,255.41719458930493,535.7503117548041,4.5650072498791685,27.0,7.761399402016169,0.0,robust,
200/200/150/150/100/100/50/50,0.75,30.0,3.0,0.05,16,False,2.0,0.25,0.5,,0.2,12.0,steady,greedy,8,20085,68.97037323897193,31.830207746043726,300.80558501627826,3821.163581968775,7.1467762011451335,33.0,10.330759362016344,0.0,robust,
200/200/150/150/100/100/50/50,0.75,30.0,3.0,0.05,16,False,2.0,0.25,0.5,,0.2,12.0,steady,greedy,9,20987,108.7445138336492,50.649185800772045,664.0211340687204,4807.821111508821,11.845952256158574,109.13999999999942,12.146417079968366,0.0,robust,
200/200/150/150/100/100/50/50,0.75,30.0,3.0,0.05,16,False,2.0,0.25,0.5,,0.2,12.0,steady,jsq,0,21175,116.04761225496338,54.681811788515944,786.4626837564249,1195.1368807049535,10.944085005903188,48.0,22.097817263454388,0.0,robust,
200/200/150/150/100/100/50/50,0.75,30.0,3.0,0.05,16,False,2.0,0.25,0.5,,0.2,12.0,steady,jsq,1,20223,96.06789283226583,41.190662902305775,730.8791711680683,1973.689498844704,8.81056223112298,43.0,19.374751220328854,0.0,robust,
200/200/150/150/100/100/50/50,0.75,30.0,3.0,0.05,16,False,2.0,0.25,0.5,,0.2,12.0,steady,jsq,2,20482,89.92113994792003,41.03831404037983,684.7960482502493,1128.6679058168045,8.647934771994922,42.0,18.996476138996737,0.0,robust,
200/200/150/150/100/100/50/50,0.75,30.0,3.0,0.05,16,False,2.0,0.25,0.5,,0.2,12.0,steady,jsq,3,20280,85.67341756701195,39.763561251944246,680.1441620129076,1004.9425237077752,8.242258382642998,42.0,18.23788993332212,0.0,robust,
200/200/150/150/100/100/50/50,0.75,30.0,3.0,0.05,16,False,2.0,0.25,0.5,,0.2,12.0,steady,jsq,4,20211,95.39536659570065,42.33633297209494,757.0604876484445,1297.9165130517615,8.987482064222453,43.0,19.59476491284252,0.0,robust,
200/200/150/150/100/100/50/50,0.75,30.0,3.0,0.05,16,False,2.0,0.25,0.5,,0.2,12.0,steady,jsq,5,21472,106.31261924460945,55.14218446240626,827.1208897200663,1295.1852038029178,10.501536885245901,46.0,22.439494866110532,0.0,robust,
200/200/150/150/100/100/50/50,0.75,30.0,3.0,0.05,16,False,2.0,0.25,0.5,,0.2,12.0,steady,jsq,6,19254,79.1606812596563,34.907671108339144,621.2077841560707,1471.0741883808982,7.406097434299366,41.0,16.286236258315117,0.0,robust,
200/200/150/150/100/100/50/50,0.75,30.0,3.0,0.05,16,False,2.0,0.25,0.5,,0.2,12.0,steady,jsq,7,18621,67.88291646151876,27.11284550790971,565.0028112267992,1124.9656662896782,6.2906933032597605,39.0,14.632619334169064,0.0,robust,
200/200/150/150/100/100/50/50,0.75,30.0,3.0,0.05,16,False,2.0,0.25,0.5,,0.2,12.0,steady,jsq,8,20085,89.13706625095635,40.546466293225336,642.763770247754,1072.931732894365,8.551904406273339,43.0,18.791801161722177,0.0,robust,
200/200/150/150/100/100/50/50,0.75,30.0,3.0,0.05,16,False,2.0,0.25,0.5,,0.2,12.0,steady,jsq,9,20987,116.46341432369971,61.22007903936044,793.2852382802171,1441.1041331949712,11.55882212798399,47.0,23.29165966658769,0.0,robust,
200/200/150/150/100/100/50/50,0.75,30.0,3.0,0.05,16,False,2.0,0.25,0.5,,0.2,12.0,steady,p2c,0,21175,79.49881217487321,33.89837298675147,627.379395005979,920.1154399995647,6.221534828807556,30.0,2.758505498358526,0.0,robust,
200/200/150/150/100/100/50/50,0.75,30.0,3.0,0.05,16,False,2.0,0.25,0.5,,0.2,12.0,steady,p2c,1,20223,61.77262818856846,25.315720354200266,487.17550502463877,1023.0769633253489,4.398951688671315,21.0,2.7815195025842057,0.0,robust,
200/200/150/150/100/100/50/50,0.75,30.0,3.0,0.05,16,False,2.0,0.25,0.5,,0.2,12.0,steady,p2c,2,20482,56.9399496695968,24.57993358599131,431.7648032313633,1201.8091136397386,4.047602773166683,17.0,2.770617966215715,0.0,robust,
200/200/150/150/100/100/50/50,0.75,30.0,3.0,0.05,16,False,2.0,0.25,0.5,,0.2,12.0,steady,p2c,3,20280,53.40427402284352,23.96431889603523,417.06280950133964,720.2729257877027,3.9109467455621303,16.0,2.706089618506904,0.0,robust,
200/200/150/150/100/100/50/50,0.75,30.0,3.0,0.05,16,False,2.0,0.25,0.5,,0.2,12.0,steady,p2c,4,20211,57.251403018333356,23.96079715309618,493.9995134064269,749.156374623155,4.045915590520014,18.900000000001455,2.7427112098307607,0.0,robust,
200/200/150/150/100/100/50/50,0.75,30.0,3.0,0.05,16,False,2.0,0.25,0.5,,0.2,12.0,steady,p2c,5,21472,62.16682114049553,28.53375040746453,533.916976195526,890.5104364469872,4.546758569299553,17.0,2.730891316754818,0.0,robust,
200/200/150/150/100/100/50/50,0.75,30.0,3.0,0.05,16,False,2.0,0.25,0.5,,0.2,12.0,steady,p2c,6,19254,53.64488772641792,20.768974026896814,471.7165858265212,1133.5437207193156,3.599407915238392,18.0,2.7313203667667736,0.0,robust,
200/200/150/150/100/100/50/50,0.75,30.0,3.0,0.05,16,False,2.0,0.25,0.5,,0.2,12.0,steady,p2c,7,18621,44.369187953155325,17.20341270803516,310.58265100276304,665.3795083391186,3.03163095429891,15.0,2.667646182557212,0.0,robust,
200/200/150/150/100/100/50/50,0.75,30.0,3.0,0.05,16,False,2.0,0.25,0.5,,0.2,12.0,steady,p2c,8,20085,53.68307429612255,22.84908332162061,390.3581397581967,1071.9554919241418,3.8047796863330845,16.0,2.7740597149285917,0.0,robust,
200/200/150/150/100/100/50/50,0.75,30.0,3.0,0.05,16,False,2.0,0.25,0.5,,0.2,12.0,steady,p2c,9,20987,72.98485858398261,32.29099327532481,567.4244771371832,1520.027413680908,5.612903225806452,25.139999999999418,2.7494754339678793,0.0,robust,
200/200/150/150/100/100/50/50,0.75,30.0,3.0,0.05,16,False,2.0,0.25,0.5,,0.2,12.0,steady,p2c_learned,0,21175,57.06597312501622,29.874909526164117,386.5101417408837,705.5839814461408,5.320283353010626,29.0,2.4539417817789135,0.0,robust,
200/200/150/150/100/100/50/50,0.75,30.0,3.0,0.05,16,False,2.0,0.25,0.5,,0.2,12.0,steady,p2c_learned,1,20223,47.94569516772955,22.426509895074886,289.9863790869521,1223.3984293806452,4.1856302230134,24.0,2.124269096472927,0.0,robust,
200/200/150/150/100/100/50/50,0.75,30.0,3.0,0.05,16,False,2.0,0.25,0.5,,0.2,12.0,steady,p2c_learned,2,20482,44.130228730971524,22.40515089318751,284.23149649943235,505.716193652269,3.9705595156722975,21.0,2.0904466134390614,0.0,robust,
200/200/150/150/100/100/50/50,0.75,30.0,3.0,0.05,16,False,2.0,0.25,0.5,,0.2,12.0,steady,p2c_learned,3,20280,39.5965792947784,20.8098729291315,257.68741706733834,457.99767212879743,3.5,17.0,2.108685335680303,0.0,robust,
200/200/150/150/100/100/50/50,0.75,30.0,3.0,0.05,16,False,2.0,0.25,0.5,,0.2,12.0,steady,p2c_learned,4,20211,41.54969187585815,22.22498780891513,250.27133944347008,491.9509984074052,3.6687942209687794,18.0,2.219536261387234,0.0,robust,
200/200/150/150/100/100/50/50,0.75,30.0,3.0,0.05,16,False,2.0,0.25,0.5,,0.2,12.0,steady,p2c_learned,5,21472,48.48899601790799,26.99022911295401,322.06394974633656,708.0725338554951,4.504331222056632,21.0,2.174535711491857,0.0,robust,
200/200/150/150/100/100/50/50,0.75,30.0,3.0,0.05,16,False,2.0,0.25,0.5,,0.2,12.0,steady,p2c_learned,6,19254,42.65336059965917,20.01438178455217,276.0056984008187,445.3308372345145,3.688272566739379,20.0,2.11987857351808,0.0,robust,
200/200/150/150/100/100/50/50,0.75,30.0,3.0,0.05,16,False,2.0,0.25,0.5,,0.2,12.0,steady,p2c_learned,7,18621,34.39771865493756,15.67088468717337,249.74207292231856,420.4029486778454,2.8221362977283713,16.0,2.0803299115606917,0.0,robust,
200/200/150/150/100/100/50/50,0.75,30.0,3.0,0.05,16,False,2.0,0.25,0.5,,0.2,12.0,steady,p2c_learned,8,20085,40.49798590983004,21.43514178427708,266.44210967631176,547.8868501665456,3.6466517301468757,18.0,2.1848810348094885,0.0,robust,
200/200/150/150/100/100/50/50,0.75,30.0,3.0,0.05,16,False,2.0,0.25,0.5,,0.2,12.0,steady,p2c_learned,9,20987,58.9281130377387,31.48956205153297,339.75662788773167,572.6499523003295,5.67851527135846,28.0,2.215255975923859,0.0,robust,
200/200/150/150/100/100/50/50,0.75,30.0,3.0,0.05,16,False,2.0,0.25,0.5,,0.2,12.0,steady,p2c_learned+lc,0,21175,56.182136822356945,29.931703220505312,362.6367589499783,840.63369606959,5.247131050767415,28.0,2.325060202810536,0.0,robust,
200/200/150/150/100/100/50/50,0.75,30.0,3.0,0.05,16,False,2.0,0.25,0.5,,0.2,12.0,steady,p2c_learned+lc,1,20223,48.106031451133795,22.83807997521592,292.787903853566,1203.3871110362509,4.2246452059536175,23.0,2.0150433071686864,0.0,robust,
200/200/150/150/100/100/50/50,0.75,30.0,3.0,0.05,16,False,2.0,0.25,0.5,,0.2,12.0,steady,p2c_learned+lc,2,20482,42.94787792275165,22.19092993342553,269.7942619574869,676.9099874320736,3.8461087784396053,19.0,2.018218742749277,0.0,robust,
200/200/150/150/100/100/50/50,0.75,30.0,3.0,0.05,16,False,2.0,0.25,0.5,,0.2,12.0,steady,p2c_learned+lc,3,20280,38.33554769516057,20.36632801350713,249.25922561042336,435.08964555876145,3.447140039447732,16.0,1.9480730644995021,0.0,robust,
200/200/150/150/100/100/50/50,0.75,30.0,3.0,0.05,16,False,2.0,0.25,0.5,,0.2,12.0,steady,p2c_learned+lc,4,20211,40.913744978621544,22.207217838581705,259.98610742831215,670.6982054718472,3.5644451041512046,17.0,2.198543054054599,0.0,robust,
200/200/150/150/100/100/50/50,0.75,30.0,3.0,0.05,16,False,2.0,0.25,0.5,,0.2,12.0,steady,p2c_learned+lc,5,21472,46.135194461437635,26.31837022445005,293.62448970079646,631.6926011691307,4.286372950819672,19.290000000000873,2.2133641773594377,0.0,robust,
200/200/150/150/100/100/50/50,0.75,30.0,3.0,0.05,16,False,2.0,0.25,0.5,,0.2,12.0,steady,p2c_learned+lc,6,19254,41.56310554118339,19.446672697575274,281.411125372804,445.8198110886326,3.6220006232471174,21.0,2.0316593464880985,0.0,robust,
200/200/150/150/100/100/50/50,0.75,30.0,3.0,0.05,16,False,2.0,0.25,0.5,,0.2,12.0,steady,p2c_learned+lc,7,18621,32.88316558888998,15.258178287183455,225.12417680243868,392.8305495101379,2.6721980559583267,15.0,2.027586351286476,0.0,robust,
200/200/150/150/100/100/50/50,0.75,30.0,3.0,0.05,16,False,2.0,0.25,0.5,,0.2,12.0,steady,p2c_learned+lc,8,20085,40.02297053458593,20.86689942006803,247.29515598460617,612.1359805946618,3.6085636046801097,18.0,2.0982796369859114,0.0,robust,
200/200/150/150/100/100/50/50,0.75,30.0,3.0,0.05,16,False,2.0,0.25,0.5,,0.2,12.0,steady,p2c_learned+lc,9,20987,58.645247925567645,33.17429498992297,344.0666564407118,554.8507534963192,5.752084623814742,30.0,2.1811069668696215,0.0,robust,
200/200/150/150/100/100/50/50,0.75,30.0,3.0,0.05,16,False,2.0,0.25,0.5,,0.2,12.0,steady,p2c_learned_probe,0,21175,48.253625214093354,23.805084857068337,356.45841136831444,718.7287019876682,4.245903187721369,25.0,1.5932797781192674,2.0,robust,
200/200/150/150/100/100/50/50,0.75,30.0,3.0,0.05,16,False,2.0,0.25,0.5,,0.2,12.0,steady,p2c_learned_probe,1,20223,39.54039492162677,17.853459988282694,282.61488853500504,1146.5687797650262,3.1361815754339117,19.0,1.4535560941196395,2.0,robust,
200/200/150/150/100/100/50/50,0.75,30.0,3.0,0.05,16,False,2.0,0.25,0.5,,0.2,12.0,steady,p2c_learned_probe,2,20482,36.01467541276304,18.024015604205303,255.70340238294335,542.1449109685354,2.944146079484425,16.0,1.4295915938477717,2.0,robust,
200/200/150/150/100/100/50/50,0.75,30.0,3.0,0.05,16,False,2.0,0.25,0.5,,0.2,12.0,steady,p2c_learned_probe,3,20280,32.172829698011775,16.43889261852305,222.22829582016544,403.6595045246852,2.618441814595661,12.0,1.4054172357634716,2.0,robust,
200/200/150/150/100/100/50/50,0.75,30.0,3.0,0.05,16,False,2.0,0.25,0.5,,0.2,12.0,steady,p2c_learned_probe,4,20211,34.32332853820596,17.270679001915923,218.4573241395158,472.71743070793104,2.726535055167978,14.0,1.4126156123739197,2.0,robust,
200/200/150/150/100/100/50/50,0.75,30.0,3.0,0.05,16,False,2.0,0.25,0.5,,0.2,12.0,steady,p2c_learned_probe,5,21472,38.124181339235385,20.68964738392509,254.87296954071263,549.1874222779138,3.1963021609538003,16.0,1.5106663955181945,2.0,robust,
200/200/150/150/100/100/50/50,0.75,30.0,3.0,0.05,16,False,2.0,0.25,0.5,,0.2,12.0,steady,p2c_learned_probe,6,19254,35.19988976846908,14.753728092599339,254.4709259081954,518.6836219302158,2.638049236522281,17.0,1.4187587507864845,2.0,robust,
200/200/150/150/100/100/50/50,0.75,30.0,3.0,0.05,16,False,2.0,0.25,0.5,,0.2,12.0,steady,p2c_learned_probe,7,18621,27.759077760314938,11.765932138320778,218.20546665299,346.4581911582261,1.982976209655765,14.0,1.3364298586774352,2.0,robust,
200/200/150/150/100/100/50/50,0.75,30.0,3.0,0.05,16,False,2.0,0.25,0.5,,0.2,12.0,steady,p2c_learned_probe,8,20085,33.39068991471929,16.14975145404607,225.35324800480333,390.6805997859834,2.6762758277321383,15.0,1.4956998399080979,2.0,robust,
200/200/150/150/100/100/50/50,0.75,30.0,3.0,0.05,16,False,2.0,0.25,0.5,,0.2,12.0,steady,p2c_learned_probe,9,20987,50.523657175540954,25.928805346026707,320.2869379158671,529.1683152558167,4.679897079144232,24.0,1.529610445976466,2.0,robust,
200/200/150/150/100/100/50/50,0.75,30.0,3.0,0.05,16,False,2.0,0.25,0.5,,0.2,12.0,steady,p3c_learned_probe,0,21175,35.46946904241851,17.064041895466175,241.15033061504496,574.578176575012,3.238913813459268,21.0,1.8025651699210241,3.0,robust,
200/200/150/150/100/100/50/50,0.75,30.0,3.0,0.05,16,False,2.0,0.25,0.5,,0.2,12.0,steady,p3c_learned_probe,1,20223,30.153658808722327,13.795636912956155,235.6285780901458,514.8431816799691,2.4887504326756664,16.0,1.725745756051239,3.0,robust,
200/200/150/150/100/100/50/50,0.75,30.0,3.0,0.05,16,False,2.0,0.25,0.5,,0.2,12.0,steady,p3c_learned_probe,2,20482,28.74426793001411,13.319697848880097,197.45982974274062,589.590031807331,2.4476613611951956,14.0,1.626482203233585,3.0,robust,
200/200/150/150/100/100/50/50,0.75,30.0,3.0,0.05,16,False,2.0,0.25,0.5,,0.2,12.0,steady,p3c_learned_probe,3,20280,23.12559762676374,12.469586630736273,148.84186510381684,311.46872587488764,1.9004437869822486,11.0,1.6262724286813028,3.0,robust,
200/200/150/150/100/100/50/50,0.75,30.0,3.0,0.05,16,False,2.0,0.25,0.5,,0.2,12.0,steady,p3c_learned_probe,4,20211,24.51779824503668,12.420638447184551,177.0831402587754,404.04754311533645,1.9496313888476573,11.0,1.6149297738784318,3.0,robust,
200/200/150/150/100/100/50/50,0.75,30.0,3.0,0.05,16,False,2.0,0.25,0.5,,0.2,12.0,steady,p3c_learned_probe,5,21472,29.168076971165274,15.950621470522286,193.17292458308515,471.58316648148525,2.494551043219076,13.0,1.7341693981077253,3.0,robust,
200/200/150/150/100/100/50/50,0.75,30.0,3.0,0.05,16,False,2.0,0.25,0.5,,0.2,12.0,steady,p3c_learned_probe,6,19254,25.365686754484198,11.239511099392807,200.06021569112397,419.57412097307383,1.9727329386101589,14.0,1.609775243794488,3.0,robust,
200/200/150/150/100/100/50/50,0.75,30.0,3.0,0.05,16,False,2.0,0.25,0.5,,0.2,12.0,steady,p3c_learned_probe,7,18621,21.28133675920513,9.643557598000285,173.64544829086904,305.40450446401303,1.6080769024219967,11.0,1.5190359485437257,3.0,robust,
200/200/150/150/100/100/50/50,0.75,30.0,3.0,0.05,16,False,2.0,0.25,0.5,,0.2,12.0,steady,p3c_learned_probe,8,20085,24.67749469684341,12.466135208306195,161.99794469508072,338.75710154679723,2.0374408762758276,13.0,1.5702884107592068,3.0,robust,
200/200/150/150/100/100/50/50,0.75,30.0,3.0,0.05,16,False,2.0,0.25,0.5,,0.2,12.0,steady,p3c_learned_probe,9,20987,37.077744333901556,18.102634597283895,261.5985767529919,458.3924386923984,3.6191928336589316,23.0,1.740823239816012,3.0,robust,
200/200/150/150/100/100/50/50,0.75,30.0,3.0,0.05,16,False,2.0,0.25,0.5,,0.2,12.0,steady,p3c_probe,0,21175,38.43264838886655,16.26699547286048,317.47061564911553,558.0336267110287,2.7393152302243213,15.0,1.9082043544445564,3.0,robust,
200/200/150/150/100/100/50/50,0.75,30.0,3.0,0.05,16,False,2.0,0.25,0.5,,0.2,12.0,steady,p3c_probe,1,20223,32.00376193912633,12.802778186056685,285.13106112420627,549.3094618071933,2.0380260099886267,12.0,1.8674503808313905,3.0,robust,
200/200/150/150/100/100/50/50,0.75,30.0,3.0,0.05,16,False,2.0,0.25,0.5,,0.2,12.0,steady,p3c_probe,2,20482,29.130484269985192,12.662159835571618,216.99180712759986,572.4951790584889,1.8619275461380724,10.0,1.7725297619619667,3.0,robust,
200/200/150/150/100/100/50/50,0.75,30.0,3.0,0.05,16,False,2.0,0.25,0.5,,0.2,12.0,steady,p3c_probe,3,20280,25.985855700977755,11.461257347992415,210.75709953416163,513.6417870318511,1.5146942800788954,7.0,1.7211269782428644,3.0,robust,
200/200/150/150/100/100/50/50,0.75,30.0,3.0,0.05,16,False,2.0,0.25,0.5,,0.2,12.0,steady,p3c_probe,4,20211,28.03296549440638,11.843885286436873,236.6598137526549,502.04875061694446,1.6738409776854188,9.0,1.7465581286315097,3.0,robust,
200/200/150/150/100/100/50/50,0.75,30.0,3.0,0.05,16,False,2.0,0.25,0.5,,0.2,12.0,steady,p3c_probe,5,21472,31.35744478859732,15.06746488485966,226.6698580821035,457.6987159272033,2.1059985096870344,9.0,1.8114643398857861,3.0,robust,
200/200/150/150/100/100/50/50,0.75,30.0,3.0,0.05,16,False,2.0,0.25,0.5,,0.2,12.0,steady,p3c_probe,6,19254,27.559063257268768,10.878352175531347,227.44890419671117,520.2670928813841,1.6470863197257712,13.0,1.7370158319364681,3.0,robust,
200/200/150/150/100/100/50/50,0.75,30.0,3.0,0.05,16,False,2.0,0.25,0.5,,0.2,12.0,steady,p3c_probe,7,18621,21.926850702933045,8.639833577351652,186.02315354045925,575.153354665782,1.0839374899307235,7.0,1.5646843389141039,3.0,robust,
200/200/150/150/100/100/50/50,0.75,30.0,3.0,0.05,16,False,2.0,0.25,0.5,,0.2,12.0,steady,p3c_probe,8,20085,26.569191559915076,11.585982053679444,213.32363380404536,547.8777580029579,1.5765496639283048,9.0,1.7674944045334535,3.0,robust,
200/200/150/150/100/100/50/50,0.75,30.0,3.0,0.05,16,False,2.0,0.25,0.5,,0.2,12.0,steady,p3c_probe,9,20987,39.69959586383883,17.502212430198227,314.41293383239855,580.4537500724058,2.95706866155239,15.0,1.8064704976930699,3.0,robust,
200/200/150/150/100/100/50/50,0.75,30.0,3.0,0.05,16,False,2.0,0.25,0.5,,0.2,12.0,steady,prequal,0,21175,48.55527687831431,25.599125374995424,358.0774320175374,677.6331349860277,4.704887839433294,26.0,3.062289773608799,3.0,robust,
200/200/150/150/100/100/50/50,0.75,30.0,3.0,0.05,16,False,2.0,0.25,0.5,,0.2,12.0,steady,prequal,1,20223,41.577111240511115,21.65084824665442,267.5892974663728,492.49719539152426,3.9826435246995993,21.0,3.023071082830321,3.0,robust,
200/200/150/150/100/100/50/50,0.75,30.0,3.0,0.05,16,False,2.0,0.25,0.5,,0.2,12.0,steady,prequal,2,20482,36.594697632137624,19.51384751549412,248.63809936963347,525.8458716842134,3.390245093252612,18.0,2.805421639166678,3.0,robust,
200/200/150/150/100/100/50/50,0.75,30.0,3.0,0.05,16,False,2.0,0.25,0.5,,0.2,12.0,steady,prequal,3,20280,33.19753417858626,18.829446359015733,209.29436844677855,416.7197332471847,3.0015285996055225,14.0,2.838600455977321,3.0,robust,
200/200/150/150/100/100/50/50,0.75,30.0,3.0,0.05,16,False,2.0,0.25,0.5,,0.2,12.0,steady,prequal,4,20211,35.28692894801591,18.64618685472763,251.47925586447224,421.30640682427804,3.1728266785413886,16.0,2.8334442570353677,3.0,robust,
200/200/150/150/100/100/50/50,0.75,30.0,3.0,0.05,16,False,2.0,0.25,0.5,,0.2,12.0,steady,prequal,5,21472,41.34993358284361,25.356340147610013,232.67222532846606,518.1663009094286,4.059565946348733,17.0,3.0439539042518375,3.0,robust,
200/200/150/150/100/100/50/50,0.75,30.0,3.0,0.05,16,False,2.0,0.25,0.5,,0.2,12.0,steady,prequal,6,19254,35.55722594067736,18.754160521186947,229.05029676246804,497.20093076616723,3.26945050379142,17.0,2.825479027124849,3.0,robust,
200/200/150/150/100/100/50/50,0.75,30.0,3.0,0.05,16,False,2.0,0.25,0.5,,0.2,12.0,steady,prequal,7,18621,28.10511067475383,14.61816143375927,185.89163003425168,358.9990363423348,2.434079802373664,13.0,2.581667272232494,3.0,robust,
200/200/150/150/100/100/50/50,0.75,30.0,3.0,0.05,16,False,2.0,0.25,0.5,,0.2,12.0,steady,prequal,8,20085,34.6334271184407,18.25551300232675,228.48962938566717,417.14252589066564,3.2121981578292256,16.0,2.8876456007052713,3.0,robust,
200/200/150/150/100/100/50/50,0.75,30.0,3.0,0.05,16,False,2.0,0.25,0.5,,0.2,12.0,steady,prequal,9,20987,45.98392588654178,25.931694716732068,272.8665840087695,545.597431457996,4.577643302997093,23.0,3.070555294162508,3.0,robust,
200/200/150/150/100/100/50/50,0.75,30.0,3.0,0.05,16,False,2.0,0.25,0.5,,0.2,12.0,steady,sed3_probe,0,21175,33.17710767439369,15.874298000959186,215.21353382402663,607.6159716042148,3.0290436835891383,20.0,1.8919507147559924,3.0,robust,
200/200/150/150/100/100/50/50,0.75,30.0,3.0,0.05,16,False,2.0,0.25,0.5,,0.2,12.0,steady,sed3_probe,1,20223,28.117178011546958,12.953281525604154,191.81513180265262,465.19047590683175,2.420016812540177,16.0,1.7766247065814873,3.0,robust,
200/200/150/150/100/100/50/50,0.75,30.0,3.0,0.05,16,False,2.0,0.25,0.5,,0.2,12.0,steady,sed3_probe,2,20482,25.00544633716012,12.255754400154473,178.17859251013894,408.82893130612604,2.1203495752367933,13.0,1.6894171370560809,3.0,robust,
200/200/150/150/100/100/50/50,0.75,30.0,3.0,0.05,16,False,2.0,0.25,0.5,,0.2,12.0,steady,sed3_probe,3,20280,21.934221303423275,11.828950781957559,138.28764681651165,266.13762392583493,1.793836291913215,10.0,1.628852274251298,3.0,robust,
200/200/150/150/100/100/50/50,0.75,30.0,3.0,0.05,16,False,2.0,0.25,0.5,,0.2,12.0,steady,sed3_probe,4,20211,23.528399562430103,11.702995357513402,165.590651957395,342.3570985389398,1.885804759784276,12.0,1.6909348426810245,3.0,robust,
200/200/150/150/100/100/50/50,0.75,30.0,3.0,0.05,16,False,2.0,0.25,0.5,,0.2,12.0,steady,sed3_probe,5,21472,27.129707743803795,15.026653721303518,168.6769277493381,435.6003489497899,2.363869225037258,12.0,1.7556523850529084,3.0,robust,
200/200/150/150/100/100/50/50,0.75,30.0,3.0,0.05,16,False,2.0,0.25,0.5,,0.2,12.0,steady,sed3_probe,6,19254,24.24162655295762,10.747117022937402,178.0273295571122,268.65616381041735,1.9960527682559468,18.0,1.692576641079226,3.0,robust,
200/200/150/150/100/100/50/50,0.75,30.0,3.0,0.05,16,False,2.0,0.25,0.5,,0.2,12.0,steady,sed3_probe,7,18621,17.80958640155048,8.456213428271298,127.80443216735415,259.9799437607634,1.208903925675313,8.0,1.5033728895967537,3.0,robust,
200/200/150/150/100/100/50/50,0.75,30.0,3.0,0.05,16,False,2.0,0.25,0.5,,0.2,12.0,steady,sed3_probe,8,20085,23.415293533013525,11.804268720938538,154.69936114468825,353.8005398836992,1.9361214836942993,12.0,1.6454389273841257,3.0,robust,
200/200/150/150/100/100/50/50,0.75,30.0,3.0,0.05,16,False,2.0,0.25,0.5,,0.2,12.0,steady,sed3_probe,9,20987,34.16701497185495,17.42748847589226,216.1325539903153,424.02033959541495,3.239338638204603,20.0,1.833433290298009,3.0,robust,
200/200/150/150/100/100/50/50,0.75,30.0,3.0,0.05,16,False,2.0,0.25,0.5,,0.2,12.0,steady,ts,0,21175,65.82293422718814,39.84563167711741,372.8744985703107,961.7875965378124,7.8157260920897285,36.0,11.306092657795297,0.0,robust,
200/200/150/150/100/100/50/50,0.75,30.0,3.0,0.05,16,False,2.0,0.25,0.5,,0.2,12.0,steady,ts,1,20223,58.09046825090309,32.60753373844949,354.8604700871994,1030.048280181523,6.502151016169708,32.0,9.590193059683529,0.0,robust,
200/200/150/150/100/100/50/50,0.75,30.0,3.0,0.05,16,False,2.0,0.25,0.5,,0.2,12.0,steady,ts,2,20482,58.09900286809281,33.58939651061732,363.8073851028484,721.9265146461768,6.767600820232399,33.0,10.225288802257193,0.0,robust,
200/200/150/150/100/100/50/50,0.75,30.0,3.0,0.05,16,False,2.0,0.25,0.5,,0.2,12.0,steady,ts,3,20280,46.506426366276585,28.307438769035187,241.02899808389097,519.7740512686526,5.787376725838264,31.0,8.23616996563609,0.0,robust,
200/200/150/150/100/100/50/50,0.75,30.0,3.0,0.05,16,False,2.0,0.25,0.5,,0.2,12.0,steady,ts,4,20211,51.01595667883382,30.297517823733244,285.921969779777,659.0997892085843,6.095492553559943,31.0,9.600596405472658,0.0,robust,
200/200/150/150/100/100/50/50,0.75,30.0,3.0,0.05,16,False,2.0,0.25,0.5,,0.2,12.0,steady,ts,5,21472,65.66462775224117,37.916231635972686,502.03132664764405,986.8724776796331,8.396423248882265,60.0,9.840484916237383,0.0,robust,
200/200/150/150/100/100/50/50,0.75,30.0,3.0,0.05,16,False,2.0,0.25,0.5,,0.2,12.0,steady,ts,6,19254,52.966810379732465,26.337859387560947,392.29349399775737,1475.9761947104316,5.588604965202036,31.0,7.91088162143542,0.0,robust,
200/200/150/150/100/100/50/50,0.75,30.0,3.0,0.05,16,False,2.0,0.25,0.5,,0.2,12.0,steady,ts,7,18621,39.7895403290818,22.191694972089948,241.02491650244022,413.069107437593,4.688523709790022,25.0,7.869605707809196,0.0,robust,
200/200/150/150/100/100/50/50,0.75,30.0,3.0,0.05,16,False,2.0,0.25,0.5,,0.2,12.0,steady,ts,8,20085,49.909883880640784,28.882529038206428,294.7486442295216,571.5242661904587,5.946178740353497,31.159999999999854,8.113144057333457,0.0,robust,
200/200/150/150/100/100/50/50,0.75,30.0,3.0,0.05,16,False,2.0,0.25,0.5,,0.2,12.0,steady,ts,9,20987,68.24328535078855,42.473290675163256,430.8192312678972,662.2039872814422,8.135560108638682,38.0,10.611717612615191,0.0,robust,
200/200/150/150/100/100/50/50,0.75,30.0,3.0,0.05,16,False,2.0,0.25,0.5,,0.2,12.0,steady,ts+lc,0,21175,58.876078316483905,34.03929068902212,355.4516654964091,666.815503925093,6.872066115702479,34.0,9.929536060918112,0.0,robust,
200/200/150/150/100/100/50/50,0.75,30.0,3.0,0.05,16,False,2.0,0.25,0.5,,0.2,12.0,steady,ts+lc,1,20223,49.77136552769843,27.462999564701107,291.9424938815703,1281.1866041456042,5.552687533995945,29.0,8.887128527102211,0.0,robust,
200/200/150/150/100/100/50/50,0.75,30.0,3.0,0.05,16,False,2.0,0.25,0.5,,0.2,12.0,steady,ts+lc,2,20482,47.64200309569926,27.216564046578462,304.57888516505324,499.72126719242044,5.480275363734011,27.0,8.024878837136232,0.0,robust,
200/200/150/150/100/100/50/50,0.75,30.0,3.0,0.05,16,False,2.0,0.25,0.5,,0.2,12.0,steady,ts+lc,3,20280,39.87298699898622,24.02444657607461,219.6589841902472,440.94426188786707,4.5982741617357,24.0,6.873558012565227,0.0,robust,
200/200/150/150/100/100/50/50,0.75,30.0,3.0,0.05,16,False,2.0,0.25,0.5,,0.2,12.0,steady,ts+lc,4,20211,48.175544927265236,28.366962167027054,273.4239292523543,516.004465400188,5.6633021621889075,27.0,8.971703700416189,0.0,robust,
200/200/150/150/100/100/50/50,0.75,30.0,3.0,0.05,16,False,2.0,0.25,0.5,,0.2,12.0,steady,ts+lc,5,21472,50.99847692239884,33.19354355973303,268.6894299746276,480.1361980008151,6.217958271236959,27.0,8.487197707951355,0.0,robust,
200/200/150/150/100/100/50/50,0.75,30.0,3.0,0.05,16,False,2.0,0.25,0.5,,0.2,12.0,steady,ts+lc,6,19254,43.12653475468106,20.702851796277955,285.6973804216367,1151.8124923988025,4.292458709878467,25.0,6.4175200726217945,0.0,robust,
200/200/150/150/100/100/50/50,0.75,30.0,3.0,0.05,16,False,2.0,0.25,0.5,,0.2,12.0,steady,ts+lc,7,18621,35.40362959106843,17.710028967840685,224.077112839874,312.2872181723002,3.9386176897051715,27.0,6.8372523534594425,0.0,robust,
200/200/150/150/100/100/50/50,0.75,30.0,3.0,0.05,16,False,2.0,0.25,0.5,,0.2,12.0,steady,ts+lc,8,20085,44.40885808437004,25.376756178289384,249.10968445636817,458.5391240099276,5.260044809559373,28.0,7.772949305337086,0.0,robust,
200/200/150/150/100/100/50/50,0.75,30.0,3.0,0.05,16,False,2.0,0.25,0.5,,0.2,12.0,steady,ts+lc,9,20987,62.25667174007185,37.49370267730967,319.82432858757784,476.408148053675,7.5139848477629005,35.0,10.535179991623671,0.0,robust,
200/200/150/150/100/100/50/50,0.75,30.0,3.0,0.05,16,False,4.0,0.25,0.5,,0.2,12.0,steady,greedy,0,21175,238.26020936333893,57.76757271975974,4530.700350161419,4892.863639930858,22.20382526564345,454.2599999999984,10.930728725885029,0.0,robust,
200/200/150/150/100/100/50/50,0.75,30.0,3.0,0.05,16,False,4.0,0.25,0.5,,0.2,12.0,steady,greedy,1,20223,96.76091206299948,31.22594895551245,1196.7530597067594,2739.8767714855862,7.528012658853781,50.0,8.902178453967991,0.0,robust,
200/200/150/150/100/100/50/50,0.75,30.0,3.0,0.05,16,False,4.0,0.25,0.5,,0.2,12.0,steady,greedy,2,20482,168.53965901378962,29.305990699745266,7284.988126344469,8968.390385064904,11.6120984278879,380.1899999999987,9.047002916012827,0.0,robust,
200/200/150/150/100/100/50/50,0.75,30.0,3.0,0.05,16,False,4.0,0.25,0.5,,0.2,12.0,steady,greedy,3,20280,56.94930858113027,26.06844719726009,425.16053545614017,1063.4354883963458,5.656065088757397,29.0,8.199180480668842,0.0,robust,
200/200/150/150/100/100/50/50,0.75,30.0,3.0,0.05,16,False,4.0,0.25,0.5,,0.2,12.0,steady,greedy,4,20211,79.49912199165972,34.02019045814875,505.5016209071348,6019.861173225214,8.135322349215773,35.0,10.263282636061003,0.0,robust,
200/200/150/150/100/100/50/50,0.75,30.0,3.0,0.05,16,False,4.0,0.25,0.5,,0.2,12.0,steady,greedy,5,21472,231.90120133567757,50.452865941472915,4664.506259688093,7101.522890090994,19.165005588673623,291.0,11.357477842000346,0.0,robust,
200/200/150/150/100/100/50/50,0.75,30.0,3.0,0.05,16,False,4.0,0.25,0.5,,0.2,12.0,steady,greedy,6,19254,199.98814666550481,27.93646234459546,5233.996452848622,7590.427464551453,13.896904539316505,292.0,9.158114167840337,0.0,robust,
200/200/150/150/100/100/50/50,0.75,30.0,3.0,0.05,16,False,4.0,0.25,0.5,,0.2,12.0,steady,greedy,7,18621,87.36108359022576,19.55310527457854,2604.436029127443,3784.515440497313,6.090113312926266,50.0,8.403214025378759,0.0,robust,
200/200/150/150/100/100/50/50,0.75,30.0,3.0,0.05,16,False,4.0,0.25,0.5,,0.2,12.0,steady,greedy,8,20085,207.80914490805094,28.722810315508163,10668.59271487121,12575.424641389274,15.276873288523774,660.1599999999999,8.952386771965859,0.0,robust,
200/200/150/150/100/100/50/50,0.75,30.0,3.0,0.05,16,False,4.0,0.25,0.5,,0.2,12.0,steady,greedy,9,20987,98.23691829079965,47.02967185438567,723.9434162676027,1287.3138280343594,10.251870205365226,50.13999999999942,11.345265866558021,0.0,robust,
200/200/150/150/100/100/50/50,0.75,30.0,3.0,0.05,16,False,4.0,0.25,0.5,,0.2,12.0,steady,jsq,0,21175,174.32461145670348,67.40386226979611,1708.3682491033285,5480.921514845578,13.912680047225502,60.2599999999984,25.41214319633744,0.0,robust,
200/200/150/150/100/100/50/50,0.75,30.0,3.0,0.05,16,False,4.0,0.25,0.5,,0.2,12.0,steady,jsq,1,20223,129.76203378212497,44.23179391821108,1291.7169365997615,3790.675695773273,10.244424664985413,47.0,22.347479523598366,0.0,robust,
200/200/150/150/100/100/50/50,0.75,30.0,3.0,0.05,16,False,4.0,0.25,0.5,,0.2,12.0,steady,jsq,2,20482,109.38661679250086,37.51488207125497,925.600480487631,4341.634859092901,8.900449174885265,43.0,20.62950317806683,0.0,robust,
200/200/150/150/100/100/50/50,0.75,30.0,3.0,0.05,16,False,4.0,0.25,0.5,,0.2,12.0,steady,jsq,3,20280,87.10060427059692,32.4034556078594,733.7539458641829,1662.0983906100928,7.845808678500986,42.0,19.0579380425023,0.0,robust,
200/200/150/150/100/100/50/50,0.75,30.0,3.0,0.05,16,False,4.0,0.25,0.5,,0.2,12.0,steady,jsq,4,20211,99.45237437684692,35.41303237234317,910.9626879502832,1737.1977073814735,8.493493642076098,42.0,20.06765112079649,0.0,robust,
200/200/150/150/100/100/50/50,0.75,30.0,3.0,0.05,16,False,4.0,0.25,0.5,,0.2,12.0,steady,jsq,5,21472,119.00606065995487,47.06362111630824,1039.182957903956,2104.6659950514254,10.571581594634873,46.0,23.74746832826872,0.0,robust,
200/200/150/150/100/100/50/50,0.75,30.0,3.0,0.05,16,False,4.0,0.25,0.5,,0.2,12.0,steady,jsq,6,19254,84.7642779413122,28.715371687843216,826.2156920083355,1555.5213536020597,7.078321387763582,39.0,17.05296326492503,0.0,robust,
200/200/150/150/100/100/50/50,0.75,30.0,3.0,0.05,16,False,4.0,0.25,0.5,,0.2,12.0,steady,jsq,7,18621,76.54438183947298,21.401060534220306,955.2857452447719,1533.079206426823,5.833574995972289,38.0,14.554534250338891,0.0,robust,
200/200/150/150/100/100/50/50,0.75,30.0,3.0,0.05,16,False,4.0,0.25,0.5,,0.2,12.0,steady,jsq,8,20085,98.90223221029409,35.2790186262979,842.0665698005838,1887.9796328873433,8.56519790888723,44.0,19.43383268848917,0.0,robust,
200/200/150/150/100/100/50/50,0.75,30.0,3.0,0.05,16,False,4.0,0.25,0.5,,0.2,12.0,steady,jsq,9,20987,135.88330821629012,57.57595441601815,1124.9319353875437,1612.539275940791,11.588888359460618,49.13999999999942,24.272847953815152,0.0,robust,
200/200/150/150/100/100/50/50,0.75,30.0,3.0,0.05,16,False,4.0,0.25,0.5,,0.2,12.0,steady,p2c,0,21175,216.90500662262124,54.51117244598791,4150.220139201223,6144.188147672499,12.816340023612751,86.0,2.6643396424763965,0.0,robust,
200/200/150/150/100/100/50/50,0.75,30.0,3.0,0.05,16,False,4.0,0.25,0.5,,0.2,12.0,steady,p2c,1,20223,113.15077875599778,33.75541096304957,1062.13675807587,3764.4374143150053,6.6645898234683285,36.0,2.816448604055043,0.0,robust,
200/200/150/150/100/100/50/50,0.75,30.0,3.0,0.05,16,False,4.0,0.25,0.5,,0.2,12.0,steady,p2c,2,20482,113.05890614916125,29.044517093145927,1127.9623267688144,2197.967521686647,7.086222048628064,37.0,2.6868419657221763,0.0,robust,
200/200/150/150/100/100/50/50,0.75,30.0,3.0,0.05,16,False,4.0,0.25,0.5,,0.2,12.0,steady,p2c,3,20280,75.1178013859137,26.21512883045618,658.2521341192735,1391.7243915017252,4.861341222879685,23.0,2.78432718929126,0.0,robust,
200/200/150/150/100/100/50/50,0.75,30.0,3.0,0.05,16,False,4.0,0.25,0.5,,0.2,12.0,steady,p2c,4,20211,82.66266957327552,27.916026193068433,752.6879438253096,1376.621188496465,5.360892583246747,25.0,2.8484487925733735,0.0,robust,
200/200/150/150/100/100/50/50,0.75,30.0,3.0,0.05,16,False,4.0,0.25,0.5,,0.2,12.0,steady,p2c,5,21472,122.15188419401721,36.32231322721147,1123.4667363412796,4794.982661001824,8.074888226527571,44.0,2.7537870146954626,0.0,robust,
200/200/150/150/100/100/50/50,0.75,30.0,3.0,0.05,16,False,4.0,0.25,0.5,,0.2,12.0,steady,p2c,6,19254,80.73343875643693,21.2104787901497,727.343633377988,1747.2342287635645,5.001350368754545,30.0,2.729684548192252,0.0,robust,
200/200/150/150/100/100/50/50,0.75,30.0,3.0,0.05,16,False,4.0,0.25,0.5,,0.2,12.0,steady,p2c,7,18621,60.57247046490198,16.369592741411587,565.1384643667454,1135.7453318177108,3.662961172869341,22.0,2.7257840915695914,0.0,robust,
200/200/150/150/100/100/50/50,0.75,30.0,3.0,0.05,16,False,4.0,0.25,0.5,,0.2,12.0,steady,p2c,8,20085,87.65554685577764,24.921183360151034,879.5757163109174,1856.988163694577,5.314911625591237,27.0,2.689733812578407,0.0,robust,
200/200/150/150/100/100/50/50,0.75,30.0,3.0,0.05,16,False,4.0,0.25,0.5,,0.2,12.0,steady,p2c,9,20987,119.6362710431311,44.987643613376704,975.0401240536862,2858.895926940702,8.084623814742459,35.0,2.792423605010863,0.0,robust,
200/200/150/150/100/100/50/50,0.75,30.0,3.0,0.05,16,False,4.0,0.25,0.5,,0.2,12.0,steady,p2c_learned,0,21175,169.5843130870396,49.678430475342594,1982.99915163098,3059.8014706950935,13.315702479338842,91.0,2.5002412282403563,0.0,robust,
200/200/150/150/100/100/50/50,0.75,30.0,3.0,0.05,16,False,4.0,0.25,0.5,,0.2,12.0,steady,p2c_learned,1,20223,97.77479111930242,30.360074004569526,758.1589305986329,3958.6204407160008,6.643771942837364,41.0,2.232438162496034,0.0,robust,
200/200/150/150/100/100/50/50,0.75,30.0,3.0,0.05,16,False,4.0,0.25,0.5,,0.2,12.0,steady,p2c_learned,2,20482,78.6960288292135,27.75311844615036,695.2889781498727,1466.823472881456,6.047016892881555,35.0,2.237213684350576,0.0,robust,
200/200/150/150/100/100/50/50,0.75,30.0,3.0,0.05,16,False,4.0,0.25,0.5,,0.2,12.0,steady,p2c_learned,3,20280,62.6692244569495,21.810343897535667,542.1768601123588,1411.0016447575242,4.696548323471401,26.0,2.097601815123279,0.0,robust,
200/200/150/150/100/100/50/50,0.75,30.0,3.0,0.05,16,False,4.0,0.25,0.5,,0.2,12.0,steady,p2c_learned,4,20211,69.93525590077572,24.183945785578587,651.9686766414568,1850.9255524584971,4.959230122210677,28.0,2.2949979843586226,0.0,robust,
200/200/150/150/100/100/50/50,0.75,30.0,3.0,0.05,16,False,4.0,0.25,0.5,,0.2,12.0,steady,p2c_learned,5,21472,98.28877294689111,39.59332410446481,855.9887245725585,1678.5404957191822,7.821115871833085,46.0,2.5124055401082215,0.0,robust,
200/200/150/150/100/100/50/50,0.75,30.0,3.0,0.05,16,False,4.0,0.25,0.5,,0.2,12.0,steady,p2c_learned,6,19254,68.20014676427888,20.71045289115858,590.2341787784344,893.0599195989024,5.025345382777605,35.470000000001164,2.16809102167872,0.0,robust,
200/200/150/150/100/100/50/50,0.75,30.0,3.0,0.05,16,False,4.0,0.25,0.5,,0.2,12.0,steady,p2c_learned,7,18621,53.00674777410622,14.885204573232613,496.8534643627655,813.8990652184223,3.7174695236560873,26.0,2.1821858064245037,0.0,robust,
200/200/150/150/100/100/50/50,0.75,30.0,3.0,0.05,16,False,4.0,0.25,0.5,,0.2,12.0,steady,p2c_learned,8,20085,66.41389990984719,23.739045552300553,537.2214268853967,1756.4097888303352,4.859945232760767,31.0,2.4119557826464018,0.0,robust,
200/200/150/150/100/100/50/50,0.75,30.0,3.0,0.05,16,False,4.0,0.25,0.5,,0.2,12.0,steady,p2c_learned,9,20987,107.45437813356516,41.832478381994775,742.3371773662991,1537.6790595223986,8.71186925239434,45.0,2.2883428095411906,0.0,robust,
200/200/150/150/100/100/50/50,0.75,30.0,3.0,0.05,16,False,4.0,0.25,0.5,,0.2,12.0,steady,p2c_learned+lc,0,21175,175.3192447865088,49.92465539572777,2225.18194470883,3381.2502944861326,13.292892561983471,87.0,2.4745495337287586,0.0,robust,
200/200/150/150/100/100/50/50,0.75,30.0,3.0,0.05,16,False,4.0,0.25,0.5,,0.2,12.0,steady,p2c_learned+lc,1,20223,103.75637745850416,29.310135210405264,888.5942745821766,3969.998295330323,6.637046926766553,40.0,2.1719520326899118,0.0,robust,
200/200/150/150/100/100/50/50,0.75,30.0,3.0,0.05,16,False,4.0,0.25,0.5,,0.2,12.0,steady,p2c_learned+lc,2,20482,79.9106881796311,25.421870694713355,753.7332097917528,2098.8842863522705,5.85172346450542,37.0,2.217283716219251,0.0,robust,
200/200/150/150/100/100/50/50,0.75,30.0,3.0,0.05,16,False,4.0,0.25,0.5,,0.2,12.0,steady,p2c_learned+lc,3,20280,63.321273990168606,22.035093096702596,517.7981702140278,1446.9201605841017,4.717948717948718,27.0,2.1117362147596643,0.0,robust,
200/200/150/150/100/100/50/50,0.75,30.0,3.0,0.05,16,False,4.0,0.25,0.5,,0.2,12.0,steady,p2c_learned+lc,4,20211,76.50332238623496,25.732499812916032,700.7910229399782,1781.6491507272904,5.569046558804612,32.0,2.2098942776892305,0.0,robust,
200/200/150/150/100/100/50/50,0.75,30.0,3.0,0.05,16,False,4.0,0.25,0.5,,0.2,12.0,steady,p2c_learned+lc,5,21472,99.00605867186391,38.332274193976446,899.6181728419022,1691.2006744224736,7.549599478390462,43.29000000000087,2.4460522161264198,0.0,robust,
200/200/150/150/100/100/50/50,0.75,30.0,3.0,0.05,16,False,4.0,0.25,0.5,,0.2,12.0,steady,p2c_learned+lc,6,19254,68.3087736803665,19.97449019925357,651.0830179387629,929.5199164533062,4.839254180949413,34.0,2.129090408379057,0.0,robust,
200/200/150/150/100/100/50/50,0.75,30.0,3.0,0.05,16,False,4.0,0.25,0.5,,0.2,12.0,steady,p2c_learned+lc,7,18621,52.95579335237733,14.835178290240947,515.2385920004288,768.400343798759,3.722195370817894,26.0,2.13989873702373,0.0,robust,
200/200/150/150/100/100/50/50,0.75,30.0,3.0,0.05,16,False,4.0,0.25,0.5,,0.2,12.0,steady,p2c_learned+lc,8,20085,70.64870483661879,23.12991353171512,617.1848446063038,1073.0049601431397,5.146676624346528,33.0,2.2265357783399535,0.0,robust,
200/200/150/150/100/100/50/50,0.75,30.0,3.0,0.05,16,False,4.0,0.25,0.5,,0.2,12.0,steady,p2c_learned+lc,9,20987,99.73795236473093,42.00047111861949,688.2588292805664,1513.5861057234679,8.336827559918044,42.13999999999942,2.3025229472356177,0.0,robust,
200/200/150/150/100/100/50/50,0.75,30.0,3.0,0.05,16,False,4.0,0.25,0.5,,0.2,12.0,steady,p2c_learned_probe,0,21175,155.4623887608892,41.8825154852791,1757.1543367851646,2623.097703819218,12.011097992916175,80.0,2.1552950468662004,2.0,robust,
200/200/150/150/100/100/50/50,0.75,30.0,3.0,0.05,16,False,4.0,0.25,0.5,,0.2,12.0,steady,p2c_learned_probe,1,20223,86.58184897505912,23.895270944347402,665.8775158775845,4082.7698342421895,5.575582257825248,34.0,1.8699787957308351,2.0,robust,
200/200/150/150/100/100/50/50,0.75,30.0,3.0,0.05,16,False,4.0,0.25,0.5,,0.2,12.0,steady,p2c_learned_probe,2,20482,67.25516461181432,20.820935768742554,726.1716117763672,1792.6397136958158,4.6241577970901275,29.0,1.8363238644755366,2.0,robust,
200/200/150/150/100/100/50/50,0.75,30.0,3.0,0.05,16,False,4.0,0.25,0.5,,0.2,12.0,steady,p2c_learned_probe,3,20280,53.643465265523496,17.602582936954825,468.55829944108973,1404.2852074307661,3.701183431952663,21.0,1.7038748855355343,2.0,robust,
200/200/150/150/100/100/50/50,0.75,30.0,3.0,0.05,16,False,4.0,0.25,0.5,,0.2,12.0,steady,p2c_learned_probe,4,20211,61.42984898939401,19.419773848206034,602.0576296098171,1669.8233700842757,4.038543367473158,24.0,1.8119564834832473,2.0,robust,
200/200/150/150/100/100/50/50,0.75,30.0,3.0,0.05,16,False,4.0,0.25,0.5,,0.2,12.0,steady,p2c_learned_probe,5,21472,90.46663652682486,30.21469847512104,909.1683900941356,1765.0648340201533,6.756846125186289,41.0,1.8906944287856735,2.0,robust,
200/200/150/150/100/100/50/50,0.75,30.0,3.0,0.05,16,False,4.0,0.25,0.5,,0.2,12.0,steady,p2c_learned_probe,6,19254,59.81030696183887,17.047257698211027,547.0727439481531,940.9478408773286,4.004778227900696,26.0,1.7592281976972526,2.0,robust,
200/200/150/150/100/100/50/50,0.75,30.0,3.0,0.05,16,False,4.0,0.25,0.5,,0.2,12.0,steady,p2c_learned_probe,7,18621,46.42447497382249,11.634356444030658,472.35221165636534,1614.0480088509144,2.873905805273616,23.0,1.6436600335835123,2.0,robust,
200/200/150/150/100/100/50/50,0.75,30.0,3.0,0.05,16,False,4.0,0.25,0.5,,0.2,12.0,steady,p2c_learned_probe,8,20085,63.59685327771028,20.000188803408037,563.9306721843241,1890.0796687150334,4.564650236494897,31.0,1.7917009401399815,2.0,robust,
200/200/150/150/100/100/50/50,0.75,30.0,3.0,0.05,16,False,4.0,0.25,0.5,,0.2,12.0,steady,p2c_learned_probe,9,20987,93.56127294942148,36.0966091123025,732.6404016661771,1328.9946676703198,7.745556773240578,43.0,1.880894165592168,2.0,robust,
200/200/150/150/100/100/50/50,0.75,30.0,3.0,0.05,16,False,4.0,0.25,0.5,,0.2,12.0,steady,p3c_learned_probe,0,21175,123.1417877603314,27.689963247199856,1624.147416057588,2485.8667419679177,9.67216056670602,87.0,2.8356509787289426,3.0,robust,
200/200/150/150/100/100/50/50,0.75,30.0,3.0,0.05,16,False,4.0,0.25,0.5,,0.2,12.0,steady,p3c_learned_probe,1,20223,63.54106424514174,15.885757027199077,732.8826553910391,1810.1555942718517,4.077832171290115,31.0,2.5496431977386385,3.0,robust,
200/200/150/150/100/100/50/50,0.75,30.0,3.0,0.05,16,False,4.0,0.25,0.5,,0.2,12.0,steady,p3c_learned_probe,2,20482,47.3189513919979,14.118271195100007,467.1964266755176,1361.8272310863051,3.3475246557953326,22.0,2.3501323010184483,3.0,robust,
200/200/150/150/100/100/50/50,0.75,30.0,3.0,0.05,16,False,4.0,0.25,0.5,,0.2,12.0,steady,p3c_learned_probe,3,20280,34.38305138808504,10.93720228270545,320.87329281058254,1118.128769111206,2.234270216962525,14.0,2.2706046541192038,3.0,robust,
200/200/150/150/100/100/50/50,0.75,30.0,3.0,0.05,16,False,4.0,0.25,0.5,,0.2,12.0,steady,p3c_learned_probe,4,20211,39.62002720044988,11.80578482278527,398.7479711495511,1419.5095103890144,2.5082380881698083,16.0,2.315471758621876,3.0,robust,
200/200/150/150/100/100/50/50,0.75,30.0,3.0,0.05,16,False,4.0,0.25,0.5,,0.2,12.0,steady,p3c_learned_probe,5,21472,57.354924781209306,17.8707461743437,535.2137854716141,1720.3673956685213,3.988822652757079,26.0,2.5099793868530993,3.0,robust,
200/200/150/150/100/100/50/50,0.75,30.0,3.0,0.05,16,False,4.0,0.25,0.5,,0.2,12.0,steady,p3c_learned_probe,6,19254,41.357528841018976,10.8845320190456,453.6866975415619,752.4447455967695,2.761400228523943,21.0,2.267456216603513,3.0,robust,
200/200/150/150/100/100/50/50,0.75,30.0,3.0,0.05,16,False,4.0,0.25,0.5,,0.2,12.0,steady,p3c_learned_probe,7,18621,40.03009094190896,10.146845429034101,446.41211532349917,1119.0876487642,3.0663229686912628,24.0,1.940314867591812,3.0,robust,
200/200/150/150/100/100/50/50,0.75,30.0,3.0,0.05,16,False,4.0,0.25,0.5,,0.2,12.0,steady,p3c_learned_probe,8,20085,43.1682206263113,13.153302144267798,424.42122230981624,1120.060854923697,3.1388100572566593,22.0,2.2733599814863856,3.0,robust,
200/200/150/150/100/100/50/50,0.75,30.0,3.0,0.05,16,False,4.0,0.25,0.5,,0.2,12.0,steady,p3c_learned_probe,9,20987,62.044696553236676,22.087652503500976,525.0834303678563,1251.921815723392,5.3727545623481205,35.0,2.484121271096525,3.0,robust,
200/200/150/150/100/100/50/50,0.75,30.0,3.0,0.05,16,False,4.0,0.25,0.5,,0.2,12.0,steady,p3c_probe,0,21175,112.22751903830857,23.178002539722797,1095.7584880175443,6115.262402895013,7.733742621015348,57.0,3.044674159183854,3.0,robust,
200/200/150/150/100/100/50/50,0.75,30.0,3.0,0.05,16,False,4.0,0.25,0.5,,0.2,12.0,steady,p3c_probe,1,20223,60.118670687398,13.233605012482386,757.1444683214411,1508.1063618731462,3.468970973643871,24.779999999998836,2.7962234221574267,3.0,robust,
200/200/150/150/100/100/50/50,0.75,30.0,3.0,0.05,16,False,4.0,0.25,0.5,,0.2,12.0,steady,p3c_probe,2,20482,44.09355568203914,11.755010097215468,536.2073494027579,1261.9189158951156,2.640025388145689,16.0,2.6298075452421337,3.0,robust,
200/200/150/150/100/100/50/50,0.75,30.0,3.0,0.05,16,False,4.0,0.25,0.5,,0.2,12.0,steady,p3c_probe,3,20280,35.859622858704235,10.11085455860794,343.5400051648418,1140.7767807170017,1.8884615384615384,9.0,2.4751441411994333,3.0,robust,
200/200/150/150/100/100/50/50,0.75,30.0,3.0,0.05,16,False,4.0,0.25,0.5,,0.2,12.0,steady,p3c_probe,4,20211,40.42808479097887,11.3858397205302,428.45343854202696,855.8182041192721,2.242986492504082,14.0,2.5815058617021607,3.0,robust,
200/200/150/150/100/100/50/50,0.75,30.0,3.0,0.05,16,False,4.0,0.25,0.5,,0.2,12.0,steady,p3c_probe,5,21472,56.4085627095937,18.26803271287858,532.4156112837125,1515.8647518710486,3.8197652757078986,24.0,2.850789688625495,3.0,robust,
200/200/150/150/100/100/50/50,0.75,30.0,3.0,0.05,16,False,4.0,0.25,0.5,,0.2,12.0,steady,p3c_probe,6,19254,44.42497764098715,9.947753235196366,478.5845662512684,1166.8818232366855,2.6171704580866315,20.0,2.526603750033691,3.0,robust,
200/200/150/150/100/100/50/50,0.75,30.0,3.0,0.05,16,False,4.0,0.25,0.5,,0.2,12.0,steady,p3c_probe,7,18621,30.3799730754501,6.764438557631536,333.5052383483351,1141.1813971981549,1.3871435476075398,11.0,2.220653687413183,3.0,robust,
200/200/150/150/100/100/50/50,0.75,30.0,3.0,0.05,16,False,4.0,0.25,0.5,,0.2,12.0,steady,p3c_probe,8,20085,41.70772755925233,10.82909958704903,461.92343020369043,773.2264084796735,2.5478715459297985,23.0,2.56243965615999,3.0,robust,
200/200/150/150/100/100/50/50,0.75,30.0,3.0,0.05,16,False,4.0,0.25,0.5,,0.2,12.0,steady,p3c_probe,9,20987,64.06481625740852,19.91593256633628,560.7047210910716,1284.9636990432286,4.466669843236289,25.0,2.790165433928897,3.0,robust,
200/200/150/150/100/100/50/50,0.75,30.0,3.0,0.05,16,False,4.0,0.25,0.5,,0.2,12.0,steady,prequal,0,21175,138.9671530810681,37.16791793283747,2026.2443177265695,3215.6049314124216,10.512727272727274,78.0,4.2916777175808045,3.0,robust,
200/200/150/150/100/100/50/50,0.75,30.0,3.0,0.05,16,False,4.0,0.25,0.5,,0.2,12.0,steady,prequal,1,20223,86.64754981743258,28.460751270426243,724.1893968738647,1560.755417130168,7.275428967017752,49.0,4.193069756259713,3.0,robust,
200/200/150/150/100/100/50/50,0.75,30.0,3.0,0.05,16,False,4.0,0.25,0.5,,0.2,12.0,steady,prequal,2,20482,56.5486876201156,22.021959619731746,576.5026324095364,1346.7402213533312,4.6968069524460505,25.0,3.747661692527123,3.0,robust,
200/200/150/150/100/100/50/50,0.75,30.0,3.0,0.05,16,False,4.0,0.25,0.5,,0.2,12.0,steady,prequal,3,20280,50.88876493136487,19.268300448760378,386.0825418908905,974.7237543282716,3.999506903353057,22.0,3.6757667217399024,3.0,robust,
200/200/150/150/100/100/50/50,0.75,30.0,3.0,0.05,16,False,4.0,0.25,0.5,,0.2,12.0,steady,prequal,4,20211,56.77140550296144,21.15705576241922,498.25378028376537,876.6171685319038,4.464499529958934,25.0,3.7984548004379093,3.0,robust,
200/200/150/150/100/100/50/50,0.75,30.0,3.0,0.05,16,False,4.0,0.25,0.5,,0.2,12.0,steady,prequal,5,21472,67.98174348568591,29.286735841099087,548.3560814853131,2309.9080804977966,5.718191132637854,30.0,4.101849475275281,3.0,robust,
200/200/150/150/100/100/50/50,0.75,30.0,3.0,0.05,16,False,4.0,0.25,0.5,,0.2,12.0,steady,prequal,6,19254,56.49210603911331,19.997967166613506,493.92872264231187,1442.7869424721757,4.355926041342059,26.0,3.867856246653492,3.0,robust,
200/200/150/150/100/100/50/50,0.75,30.0,3.0,0.05,16,False,4.0,0.25,0.5,,0.2,12.0,steady,prequal,7,18621,46.30837496669801,14.585099187634398,421.7391312053827,2014.0927451529699,3.6907255249449546,25.0,3.588837137093479,3.0,robust,
200/200/150/150/100/100/50/50,0.75,30.0,3.0,0.05,16,False,4.0,0.25,0.5,,0.2,12.0,steady,prequal,8,20085,60.584166145084424,22.305433470300784,499.3956269172808,1288.7375807433057,5.13512571570824,32.0,3.9743884568377537,3.0,robust,
200/200/150/150/100/100/50/50,0.75,30.0,3.0,0.05,16,False,4.0,0.25,0.5,,0.2,12.0,steady,prequal,9,20987,79.86699953142053,31.41641429091102,617.5581979056682,1328.4492918989645,6.725353790441702,34.0,3.9924582956367325,3.0,robust,
200/200/150/150/100/100/50/50,0.75,30.0,3.0,0.05,16,False,4.0,0.25,0.5,,0.2,12.0,steady,sed3_probe,0,21175,120.17590900455505,23.59998324208412,1699.1569617458267,2822.67359252576,10.981534828807556,88.0,2.838329988034334,3.0,robust,
200/200/150/150/100/100/50/50,0.75,30.0,3.0,0.05,16,False,4.0,0.25,0.5,,0.2,12.0,steady,sed3_probe,1,20223,48.466398394020196,12.698680888341585,542.6172139557821,1773.592111967176,3.3662166839736933,26.0,2.716075706335846,3.0,robust,
200/200/150/150/100/100/50/50,0.75,30.0,3.0,0.05,16,False,4.0,0.25,0.5,,0.2,12.0,steady,sed3_probe,2,20482,37.69799810307875,11.070824422803938,430.9850361384805,849.6321263495447,2.778976662435309,20.0,2.551088209792988,3.0,robust,
200/200/150/150/100/100/50/50,0.75,30.0,3.0,0.05,16,False,4.0,0.25,0.5,,0.2,12.0,steady,sed3_probe,3,20280,30.273855975686622,9.900680936647532,273.6319854637899,787.0150549397983,2.124112426035503,14.0,2.343289495764628,3.0,robust,
200/200/150/150/100/100/50/50,0.75,30.0,3.0,0.05,16,False,4.0,0.25,0.5,,0.2,12.0,steady,sed3_probe,4,20211,34.642844072918905,10.571102870644111,348.4466697457097,1106.4820418308125,2.3468408292513976,16.0,2.443970171921989,3.0,robust,
200/200/150/150/100/100/50/50,0.75,30.0,3.0,0.05,16,False,4.0,0.25,0.5,,0.2,12.0,steady,sed3_probe,5,21472,47.42417361500856,16.786242173963295,394.5579636538334,1566.344464094656,3.9072280178837557,25.0,2.790521187382088,3.0,robust,
200/200/150/150/100/100/50/50,0.75,30.0,3.0,0.05,16,False,4.0,0.25,0.5,,0.2,12.0,steady,sed3_probe,6,19254,34.802679997990815,9.540542708856625,333.15641607986913,1155.419861690816,2.5684013711436586,19.0,2.3259666123584273,3.0,robust,
200/200/150/150/100/100/50/50,0.75,30.0,3.0,0.05,16,False,4.0,0.25,0.5,,0.2,12.0,steady,sed3_probe,7,18621,24.014091647587033,6.289564191936492,269.52914320133925,515.6472110984619,1.4373556737017346,12.0,2.139391291836045,3.0,robust,
200/200/150/150/100/100/50/50,0.75,30.0,3.0,0.05,16,False,4.0,0.25,0.5,,0.2,12.0,steady,sed3_probe,8,20085,35.187466211163496,10.345613653949925,336.7317728295769,1009.1057027733598,2.6780184217077423,22.0,2.4308370951294482,3.0,robust,
200/200/150/150/100/100/50/50,0.75,30.0,3.0,0.05,16,False,4.0,0.25,0.5,,0.2,12.0,steady,sed3_probe,9,20987,50.591027249413905,17.78271365007278,414.9917695024433,1240.5763234551123,4.223948158383761,28.0,2.6100469650109197,3.0,robust,
200/200/150/150/100/100/50/50,0.75,30.0,3.0,0.05,16,False,4.0,0.25,0.5,,0.2,12.0,steady,ts,0,21175,150.07839207020595,49.82765907914999,2803.47161619597,4521.018117084279,12.243919716646989,106.2599999999984,10.27841504540401,0.0,robust,
200/200/150/150/100/100/50/50,0.75,30.0,3.0,0.05,16,False,4.0,0.25,0.5,,0.2,12.0,steady,ts,1,20223,80.95411967508463,33.61041866887149,665.251975806219,3384.880825230069,7.5303367452900165,42.0,9.665253787745414,0.0,robust,
200/200/150/150/100/100/50/50,0.75,30.0,3.0,0.05,16,False,4.0,0.25,0.5,,0.2,12.0,steady,ts,2,20482,99.66237710879993,30.25069096544364,827.1799599109501,5719.354609881489,8.443413729128014,40.0,10.057054031862432,0.0,robust,
200/200/150/150/100/100/50/50,0.75,30.0,3.0,0.05,16,False,4.0,0.25,0.5,,0.2,12.0,steady,ts,3,20280,57.22200761845065,27.064200466503152,413.9933834860361,1213.5184181313832,6.207889546351085,30.0,9.058714094417489,0.0,robust,
200/200/150/150/100/100/50/50,0.75,30.0,3.0,0.05,16,False,4.0,0.25,0.5,,0.2,12.0,steady,ts,4,20211,72.01610048798807,28.974447591377128,753.7581658560338,1725.6039504561677,6.602394735540052,39.0,10.108771258545449,0.0,robust,
200/200/150/150/100/100/50/50,0.75,30.0,3.0,0.05,16,False,4.0,0.25,0.5,,0.2,12.0,steady,ts,5,21472,78.30205403306705,38.720403689891825,564.458398432,2188.562478913891,7.8158532041728765,35.0,10.757968373011824,0.0,robust,
200/200/150/150/100/100/50/50,0.75,30.0,3.0,0.05,16,False,4.0,0.25,0.5,,0.2,12.0,steady,ts,6,19254,62.845937618386365,26.577992799240224,528.1471080782127,1031.381162709406,6.2129427651397116,31.470000000001164,8.620763731239123,0.0,robust,
200/200/150/150/100/100/50/50,0.75,30.0,3.0,0.05,16,False,4.0,0.25,0.5,,0.2,12.0,steady,ts,7,18621,54.91156990612888,20.30703529807809,419.1369581558486,829.7727045917854,5.521293163632458,33.79999999999927,8.949720393990432,0.0,robust,
200/200/150/150/100/100/50/50,0.75,30.0,3.0,0.05,16,False,4.0,0.25,0.5,,0.2,12.0,steady,ts,8,20085,60.14987805699619,25.825978850487985,500.70407810739295,859.4290009210649,5.9749564351506095,33.0,7.768652886693379,0.0,robust,
200/200/150/150/100/100/50/50,0.75,30.0,3.0,0.05,16,False,4.0,0.25,0.5,,0.2,12.0,steady,ts,9,20987,89.07197479128578,44.25219225337074,689.592474449483,1117.1022687286154,9.100586077095345,39.0,12.427981903745726,0.0,robust,
200/200/150/150/100/100/50/50,0.75,30.0,3.0,0.05,16,False,4.0,0.25,0.5,,0.2,12.0,steady,ts+lc,0,21175,131.89910392362478,53.80425572093728,1027.8568406263141,5934.849019503449,12.711310507674144,65.0,11.808079243379636,0.0,robust,
200/200/150/150/100/100/50/50,0.75,30.0,3.0,0.05,16,False,4.0,0.25,0.5,,0.2,12.0,steady,ts+lc,1,20223,72.91502856213692,28.477589444113605,639.2047034394343,1683.062233310648,6.440785244523562,35.0,9.863564842554215,0.0,robust,
200/200/150/150/100/100/50/50,0.75,30.0,3.0,0.05,16,False,4.0,0.25,0.5,,0.2,12.0,steady,ts+lc,2,20482,113.80410812453584,26.090098711568643,2412.4659482907055,6652.54649508961,8.441021384630407,102.18999999999869,9.745690608437666,0.0,robust,
200/200/150/150/100/100/50/50,0.75,30.0,3.0,0.05,16,False,4.0,0.25,0.5,,0.2,12.0,steady,ts+lc,3,20280,54.97613873827116,22.968774733239883,501.31352333009653,1048.111183231802,5.348717948717948,28.0,8.99434150034332,0.0,robust,
200/200/150/150/100/100/50/50,0.75,30.0,3.0,0.05,16,False,4.0,0.25,0.5,,0.2,12.0,steady,ts+lc,4,20211,59.9197488349719,25.823259926561093,416.294690540981,1539.1855910302672,5.920934144772649,30.0,9.30101725306687,0.0,robust,
200/200/150/150/100/100/50/50,0.75,30.0,3.0,0.05,16,False,4.0,0.25,0.5,,0.2,12.0,steady,ts+lc,5,21472,431.9000903146426,52.167696747286385,12467.999127792746,14004.089583322999,27.109444858420268,624.0,9.87980628764916,0.0,robust,
200/200/150/150/100/100/50/50,0.75,30.0,3.0,0.05,16,False,4.0,0.25,0.5,,0.2,12.0,steady,ts+lc,6,19254,58.094960310312366,22.187005240814628,460.6030280813502,989.3658403791044,5.666718603926457,33.0,8.292505152764429,0.0,robust,
200/200/150/150/100/100/50/50,0.75,30.0,3.0,0.05,16,False,4.0,0.25,0.5,,0.2,12.0,steady,ts+lc,7,18621,47.420870272471205,17.344425576240496,435.68365652107127,850.9916219247372,4.797110788894259,28.0,7.264044306917092,0.0,robust,
200/200/150/150/100/100/50/50,0.75,30.0,3.0,0.05,16,False,4.0,0.25,0.5,,0.2,12.0,steady,ts+lc,8,20085,56.31418065869249,21.89049310173985,464.304715081428,1154.2059360285768,5.109484690067214,29.0,8.095006118614474,0.0,robust,
200/200/150/150/100/100/50/50,0.75,30.0,3.0,0.05,16,False,4.0,0.25,0.5,,0.2,12.0,steady,ts+lc,9,20987,90.62414908815185,46.95391042335473,611.4642125131024,944.0711505803188,9.925811216467338,46.0,11.177065450945982,0.0,robust,
200/200/150/150/100/100/50/50,0.9,30.0,3.0,0.05,16,False,1.0,0.0,0.5,,0.2,12.0,steady,greedy,0,24557,97.93068624640074,56.0162585636661,1757.3045673368088,3281.2474693632403,10.705582929510934,90.43999999999869,11.115484365310584,0.0,robust,
200/200/150/150/100/100/50/50,0.9,30.0,3.0,0.05,16,False,1.0,0.0,0.5,,0.2,12.0,steady,greedy,1,24312,61.6280979057555,48.01230468431106,218.10402648277883,2012.5220288179746,8.181186245475486,31.0,9.071073575193637,0.0,robust,
200/200/150/150/100/100/50/50,0.9,30.0,3.0,0.05,16,False,1.0,0.0,0.5,,0.2,12.0,steady,greedy,2,24431,77.08486434150923,48.12703561176335,236.91221867740342,4259.320683196011,9.042773525438992,34.0,8.845370686113384,0.0,robust,
200/200/150/150/100/100/50/50,0.9,30.0,3.0,0.05,16,False,1.0,0.0,0.5,,0.2,12.0,steady,greedy,3,24221,81.00591800975444,51.16152394933238,308.47817291054145,5280.615663713277,9.547582676190084,36.0,10.818055177871527,0.0,robust,
200/200/150/150/100/100/50/50,0.9,30.0,3.0,0.05,16,False,1.0,0.0,0.5,,0.2,12.0,steady,greedy,4,24358,273.5136085138621,53.60321185709438,8203.508315156905,10768.500781961413,18.99248706790377,411.4300000000003,9.150637798768742,0.0,robust,
200/200/150/150/100/100/50/50,0.9,30.0,3.0,0.05,16,False,1.0,0.0,0.5,,0.2,12.0,steady,greedy,5,24518,120.68117536421266,56.565693830890496,2356.0898438795375,5983.324463512419,11.70907088669549,116.82999999999811,9.652578255394307,0.0,robust,
200/200/150/150/100/100/50/50,0.9,30.0,3.0,0.05,16,False,1.0,0.0,0.5,,0.2,12.0,steady,greedy,6,24384,107.02283328859251,49.45167695845187,3798.0030479608986,5812.364383814397,10.281373031496063,191.0,8.549699291698865,0.0,robust,
200/200/150/150/100/100/50/50,0.9,30.0,3.0,0.05,16,False,1.0,0.0,0.5,,0.2,12.0,steady,greedy,7,24123,62.42591095241027,43.97668169515612,253.17499127807918,3525.334022888094,7.797454711271401,31.0,7.986363516882341,0.0,robust,
200/200/150/150/100/100/50/50,0.9,30.0,3.0,0.05,16,False,1.0,0.0,0.5,,0.2,12.0,steady,greedy,8,24435,99.92469922271717,49.25762568618097,353.4075448866388,7120.540008044704,10.321628811131573,43.0,10.027360305154096,0.0,robust,
200/200/150/150/100/100/50/50,0.9,30.0,3.0,0.05,16,False,1.0,0.0,0.5,,0.2,12.0,steady,greedy,9,24387,178.3002083989532,52.702051642288694,6278.653209459395,6690.514732802336,14.092139254520852,309.1399999999994,9.663098458839489,0.0,robust,
200/200/150/150/100/100/50/50,0.9,30.0,3.0,0.05,16,False,1.0,0.0,0.5,,0.2,12.0,steady,jsq,0,24557,148.69628634330235,100.28700359913145,865.9535738463775,1198.7583247197167,16.340106690556663,48.0,31.468357965522827,0.0,robust,
200/200/150/150/100/100/50/50,0.9,30.0,3.0,0.05,16,False,1.0,0.0,0.5,,0.2,12.0,steady,jsq,1,24312,133.33185037655534,88.90957618683437,732.0195750483103,1005.6653397391482,14.937643961829549,47.0,28.927410886250776,0.0,robust,
200/200/150/150/100/100/50/50,0.9,30.0,3.0,0.05,16,False,1.0,0.0,0.5,,0.2,12.0,steady,jsq,2,24431,135.97734797311804,91.98173156938871,780.6645477649823,1148.1236255090193,15.255945315378003,48.0,29.70112956273524,0.0,robust,
200/200/150/150/100/100/50/50,0.9,30.0,3.0,0.05,16,False,1.0,0.0,0.5,,0.2,12.0,steady,jsq,3,24221,136.4340653806143,91.56061501752966,775.0443884296668,1049.0155032943214,15.051319103257503,46.0,29.64969742455066,0.0,robust,
200/200/150/150/100/100/50/50,0.9,30.0,3.0,0.05,16,False,1.0,0.0,0.5,,0.2,12.0,steady,jsq,4,24358,145.64085953199478,98.57895947978479,840.8849357286374,1124.5936353053758,15.91624928155021,47.0,31.125667830019633,0.0,robust,
200/200/150/150/100/100/50/50,0.9,30.0,3.0,0.05,16,False,1.0,0.0,0.5,,0.2,12.0,steady,jsq,5,24518,146.17813855582722,95.99257243955384,858.1050315683674,1242.2322573706983,15.757402724528918,48.0,30.85433224501751,0.0,robust,
200/200/150/150/100/100/50/50,0.9,30.0,3.0,0.05,16,False,1.0,0.0,0.5,,0.2,12.0,steady,jsq,6,24384,149.87601388838002,101.01757329409989,830.7894076684606,1090.8239406700923,16.24704724409449,48.0,31.52345467316718,0.0,robust,
200/200/150/150/100/100/50/50,0.9,30.0,3.0,0.05,16,False,1.0,0.0,0.5,,0.2,12.0,steady,jsq,7,24123,133.3903716484186,84.20292560361631,804.7933960571211,1237.6252028080964,14.545164365957799,47.0,28.51525148513486,0.0,robust,
200/200/150/150/100/100/50/50,0.9,30.0,3.0,0.05,16,False,1.0,0.0,0.5,,0.2,12.0,steady,jsq,8,24435,142.51276594005265,96.4428079048183,846.9993571914654,1177.1884800715861,15.781911192960917,48.0,30.772145269989405,0.0,robust,
200/200/150/150/100/100/50/50,0.9,30.0,3.0,0.05,16,False,1.0,0.0,0.5,,0.2,12.0,steady,jsq,9,24387,150.123673118048,98.50554436770409,871.8991436137438,1206.147269334544,16.098823143478082,48.0,31.31924331777959,0.0,robust,
200/200/150/150/100/100/50/50,0.9,30.0,3.0,0.05,16,False,1.0,0.0,0.5,,0.2,12.0,steady,p2c,0,24557,59.80495293297546,36.4838029484682,331.80533109987556,460.6975009993758,5.257686199454331,15.0,2.464635055608992,0.0,robust,
200/200/150/150/100/100/50/50,0.9,30.0,3.0,0.05,16,False,1.0,0.0,0.5,,0.2,12.0,steady,p2c,1,24312,51.952908181988484,31.92120867587178,305.3971844530143,426.01410702960976,4.55186739058901,14.0,2.560011886799497,0.0,robust,
200/200/150/150/100/100/50/50,0.9,30.0,3.0,0.05,16,False,1.0,0.0,0.5,,0.2,12.0,steady,p2c,2,24431,56.22699331561778,34.130116335292726,317.74487987570615,444.623915483875,4.9259956612500515,14.0,2.517737652863074,0.0,robust,
200/200/150/150/100/100/50/50,0.9,30.0,3.0,0.05,16,False,1.0,0.0,0.5,,0.2,12.0,steady,p2c,3,24221,55.3948281960746,32.981542967110755,320.40602951925337,432.73799913080416,4.7522397919161055,14.0,2.446922529503673,0.0,robust,
200/200/150/150/100/100/50/50,0.9,30.0,3.0,0.05,16,False,1.0,0.0,0.5,,0.2,12.0,steady,p2c,4,24358,56.783982707359534,35.08560322684584,324.8918981534977,426.32489969717835,4.950036948846375,14.0,2.399330211789499,0.0,robust,
200/200/150/150/100/100/50/50,0.9,30.0,3.0,0.05,16,False,1.0,0.0,0.5,,0.2,12.0,steady,p2c,5,24518,57.03253594876685,34.36197133520125,313.65992941158345,433.43306750894976,5.035320988661391,15.0,2.566490168816611,0.0,robust,
200/200/150/150/100/100/50/50,0.9,30.0,3.0,0.05,16,False,1.0,0.0,0.5,,0.2,12.0,steady,p2c,6,24384,54.14964432170905,32.79421720083242,294.1117183108574,402.3576528738129,4.711491141732283,14.0,2.557048305257035,0.0,robust,
200/200/150/150/100/100/50/50,0.9,30.0,3.0,0.05,16,False,1.0,0.0,0.5,,0.2,12.0,steady,p2c,7,24123,51.130552883326295,30.373406309413653,298.76633763212067,411.81701925634746,4.399991709157236,14.0,2.481769856795268,0.0,robust,
200/200/150/150/100/100/50/50,0.9,30.0,3.0,0.05,16,False,1.0,0.0,0.5,,0.2,12.0,steady,p2c,8,24435,53.318861110199734,32.701202522495976,305.58852013028087,402.46407767036214,4.670104358502148,14.0,2.536935322412532,0.0,robust,
200/200/150/150/100/100/50/50,0.9,30.0,3.0,0.05,16,False,1.0,0.0,0.5,,0.2,12.0,steady,p2c,9,24387,59.34634472705749,36.26381030844783,335.81381417042456,486.02456020739555,5.171320785664493,16.0,2.4426757631464477,0.0,robust,
200/200/150/150/100/100/50/50,0.9,30.0,3.0,0.05,16,False,1.0,0.0,0.5,,0.2,12.0,steady,p2c_learned,0,24557,41.77822394025,33.95653727206671,158.77911052026337,257.4594505637015,4.705134992059291,15.0,1.985223432279201,0.0,robust,
200/200/150/150/100/100/50/50,0.9,30.0,3.0,0.05,16,False,1.0,0.0,0.5,,0.2,12.0,steady,p2c_learned,1,24312,37.043743773938616,29.555663020996548,139.00363329986152,240.3378698306592,4.214791049687397,14.0,1.9697178840517207,0.0,robust,
200/200/150/150/100/100/50/50,0.9,30.0,3.0,0.05,16,False,1.0,0.0,0.5,,0.2,12.0,steady,p2c_learned,2,24431,39.52757029890775,31.287205898882675,151.46890339995977,237.26872485378686,4.4828701240227575,15.0,1.9039324739335424,0.0,robust,
200/200/150/150/100/100/50/50,0.9,30.0,3.0,0.05,16,False,1.0,0.0,0.5,,0.2,12.0,steady,p2c_learned,3,24221,38.90705254446011,30.502137259770024,151.49361429029565,236.8535991970723,4.338549192849181,14.0,1.9380056346542602,0.0,robust,
200/200/150/150/100/100/50/50,0.9,30.0,3.0,0.05,16,False,1.0,0.0,0.5,,0.2,12.0,steady,p2c_learned,4,24358,40.58478325521256,32.5643706749088,160.966369251105,255.03646133166743,4.457673043763855,14.0,2.033257757029606,0.0,robust,
200/200/150/150/100/100/50/50,0.9,30.0,3.0,0.05,16,False,1.0,0.0,0.5,,0.2,12.0,steady,p2c_learned,5,24518,40.42008120998673,33.15033890010044,146.53955819752548,205.4385296062969,4.541642874622726,14.0,2.131799284997696,0.0,robust,
200/200/150/150/100/100/50/50,0.9,30.0,3.0,0.05,16,False,1.0,0.0,0.5,,0.2,12.0,steady,p2c_learned,6,24384,38.94327045537176,32.073879827428264,146.18745264642556,229.86566980418593,4.355314960629921,14.0,2.029089916350289,0.0,robust,
200/200/150/150/100/100/50/50,0.9,30.0,3.0,0.05,16,False,1.0,0.0,0.5,,0.2,12.0,steady,p2c_learned,7,24123,36.64804928131493,28.44474413405429,152.14893260509578,252.02975393530417,4.050366869792314,14.0,1.927899942150456,0.0,robust,
200/200/150/150/100/100/50/50,0.9,30.0,3.0,0.05,16,False,1.0,0.0,0.5,,0.2,12.0,steady,p2c_learned,8,24435,37.204594384969596,29.723542745994536,141.9166536852074,214.8309581146975,4.167055453243298,15.0,2.011106624745657,0.0,robust,
200/200/150/150/100/100/50/50,0.9,30.0,3.0,0.05,16,False,1.0,0.0,0.5,,0.2,12.0,steady,p2c_learned,9,24387,40.4484038400821,32.10552838985592,154.85105201005322,257.4814780331028,4.525689916758929,17.0,2.1028183072339908,0.0,robust,
200/200/150/150/100/100/50/50,0.9,30.0,3.0,0.05,16,False,1.0,0.0,0.5,,0.2,12.0,steady,p2c_learned+lc,0,24557,41.25963262020973,33.58501074182385,155.31688018910594,232.56315105834207,4.664657735065358,15.0,1.9178840425778403,0.0,robust,
200/200/150/150/100/100/50/50,0.9,30.0,3.0,0.05,16,False,1.0,0.0,0.5,,0.2,12.0,steady,p2c_learned+lc,1,24312,36.18220164313647,28.98607348633142,133.18689019561583,201.04373843080606,4.065852254030931,14.0,1.9269171690694107,0.0,robust,
200/200/150/150/100/100/50/50,0.9,30.0,3.0,0.05,16,False,1.0,0.0,0.5,,0.2,12.0,steady,p2c_learned+lc,2,24431,38.87255637348185,30.479514929436125,151.15920621145324,236.26113927729114,4.360198108959928,15.0,1.901835675916217,0.0,robust,
200/200/150/150/100/100/50/50,0.9,30.0,3.0,0.05,16,False,1.0,0.0,0.5,,0.2,12.0,steady,p2c_learned+lc,3,24221,38.10156573275429,30.20022918093801,150.72918828599867,230.95828549795684,4.227571115973742,15.0,1.8168644440747892,0.0,robust,
200/200/150/150/100/100/50/50,0.9,30.0,3.0,0.05,16,False,1.0,0.0,0.5,,0.2,12.0,steady,p2c_learned+lc,4,24358,39.633292007920836,31.9342523364341,155.14188700438723,228.55738704244396,4.355406847852861,14.0,1.9570291784542906,0.0,robust,
200/200/150/150/100/100/50/50,0.9,30.0,3.0,0.05,16,False,1.0,0.0,0.5,,0.2,12.0,steady,p2c_learned+lc,5,24518,39.792419924231524,32.550693917055895,149.81742970576715,223.17362303742445,4.49433069581532,14.0,2.061910361012783,0.0,robust,
200/200/150/150/100/100/50/50,0.9,30.0,3.0,0.05,16,False,1.0,0.0,0.5,,0.2,12.0,steady,p2c_learned+lc,6,24384,38.708289224448855,32.211919393454025,141.45700689618369,212.2308067772195,4.344775262467191,13.0,1.894606555426679,0.0,robust,
200/200/150/150/100/100/50/50,0.9,30.0,3.0,0.05,16,False,1.0,0.0,0.5,,0.2,12.0,steady,p2c_learned+lc,7,24123,35.833610770935266,27.731908943479766,149.7175356832305,221.6252951428585,3.9328027193964266,14.0,1.8050649474585296,0.0,robust,
200/200/150/150/100/100/50/50,0.9,30.0,3.0,0.05,16,False,1.0,0.0,0.5,,0.2,12.0,steady,p2c_learned+lc,8,24435,36.22149062303797,29.092815579256026,142.83604919082768,216.13765567670566,4.027215060364232,15.0,1.8909157827599103,0.0,robust,
200/200/150/150/100/100/50/50,0.9,30.0,3.0,0.05,16,False,1.0,0.0,0.5,,0.2,12.0,steady,p2c_learned+lc,9,24387,40.24835751601614,32.30316683974266,152.20692980060448,243.0418410197688,4.508836675277812,16.0,2.006993759516983,0.0,robust,
200/200/150/150/100/100/50/50,0.9,30.0,3.0,0.05,16,False,1.0,0.0,0.5,,0.2,12.0,steady,p2c_learned_probe,0,24557,30.856080955629423,24.991559888338344,114.91128709174166,168.86466510017001,3.1133281752657083,11.0,0.8479709571023736,2.0,robust,
200/200/150/150/100/100/50/50,0.9,30.0,3.0,0.05,16,False,1.0,0.0,0.5,,0.2,12.0,steady,p2c_learned_probe,1,24312,27.387844342331903,21.68910175145422,102.2580528739405,160.87838480703044,2.694800921355709,10.0,0.8239287197403186,2.0,robust,
200/200/150/150/100/100/50/50,0.9,30.0,3.0,0.05,16,False,1.0,0.0,0.5,,0.2,12.0,steady,p2c_learned_probe,2,24431,30.83830422434424,23.798972607725233,124.05342602830567,191.38183441970148,3.1191928287831034,12.0,0.8698551747587587,2.0,robust,
200/200/150/150/100/100/50/50,0.9,30.0,3.0,0.05,16,False,1.0,0.0,0.5,,0.2,12.0,steady,p2c_learned_probe,3,24221,29.445775538765265,23.16612392548123,119.25831776959572,190.9508288640543,2.8985178151191113,11.0,0.8693036883436711,2.0,robust,
200/200/150/150/100/100/50/50,0.9,30.0,3.0,0.05,16,False,1.0,0.0,0.5,,0.2,12.0,steady,p2c_learned_probe,4,24358,30.25005404334644,24.381103468034127,115.2132485130598,171.00742988403752,3.0114130881024717,10.0,0.8496425751534611,2.0,robust,
200/200/150/150/100/100/50/50,0.9,30.0,3.0,0.05,16,False,1.0,0.0,0.5,,0.2,12.0,steady,p2c_learned_probe,5,24518,30.580804316464953,24.803947500319445,108.98300944805038,165.4776337106259,3.0921771759523615,11.0,0.8423023339996966,2.0,robust,
200/200/150/150/100/100/50/50,0.9,30.0,3.0,0.05,16,False,1.0,0.0,0.5,,0.2,12.0,steady,p2c_learned_probe,6,24384,29.736804590488916,24.2289316251334,109.21306635552402,164.11418988870096,2.9731791338582676,10.0,0.8458583053139861,2.0,robust,
200/200/150/150/100/100/50/50,0.9,30.0,3.0,0.05,16,False,1.0,0.0,0.5,,0.2,12.0,steady,p2c_learned_probe,7,24123,27.107928765263544,21.2077923331897,107.88936256272999,163.59125200786124,2.627450980392157,9.0,0.8549628061907021,2.0,robust,
200/200/150/150/100/100/50/50,0.9,30.0,3.0,0.05,16,False,1.0,0.0,0.5,,0.2,12.0,steady,p2c_learned_probe,8,24435,27.484378893930824,21.89553447123549,107.15435186310985,162.25527940033598,2.677429916103949,11.0,0.8491508795753915,2.0,robust,
200/200/150/150/100/100/50/50,0.9,30.0,3.0,0.05,16,False,1.0,0.0,0.5,,0.2,12.0,steady,p2c_learned_probe,9,24387,30.44211449869028,23.916510939866242,118.73327424087189,181.74180084851926,3.054742280723336,13.0,0.8429130234273213,2.0,robust,
200/200/150/150/100/100/50/50,0.9,30.0,3.0,0.05,16,False,1.0,0.0,0.5,,0.2,12.0,steady,p3c_learned_probe,0,24557,24.279190590593107,19.676006819329572,89.12145514489792,124.86159998370437,2.4529462067842163,9.0,0.8836591884285638,3.0,robust,
200/200/150/150/100/100/50/50,0.9,30.0,3.0,0.05,16,False,1.0,0.0,0.5,,0.2,12.0,steady,p3c_learned_probe,1,24312,22.374726086783603,18.10910842032154,82.55279512512809,118.58085231161743,2.221989141164857,9.0,0.8156516097978574,3.0,robust,
200/200/150/150/100/100/50/50,0.9,30.0,3.0,0.05,16,False,1.0,0.0,0.5,,0.2,12.0,steady,p3c_learned_probe,2,24431,23.21328471588703,18.896141977979397,84.10736785413829,125.06962459887521,2.3572510335229833,9.0,0.8571905042766572,3.0,robust,
200/200/150/150/100/100/50/50,0.9,30.0,3.0,0.05,16,False,1.0,0.0,0.5,,0.2,12.0,steady,p3c_learned_probe,3,24221,21.80732781671462,17.80893065714828,77.78623111681134,122.53339874949093,2.0931010280335247,7.0,0.8240302189687141,3.0,robust,
200/200/150/150/100/100/50/50,0.9,30.0,3.0,0.05,16,False,1.0,0.0,0.5,,0.2,12.0,steady,p3c_learned_probe,4,24358,23.480350671427235,19.29587251603415,83.330109786377,124.33815373909022,2.3492897610641266,9.0,0.8458828348084405,3.0,robust,
200/200/150/150/100/100/50/50,0.9,30.0,3.0,0.05,16,False,1.0,0.0,0.5,,0.2,12.0,steady,p3c_learned_probe,5,24518,24.142832730608635,19.769453386720315,87.81300990272334,134.8580901059963,2.4370258585529,9.0,0.8816444009368718,3.0,robust,
200/200/150/150/100/100/50/50,0.9,30.0,3.0,0.05,16,False,1.0,0.0,0.5,,0.2,12.0,steady,p3c_learned_probe,6,24384,23.366470641799516,19.163696866446145,85.15560981230097,131.5761393543386,2.360482283464567,9.0,0.8722290728492648,3.0,robust,
200/200/150/150/100/100/50/50,0.9,30.0,3.0,0.05,16,False,1.0,0.0,0.5,,0.2,12.0,steady,p3c_learned_probe,7,24123,21.162840258045783,17.21716836384335,76.03038687952876,120.24439647980094,2.0544293827467563,8.0,0.8157594468526406,3.0,robust,
200/200/150/150/100/100/50/50,0.9,30.0,3.0,0.05,16,False,1.0,0.0,0.5,,0.2,12.0,steady,p3c_learned_probe,8,24435,21.867757897502692,17.654655469662828,80.23691636980843,113.66968276694027,2.1418457131164312,10.0,0.8270891580022989,3.0,robust,
200/200/150/150/100/100/50/50,0.9,30.0,3.0,0.05,16,False,1.0,0.0,0.5,,0.2,12.0,steady,p3c_learned_probe,9,24387,24.765263683193716,19.507740181987643,100.86223243045688,148.4121539272136,2.563250912371345,13.0,0.8607499744446097,3.0,robust,
200/200/150/150/100/100/50/50,0.9,30.0,3.0,0.05,16,False,1.0,0.0,0.5,,0.2,12.0,steady,p3c_probe,0,24557,28.195784299108112,18.743294763304164,158.7919462526349,238.97698822624835,2.134910616117604,7.0,0.8327490394935686,3.0,robust,
200/200/150/150/100/100/50/50,0.9,30.0,3.0,0.05,16,False,1.0,0.0,0.5,,0.2,12.0,steady,p3c_probe,1,24312,25.05543444459224,16.67057272731043,140.47985117777083,210.09875608413833,1.8035949325435998,6.0,0.8292340394930754,3.0,robust,
200/200/150/150/100/100/50/50,0.9,30.0,3.0,0.05,16,False,1.0,0.0,0.5,,0.2,12.0,steady,p3c_probe,2,24431,26.23546039186716,17.246743076022142,145.4770846421458,234.55135683216758,1.938029552617576,6.0,0.8436197273283295,3.0,robust,
200/200/150/150/100/100/50/50,0.9,30.0,3.0,0.05,16,False,1.0,0.0,0.5,,0.2,12.0,steady,p3c_probe,3,24221,25.354734174566172,17.137246927706684,132.0800758011133,196.99093676396345,1.825399446761075,5.0,0.849459095185843,3.0,robust,
200/200/150/150/100/100/50/50,0.9,30.0,3.0,0.05,16,False,1.0,0.0,0.5,,0.2,12.0,steady,p3c_probe,4,24358,27.01278067520369,17.729621792566874,153.0483164569984,224.62978997260137,1.997249363658757,7.0,0.8533040650719288,3.0,robust,
200/200/150/150/100/100/50/50,0.9,30.0,3.0,0.05,16,False,1.0,0.0,0.5,,0.2,12.0,steady,p3c_probe,5,24518,27.553004367560007,18.589062464936745,149.3538575132805,242.79503743850597,2.0893629170405417,7.0,0.8480052605015004,3.0,robust,
200/200/150/150/100/100/50/50,0.9,30.0,3.0,0.05,16,False,1.0,0.0,0.5,,0.2,12.0,steady,p3c_probe,6,24384,26.51578958386565,17.88373255341469,149.49168054798352,250.6032738436379,1.9440206692913387,6.0,0.8556095186804226,3.0,robust,
200/200/150/150/100/100/50/50,0.9,30.0,3.0,0.05,16,False,1.0,0.0,0.5,,0.2,12.0,steady,p3c_probe,7,24123,24.051833292265872,15.722998373561836,136.70625745137315,211.2739777499892,1.6892177589852009,6.0,0.7932666190605786,3.0,robust,
200/200/150/150/100/100/50/50,0.9,30.0,3.0,0.05,16,False,1.0,0.0,0.5,,0.2,12.0,steady,p3c_probe,8,24435,25.097598546376094,16.49225211680516,144.13904388282748,237.44320840567858,1.817597708205443,8.0,0.8483291019969003,3.0,robust,
200/200/150/150/100/100/50/50,0.9,30.0,3.0,0.05,16,False,1.0,0.0,0.5,,0.2,12.0,steady,p3c_probe,9,24387,27.822696892305313,18.02090336229689,155.91891250943232,262.06642008996374,2.0791405256899167,10.0,0.8505476787079974,3.0,robust,
200/200/150/150/100/100/50/50,0.9,30.0,3.0,0.05,16,False,1.0,0.0,0.5,,0.2,12.0,steady,prequal,0,24557,33.72000579201909,26.422283414495595,133.1008944754324,243.61893826886072,3.6383108685914403,13.0,1.8726951381984658,3.0,robust,
200/200/150/150/100/100/50/50,0.9,30.0,3.0,0.05,16,False,1.0,0.0,0.5,,0.2,12.0,steady,prequal,1,24312,30.658661853937588,23.975969631052862,126.3313085605553,176.7056850853267,3.294175715695953,12.0,1.8168043638063245,3.0,robust,
200/200/150/150/100/100/50/50,0.9,30.0,3.0,0.05,16,False,1.0,0.0,0.5,,0.2,12.0,steady,prequal,2,24431,31.890677549447904,24.718931385245835,126.78693057446613,195.163314620065,3.466333756293234,12.0,1.9046461314197478,3.0,robust,
200/200/150/150/100/100/50/50,0.9,30.0,3.0,0.05,16,False,1.0,0.0,0.5,,0.2,12.0,steady,prequal,3,24221,31.044226958957317,24.61676813166047,127.42205837424544,236.5396581129876,3.2784360678749844,11.0,1.8259399457909993,3.0,robust,
200/200/150/150/100/100/50/50,0.9,30.0,3.0,0.05,16,False,1.0,0.0,0.5,,0.2,12.0,steady,prequal,4,24358,32.264768934345,26.28808441076025,126.54522763026547,197.37163474383445,3.511207816733722,12.0,1.8369139928856153,3.0,robust,
200/200/150/150/100/100/50/50,0.9,30.0,3.0,0.05,16,False,1.0,0.0,0.5,,0.2,12.0,steady,prequal,5,24518,32.78550931943266,26.482599311943744,130.17028031343085,210.35703157651616,3.589158985235337,12.0,1.8221653306241872,3.0,robust,
200/200/150/150/100/100/50/50,0.9,30.0,3.0,0.05,16,False,1.0,0.0,0.5,,0.2,12.0,steady,prequal,6,24384,32.47902789367905,26.186680452926936,122.41342050053986,196.3129845625573,3.487942913385827,12.0,1.8383476521642192,3.0,robust,
200/200/150/150/100/100/50/50,0.9,30.0,3.0,0.05,16,False,1.0,0.0,0.5,,0.2,12.0,steady,prequal,7,24123,29.186370180659658,22.91282968109165,121.68312958615692,190.0790945808179,3.065870745761307,10.0,1.7689297225524128,3.0,robust,
200/200/150/150/100/100/50/50,0.9,30.0,3.0,0.05,16,False,1.0,0.0,0.5,,0.2,12.0,steady,prequal,8,24435,30.62987339977495,24.09659707885936,121.73509977243269,190.76231431959704,3.3043994270513606,13.0,1.7876403895780117,3.0,robust,
200/200/150/150/100/100/50/50,0.9,30.0,3.0,0.05,16,False,1.0,0.0,0.5,,0.2,12.0,steady,prequal,9,24387,33.52913871208145,26.047219899670182,142.60292303556133,221.1720164146676,3.6120474023045066,15.0,1.8859622605752129,3.0,robust,
200/200/150/150/100/100/50/50,0.9,30.0,3.0,0.05,16,False,1.0,0.0,0.5,,0.2,12.0,steady,sed3_probe,0,24557,23.74608221941257,19.42228539921409,86.60170226667243,120.00041228364185,2.3836380665390724,9.0,0.8504056176319723,3.0,robust,
200/200/150/150/100/100/50/50,0.9,30.0,3.0,0.05,16,False,1.0,0.0,0.5,,0.2,12.0,steady,sed3_probe,1,24312,21.69141647679124,17.285099014455074,81.10300491573263,112.09011390996866,2.1030766699572228,9.0,0.8443855526561044,3.0,robust,
200/200/150/150/100/100/50/50,0.9,30.0,3.0,0.05,16,False,1.0,0.0,0.5,,0.2,12.0,steady,sed3_probe,2,24431,22.199823088625656,17.67196647245939,82.97071867421818,132.40710005027188,2.1687200687650936,9.0,0.8636691995429814,3.0,robust,
200/200/150/150/100/100/50/50,0.9,30.0,3.0,0.05,16,False,1.0,0.0,0.5,,0.2,12.0,steady,sed3_probe,3,24221,21.393951152599595,17.533573378525347,75.96559724080615,109.09350013309621,2.0472730275380866,7.0,0.8427278659313031,3.0,robust,
200/200/150/150/100/100/50/50,0.9,30.0,3.0,0.05,16,False,1.0,0.0,0.5,,0.2,12.0,steady,sed3_probe,4,24358,22.651136022673168,18.503123442421554,83.27786407789685,120.91486630570206,2.2238279004844403,8.0,0.8580361674897661,3.0,robust,
200/200/150/150/100/100/50/50,0.9,30.0,3.0,0.05,16,False,1.0,0.0,0.5,,0.2,12.0,steady,sed3_probe,5,24518,23.490576993828594,19.41387640644443,83.49517072650633,122.51992195560028,2.352965168447671,9.0,0.8528698080709596,3.0,robust,
200/200/150/150/100/100/50/50,0.9,30.0,3.0,0.05,16,False,1.0,0.0,0.5,,0.2,12.0,steady,sed3_probe,6,24384,22.915529209628982,18.71937230888676,85.32447300847133,127.74448133757292,2.239665354330709,9.0,0.8457893433398238,3.0,robust,
200/200/150/150/100/100/50/50,0.9,30.0,3.0,0.05,16,False,1.0,0.0,0.5,,0.2,12.0,steady,sed3_probe,7,24123,20.515408526937907,16.55776942202536,74.81970810062164,120.50825524340289,1.9295278365045807,8.0,0.833062311755252,3.0,robust,
200/200/150/150/100/100/50/50,0.9,30.0,3.0,0.05,16,False,1.0,0.0,0.5,,0.2,12.0,steady,sed3_probe,8,24435,21.0102188545768,16.869469657326164,78.15757319783528,123.54091631226981,2.0274196848782484,9.0,0.8040965799257035,3.0,robust,
200/200/150/150/100/100/50/50,0.9,30.0,3.0,0.05,16,False,1.0,0.0,0.5,,0.2,12.0,steady,sed3_probe,9,24387,23.899910180214427,18.682880774621324,100.68587176525322,152.0764865236612,2.3976708902284005,13.0,0.8151216951548705,3.0,robust,
200/200/150/150/100/100/50/50,0.9,30.0,3.0,0.05,16,False,1.0,0.0,0.5,,0.2,12.0,steady,ts,0,24557,56.53354998096686,49.407449380247215,192.80035026811757,264.90527327434205,7.660422690068005,26.0,6.7810398702128465,0.0,robust,
200/200/150/150/100/100/50/50,0.9,30.0,3.0,0.05,16,False,1.0,0.0,0.5,,0.2,12.0,steady,ts,1,24312,58.012866645935084,46.9533013552077,209.88499233745495,316.0207591605409,7.993583415597236,31.0,10.030755789418544,0.0,robust,
200/200/150/150/100/100/50/50,0.9,30.0,3.0,0.05,16,False,1.0,0.0,0.5,,0.2,12.0,steady,ts,2,24431,61.031995355930704,47.601457499958144,253.40608546024202,318.36424587091904,8.459989357783144,38.0,9.049353824905168,0.0,robust,
200/200/150/150/100/100/50/50,0.9,30.0,3.0,0.05,16,False,1.0,0.0,0.5,,0.2,12.0,steady,ts,3,24221,50.77607574053139,42.377203658688245,184.9224850623914,239.23854874797644,6.8573139011601505,27.0,7.243349238672942,0.0,robust,
200/200/150/150/100/100/50/50,0.9,30.0,3.0,0.05,16,False,1.0,0.0,0.5,,0.2,12.0,steady,ts,4,24358,59.05986109736647,48.341535108360034,223.856600876491,312.4344617412519,7.9938418589375155,31.0,9.77366649136113,0.0,robust,
200/200/150/150/100/100/50/50,0.9,30.0,3.0,0.05,16,False,1.0,0.0,0.5,,0.2,12.0,steady,ts,5,24518,74.46181241447192,50.5415639372675,232.70480212192288,2835.2606009644214,8.836976914919651,33.0,9.684918240091719,0.0,robust,
200/200/150/150/100/100/50/50,0.9,30.0,3.0,0.05,16,False,1.0,0.0,0.5,,0.2,12.0,steady,ts,6,24384,54.09412314874357,46.985624250702074,188.61366389256645,294.9281206182564,7.339443897637795,27.0,6.92092874951504,0.0,robust,
200/200/150/150/100/100/50/50,0.9,30.0,3.0,0.05,16,False,1.0,0.0,0.5,,0.2,12.0,steady,ts,7,24123,49.938725153810594,42.62116147357631,178.61788787144698,246.98419730317153,6.918915557766447,25.0,7.402999337018757,0.0,robust,
200/200/150/150/100/100/50/50,0.9,30.0,3.0,0.05,16,False,1.0,0.0,0.5,,0.2,12.0,steady,ts,8,24435,51.746434672655276,44.827722586534335,173.7526370733909,251.4631784436696,7.2083077552690815,26.0,6.945187038602995,0.0,robust,
200/200/150/150/100/100/50/50,0.9,30.0,3.0,0.05,16,False,1.0,0.0,0.5,,0.2,12.0,steady,ts,9,24387,58.53862533745181,47.664614123136495,208.64937832297858,1086.6136459424467,7.7977611022265965,29.0,8.817222616429438,0.0,robust,
200/200/150/150/100/100/50/50,0.9,30.0,3.0,0.05,16,False,1.0,0.0,0.5,,0.2,12.0,steady,ts+lc,0,24557,48.836768603877594,41.523975469129226,164.09081496842543,222.11576282389632,6.474895141914729,23.0,6.6969617203605605,0.0,robust,
200/200/150/150/100/100/50/50,0.9,30.0,3.0,0.05,16,False,1.0,0.0,0.5,,0.2,12.0,steady,ts+lc,1,24312,49.103398626328044,39.9236059332253,167.212501718999,223.38321851752642,6.639396182954919,26.0,8.398294662273237,0.0,robust,
200/200/150/150/100/100/50/50,0.9,30.0,3.0,0.05,16,False,1.0,0.0,0.5,,0.2,12.0,steady,ts+lc,2,24431,49.94823580246318,41.44629244167497,175.29487678444235,260.12483082668336,6.9157627604273255,26.0,7.502000469427023,0.0,robust,
200/200/150/150/100/100/50/50,0.9,30.0,3.0,0.05,16,False,1.0,0.0,0.5,,0.2,12.0,steady,ts+lc,3,24221,44.63419270727288,37.20277167781205,156.79063979116697,244.18662639666275,5.967590107757731,22.0,6.338895997638961,0.0,robust,
200/200/150/150/100/100/50/50,0.9,30.0,3.0,0.05,16,False,1.0,0.0,0.5,,0.2,12.0,steady,ts+lc,4,24358,49.83222263807237,41.96098641056389,168.60871435553636,248.24881479397803,6.733680926184416,25.0,7.494059702573473,0.0,robust,
200/200/150/150/100/100/50/50,0.9,30.0,3.0,0.05,16,False,1.0,0.0,0.5,,0.2,12.0,steady,ts+lc,5,24518,50.3033540385105,41.73187373713905,176.75611025728958,276.5288095378113,6.68655681540093,25.0,7.496720574134892,0.0,robust,
200/200/150/150/100/100/50/50,0.9,30.0,3.0,0.05,16,False,1.0,0.0,0.5,,0.2,12.0,steady,ts+lc,6,24384,48.96342227646012,41.13262220243108,169.51286421457866,262.67890793500675,6.457390091863517,24.0,7.527823299260816,0.0,robust,
200/200/150/150/100/100/50/50,0.9,30.0,3.0,0.05,16,False,1.0,0.0,0.5,,0.2,12.0,steady,ts+lc,7,24123,42.43167286069646,35.47667865509929,143.2973118941192,214.90906190291975,5.741242797330349,21.0,6.425759302896359,0.0,robust,
200/200/150/150/100/100/50/50,0.9,30.0,3.0,0.05,16,False,1.0,0.0,0.5,,0.2,12.0,steady,ts+lc,8,24435,41.65239990085731,35.19891858888613,140.75999270919212,197.34754851153326,5.567137303048905,21.0,5.13659052654241,0.0,robust,
200/200/150/150/100/100/50/50,0.9,30.0,3.0,0.05,16,False,1.0,0.0,0.5,,0.2,12.0,steady,ts+lc,9,24387,49.920792911892754,41.43986952070833,176.29594396436272,243.5873213258464,6.645876901627917,25.0,6.870118059241865,0.0,robust,
200/200/150/150/100/100/50/50,0.9,30.0,3.0,0.05,16,False,2.0,0.0,0.5,,0.2,12.0,steady,greedy,0,24557,179.62321130975147,89.90799383065351,879.4774223875339,5293.069281504852,22.343486582237244,107.0,13.829493048236952,0.0,robust,
200/200/150/150/100/100/50/50,0.9,30.0,3.0,0.05,16,False,2.0,0.0,0.5,,0.2,12.0,steady,greedy,1,24312,190.04874136013157,58.52028017570188,6370.240583314302,7329.448498501741,15.288705166173083,312.0,11.395482901790839,0.0,robust,
200/200/150/150/100/100/50/50,0.9,30.0,3.0,0.05,16,False,2.0,0.0,0.5,,0.2,12.0,steady,greedy,2,24431,238.58156586396814,54.83714195076672,7691.477015764301,9627.031617136065,18.476321067496215,422.0,11.549613924211885,0.0,robust,
200/200/150/150/100/100/50/50,0.9,30.0,3.0,0.05,16,False,2.0,0.0,0.5,,0.2,12.0,steady,greedy,3,24221,77.93970952919487,50.13854986391486,496.63355952846075,1830.6948775522624,9.024441600264234,34.0,8.857393790234191,0.0,robust,
200/200/150/150/100/100/50/50,0.9,30.0,3.0,0.05,16,False,2.0,0.0,0.5,,0.2,12.0,steady,greedy,4,24358,79.74101004372977,53.18231454689659,464.259443545766,2590.239864842854,9.614828803678463,40.43000000000029,9.739638656860834,0.0,robust,
200/200/150/150/100/100/50/50,0.9,30.0,3.0,0.05,16,False,2.0,0.0,0.5,,0.2,12.0,steady,greedy,5,24518,149.85476441085822,59.335642470735195,6009.371697490188,6604.627740381163,12.999143486418141,249.0,12.446921404162119,0.0,robust,
200/200/150/150/100/100/50/50,0.9,30.0,3.0,0.05,16,False,2.0,0.0,0.5,,0.2,12.0,steady,greedy,6,24384,3905.4713778967475,45.49165417000278,46518.67334390305,46837.26285015766,186.59698982939634,2205.0,9.005049234105329,0.0,robust,
200/200/150/150/100/100/50/50,0.9,30.0,3.0,0.05,16,False,2.0,0.0,0.5,,0.2,12.0,steady,greedy,7,24123,305.22515384121226,53.79796628150402,8893.878847402784,10118.021280188348,20.71305393193218,455.0,11.750748697088564,0.0,robust,
200/200/150/150/100/100/50/50,0.9,30.0,3.0,0.05,16,False,2.0,0.0,0.5,,0.2,12.0,steady,greedy,8,24435,228.97720559540556,73.36724828831453,7659.042202264718,8713.841639663533,19.117495395948435,399.0,13.367279305673435,0.0,robust,
200/200/150/150/100/100/50/50,0.9,30.0,3.0,0.05,16,False,2.0,0.0,0.5,,0.2,12.0,steady,greedy,9,24387,134.09796658889312,79.06604585053233,1216.6220716607138,7135.6727803975755,13.780784844384304,72.0,12.539799671209071,0.0,robust,
200/200/150/150/100/100/50/50,0.9,30.0,3.0,0.05,16,False,2.0,0.0,0.5,,0.2,12.0,steady,jsq,0,24557,182.38154570374437,108.82106539745351,1140.1308260504948,4073.5058209709523,18.651463941035143,65.0,31.83509915572857,0.0,robust,
200/200/150/150/100/100/50/50,0.9,30.0,3.0,0.05,16,False,2.0,0.0,0.5,,0.2,12.0,steady,jsq,1,24312,144.44665464426413,92.53763983138441,946.1768885612631,1445.0255451631824,15.547630799605134,49.0,30.65115391260396,0.0,robust,
200/200/150/150/100/100/50/50,0.9,30.0,3.0,0.05,16,False,2.0,0.0,0.5,,0.2,12.0,steady,jsq,2,24431,136.25476475101206,84.47966082145086,815.664711105687,1230.279338187222,14.258646801195203,48.0,28.907093717355185,0.0,robust,
200/200/150/150/100/100/50/50,0.9,30.0,3.0,0.05,16,False,2.0,0.0,0.5,,0.2,12.0,steady,jsq,3,24221,138.37769701598,86.54002746099465,825.6992841982502,1284.184865750205,14.480533421411172,46.0,29.274406138007237,0.0,robust,
200/200/150/150/100/100/50/50,0.9,30.0,3.0,0.05,16,False,2.0,0.0,0.5,,0.2,12.0,steady,jsq,4,24358,136.6203017070656,87.62957319111564,763.4266893725821,1327.1126172779354,14.504844404302489,46.0,29.208014413702287,0.0,robust,
200/200/150/150/100/100/50/50,0.9,30.0,3.0,0.05,16,False,2.0,0.0,0.5,,0.2,12.0,steady,jsq,5,24518,143.4147051049772,91.77367800291324,907.1347454420892,1291.3833469175931,15.285341381841912,48.0,30.31655369752588,0.0,robust,
200/200/150/150/100/100/50/50,0.9,30.0,3.0,0.05,16,False,2.0,0.0,0.5,,0.2,12.0,steady,jsq,6,24384,157.4681236537643,102.54916482062981,940.5460147049466,1675.5727273729242,16.235728346456693,49.0,31.456837420476838,0.0,robust,
200/200/150/150/100/100/50/50,0.9,30.0,3.0,0.05,16,False,2.0,0.0,0.5,,0.2,12.0,steady,jsq,7,24123,136.05797204255393,80.6700623523744,893.7788882146675,1263.8329695329007,14.178418936284872,46.0,28.38345897427193,0.0,robust,
200/200/150/150/100/100/50/50,0.9,30.0,3.0,0.05,16,False,2.0,0.0,0.5,,0.2,12.0,steady,jsq,8,24435,153.48035140522504,99.55208136522842,943.7569575201458,1432.796315641151,16.161285041948027,49.0,31.40792950563005,0.0,robust,
200/200/150/150/100/100/50/50,0.9,30.0,3.0,0.05,16,False,2.0,0.0,0.5,,0.2,12.0,steady,jsq,9,24387,180.34255396963337,116.6289014463544,1029.2228588148594,2430.813672077048,18.013326772460736,51.0,33.16576327421457,0.0,robust,
200/200/150/150/100/100/50/50,0.9,30.0,3.0,0.05,16,False,2.0,0.0,0.5,,0.2,12.0,steady,p2c,0,24557,110.72607664109874,55.93726869080129,848.7187959371931,1500.657575524082,9.678665960825834,45.0,2.441006378155242,0.0,robust,
200/200/150/150/100/100/50/50,0.9,30.0,3.0,0.05,16,False,2.0,0.0,0.5,,0.2,12.0,steady,p2c,1,24312,85.17520142311739,44.55825830635973,521.0615795436651,692.7273944336308,7.009172425139849,25.0,2.4908351705269682,0.0,robust,
200/200/150/150/100/100/50/50,0.9,30.0,3.0,0.05,16,False,2.0,0.0,0.5,,0.2,12.0,steady,p2c,2,24431,79.75229850629859,39.66408843524505,545.9024480549456,886.102260523054,6.543653554909746,25.0,2.3877737739918796,0.0,robust,
200/200/150/150/100/100/50/50,0.9,30.0,3.0,0.05,16,False,2.0,0.0,0.5,,0.2,12.0,steady,p2c,3,24221,76.54568843692505,40.21996191053567,502.5619654852909,758.0930411673672,6.168696585607531,19.0,2.456762219347842,0.0,robust,
200/200/150/150/100/100/50/50,0.9,30.0,3.0,0.05,16,False,2.0,0.0,0.5,,0.2,12.0,steady,p2c,4,24358,79.77523761881092,42.18295727041976,474.1995221019113,640.9549500029952,6.53198127925117,21.0,2.5127263244041904,0.0,robust,
200/200/150/150/100/100/50/50,0.9,30.0,3.0,0.05,16,False,2.0,0.0,0.5,,0.2,12.0,steady,p2c,5,24518,79.31896619389946,43.81735267069331,476.01820356646994,757.9465752934801,6.705400114201811,21.0,2.562981123405734,0.0,robust,
200/200/150/150/100/100/50/50,0.9,30.0,3.0,0.05,16,False,2.0,0.0,0.5,,0.2,12.0,steady,p2c,6,24384,88.99469475060367,50.26412059261709,579.0243310035542,742.050856837914,7.35744750656168,22.0,2.5594997513402773,0.0,robust,
200/200/150/150/100/100/50/50,0.9,30.0,3.0,0.05,16,False,2.0,0.0,0.5,,0.2,12.0,steady,p2c,7,24123,74.37938429748573,39.96008206698498,513.2118587256247,722.9399507938849,6.015213696472246,20.0,2.575301730480646,0.0,robust,
200/200/150/150/100/100/50/50,0.9,30.0,3.0,0.05,16,False,2.0,0.0,0.5,,0.2,12.0,steady,p2c,8,24435,82.59270093771836,46.27596704979631,479.6754888737844,797.2545166170293,6.971802741968488,21.0,2.5820667240683735,0.0,robust,
200/200/150/150/100/100/50/50,0.9,30.0,3.0,0.05,16,False,2.0,0.0,0.5,,0.2,12.0,steady,p2c,9,24387,108.72317366842873,58.879183333340634,697.0762879761772,1076.0811470425813,8.976708902284004,27.0,2.4489272300706464,0.0,robust,
200/200/150/150/100/100/50/50,0.9,30.0,3.0,0.05,16,False,2.0,0.0,0.5,,0.2,12.0,steady,p2c_learned,0,24557,88.71518305210324,50.51051113406224,492.83056012869315,1009.5763347787101,9.202997108767358,46.0,2.0780471915969727,0.0,robust,
200/200/150/150/100/100/50/50,0.9,30.0,3.0,0.05,16,False,2.0,0.0,0.5,,0.2,12.0,steady,p2c_learned,1,24312,61.94497638009364,39.37776419282901,348.6950608948097,664.437263611668,6.276530108588352,26.0,2.022237371448094,0.0,robust,
200/200/150/150/100/100/50/50,0.9,30.0,3.0,0.05,16,False,2.0,0.0,0.5,,0.2,12.0,steady,p2c_learned,2,24431,56.26401060556382,36.007524552151615,324.04051985035085,582.6861538217972,5.537309156399656,21.0,2.0270718443216187,0.0,robust,
200/200/150/150/100/100/50/50,0.9,30.0,3.0,0.05,16,False,2.0,0.0,0.5,,0.2,12.0,steady,p2c_learned,3,24221,54.54351559180961,35.53486717415666,292.465815043499,528.7626745191847,5.397588869163123,21.0,2.044560764929037,0.0,robust,
200/200/150/150/100/100/50/50,0.9,30.0,3.0,0.05,16,False,2.0,0.0,0.5,,0.2,12.0,steady,p2c_learned,4,24358,59.93524621977813,36.757006664389635,416.80345583448707,853.3702619661533,5.853846785450365,23.0,1.9190812428820698,0.0,robust,
200/200/150/150/100/100/50/50,0.9,30.0,3.0,0.05,16,False,2.0,0.0,0.5,,0.2,12.0,steady,p2c_learned,5,24518,59.740548075074074,39.98329728806205,296.81118807073545,574.8921039430303,6.0438861244799735,23.0,2.108786960669496,0.0,robust,
200/200/150/150/100/100/50/50,0.9,30.0,3.0,0.05,16,False,2.0,0.0,0.5,,0.2,12.0,steady,p2c_learned,6,24384,65.35594624236562,44.468567910148415,315.58887782852537,458.90463040122154,6.6545275590551185,24.0,2.0050714980913185,0.0,robust,
200/200/150/150/100/100/50/50,0.9,30.0,3.0,0.05,16,False,2.0,0.0,0.5,,0.2,12.0,steady,p2c_learned,7,24123,54.77878721387887,34.53923379311963,310.14478323928483,523.3948346136314,5.414459229780707,23.0,1.9684856594609328,0.0,robust,
200/200/150/150/100/100/50/50,0.9,30.0,3.0,0.05,16,False,2.0,0.0,0.5,,0.2,12.0,steady,p2c_learned,8,24435,62.7412281009623,42.91827924417291,326.1563150463268,538.8535736535272,6.532105586249233,24.0,1.9540472869739718,0.0,robust,
200/200/150/150/100/100/50/50,0.9,30.0,3.0,0.05,16,False,2.0,0.0,0.5,,0.2,12.0,steady,p2c_learned,9,24387,93.16233628062217,63.20214911950295,457.6131982438972,1378.9462775135544,9.45159306187723,34.0,2.172451658751761,0.0,robust,
200/200/150/150/100/100/50/50,0.9,30.0,3.0,0.05,16,False,2.0,0.0,0.5,,0.2,12.0,steady,p2c_learned+lc,0,24557,86.4014403604033,49.93447403359852,470.10385963497964,1158.3484017250632,8.921366616443377,43.0,2.069419673305563,0.0,robust,
200/200/150/150/100/100/50/50,0.9,30.0,3.0,0.05,16,False,2.0,0.0,0.5,,0.2,12.0,steady,p2c_learned+lc,1,24312,61.62052828194736,38.29468153040949,351.01552076997274,618.4200340706197,6.213968410661402,27.0,1.8999742157439257,0.0,robust,
200/200/150/150/100/100/50/50,0.9,30.0,3.0,0.05,16,False,2.0,0.0,0.5,,0.2,12.0,steady,p2c_learned+lc,2,24431,55.62341738599684,34.11650863132465,333.1841727704726,505.79499377608727,5.469649216159797,22.0,1.9809242117231938,0.0,robust,
200/200/150/150/100/100/50/50,0.9,30.0,3.0,0.05,16,False,2.0,0.0,0.5,,0.2,12.0,steady,p2c_learned+lc,3,24221,52.6172227399426,34.92531476996419,283.58299724396625,490.6527080204482,5.260930597415466,21.0,1.998067074815224,0.0,robust,
200/200/150/150/100/100/50/50,0.9,30.0,3.0,0.05,16,False,2.0,0.0,0.5,,0.2,12.0,steady,p2c_learned+lc,4,24358,57.99357114364311,36.27565932701238,384.4755612210715,662.9885860189753,5.729616553083176,22.0,1.8736849560120596,0.0,robust,
200/200/150/150/100/100/50/50,0.9,30.0,3.0,0.05,16,False,2.0,0.0,0.5,,0.2,12.0,steady,p2c_learned+lc,5,24518,59.21916342236282,39.73991012918576,306.3788994053612,587.5424851103817,6.031405498001468,22.0,2.029652156521601,0.0,robust,
200/200/150/150/100/100/50/50,0.9,30.0,3.0,0.05,16,False,2.0,0.0,0.5,,0.2,12.0,steady,p2c_learned+lc,6,24384,65.54267527212056,45.52435465861393,341.49008110068525,506.2754280197083,6.713049540682415,25.0,1.939983002060396,0.0,robust,
200/200/150/150/100/100/50/50,0.9,30.0,3.0,0.05,16,False,2.0,0.0,0.5,,0.2,12.0,steady,p2c_learned+lc,7,24123,53.21795551263322,33.34692140305506,299.8559620799285,427.66317460998226,5.251088173112797,22.0,1.9671234611278432,0.0,robust,
200/200/150/150/100/100/50/50,0.9,30.0,3.0,0.05,16,False,2.0,0.0,0.5,,0.2,12.0,steady,p2c_learned+lc,8,24435,61.19763415227156,41.817712226240644,319.10613210095323,562.8587101172556,6.306691221608348,24.0,1.9980024058574366,0.0,robust,
200/200/150/150/100/100/50/50,0.9,30.0,3.0,0.05,16,False,2.0,0.0,0.5,,0.2,12.0,steady,p2c_learned+lc,9,24387,88.33565347870442,59.53021822238824,411.33202995802424,1376.1909659368082,9.048755484479436,32.0,2.152190196106529,0.0,robust,
200/200/150/150/100/100/50/50,0.9,30.0,3.0,0.05,16,False,2.0,0.0,0.5,,0.2,12.0,steady,p2c_learned_probe,0,24557,74.95002505456257,40.24099343360632,512.0040631455128,1210.9769745592384,7.554750173066743,43.0,1.3602357892652677,2.0,robust,
200/200/150/150/100/100/50/50,0.9,30.0,3.0,0.05,16,False,2.0,0.0,0.5,,0.2,12.0,steady,p2c_learned_probe,1,24312,50.87545537985477,30.029249939983238,316.25182588527457,508.9154853321655,4.755881869035867,22.0,1.307605355377427,2.0,robust,
200/200/150/150/100/100/50/50,0.9,30.0,3.0,0.05,16,False,2.0,0.0,0.5,,0.2,12.0,steady,p2c_learned_probe,2,24431,44.184829515080374,26.850949149661574,282.31639370229425,441.2672224272098,4.0407269452744465,18.0,1.2859701849264524,2.0,robust,
200/200/150/150/100/100/50/50,0.9,30.0,3.0,0.05,16,False,2.0,0.0,0.5,,0.2,12.0,steady,p2c_learned_probe,3,24221,44.28990464051017,27.937513754931587,257.1391154143974,450.09981155588446,4.095124065893233,18.0,1.1942459496427271,2.0,robust,
200/200/150/150/100/100/50/50,0.9,30.0,3.0,0.05,16,False,2.0,0.0,0.5,,0.2,12.0,steady,p2c_learned_probe,4,24358,49.5614621253048,29.687993641752897,309.2865398865935,577.4087553629781,4.620822727645948,20.0,1.2655652230398797,2.0,robust,
200/200/150/150/100/100/50/50,0.9,30.0,3.0,0.05,16,False,2.0,0.0,0.5,,0.2,12.0,steady,p2c_learned_probe,5,24518,47.48672898981814,30.237339064061786,259.31357840551715,518.1039399021707,4.477893792315849,17.0,1.3589093184246372,2.0,robust,
200/200/150/150/100/100/50/50,0.9,30.0,3.0,0.05,16,False,2.0,0.0,0.5,,0.2,12.0,steady,p2c_learned_probe,6,24384,54.28347937208275,35.18947147674645,287.2332791964576,464.7189623893531,5.2079232283464565,21.0,1.320851911348876,2.0,robust,
200/200/150/150/100/100/50/50,0.9,30.0,3.0,0.05,16,False,2.0,0.0,0.5,,0.2,12.0,steady,p2c_learned_probe,7,24123,44.72917293650911,26.59077186879344,267.4296052279487,483.43916519200815,4.088214567010737,18.0,1.2501021710248073,2.0,robust,
200/200/150/150/100/100/50/50,0.9,30.0,3.0,0.05,16,False,2.0,0.0,0.5,,0.2,12.0,steady,p2c_learned_probe,8,24435,50.34383338959098,33.03849793202929,288.6866353494799,470.8914717988126,4.805811336198077,18.0,1.2836370745708048,2.0,robust,
200/200/150/150/100/100/50/50,0.9,30.0,3.0,0.05,16,False,2.0,0.0,0.5,,0.2,12.0,steady,p2c_learned_probe,9,24387,77.14785392295268,49.90053093443336,390.520618574376,651.093036374066,7.682822815434453,29.0,1.4624130916121243,2.0,robust,
200/200/150/150/100/100/50/50,0.9,30.0,3.0,0.05,16,False,2.0,0.0,0.5,,0.2,12.0,steady,p3c_learned_probe,0,24557,62.94320137485227,30.733986364477772,445.8910789845008,812.5185055469655,7.091664291240787,52.0,1.6533187052139688,3.0,robust,
200/200/150/150/100/100/50/50,0.9,30.0,3.0,0.05,16,False,2.0,0.0,0.5,,0.2,12.0,steady,p3c_learned_probe,1,24312,33.717059100291635,20.008102972470354,195.0932062728139,430.4988184049984,3.2306679828891083,16.0,1.6001957285727526,3.0,robust,
200/200/150/150/100/100/50/50,0.9,30.0,3.0,0.05,16,False,2.0,0.0,0.5,,0.2,12.0,steady,p3c_learned_probe,2,24431,31.29649927423741,18.345269618116333,179.82157020946497,343.95821006915793,2.9846506487659124,15.700000000000728,1.5780894181063903,3.0,robust,
200/200/150/150/100/100/50/50,0.9,30.0,3.0,0.05,16,False,2.0,0.0,0.5,,0.2,12.0,steady,p3c_learned_probe,3,24221,33.73152176269331,21.16459148641958,185.62776138888117,474.81506037672165,3.3468890632096113,15.0,1.5480787017335227,3.0,robust,
200/200/150/150/100/100/50/50,0.9,30.0,3.0,0.05,16,False,2.0,0.0,0.5,,0.2,12.0,steady,p3c_learned_probe,4,24358,32.387198372608154,19.527972546211636,188.29051231475376,415.38320317061647,2.9753674357500617,14.0,1.514734284624093,3.0,robust,
200/200/150/150/100/100/50/50,0.9,30.0,3.0,0.05,16,False,2.0,0.0,0.5,,0.2,12.0,steady,p3c_learned_probe,5,24518,33.827238283326885,21.679402497624345,179.71301720484988,435.25445191995664,3.3617342360714577,14.0,1.6098813067889552,3.0,robust,
200/200/150/150/100/100/50/50,0.9,30.0,3.0,0.05,16,False,2.0,0.0,0.5,,0.2,12.0,steady,p3c_learned_probe,6,24384,35.33319052634583,22.10466880308104,191.4929796272424,391.5153962795662,3.516732283464567,17.0,1.6262797507097126,3.0,robust,
200/200/150/150/100/100/50/50,0.9,30.0,3.0,0.05,16,False,2.0,0.0,0.5,,0.2,12.0,steady,p3c_learned_probe,7,24123,30.41570341542178,17.882280698025,186.67512749237972,393.61273302341436,2.8156531111387473,15.0,1.5335055453398077,3.0,robust,
200/200/150/150/100/100/50/50,0.9,30.0,3.0,0.05,16,False,2.0,0.0,0.5,,0.2,12.0,steady,p3c_learned_probe,8,24435,36.49120826845798,24.42750287515949,203.2085207481848,372.19100165241264,3.7454471045631266,15.0,1.6458294691512252,3.0,robust,
200/200/150/150/100/100/50/50,0.9,30.0,3.0,0.05,16,False,2.0,0.0,0.5,,0.2,12.0,steady,p3c_learned_probe,9,24387,54.00721838391289,33.22761232002236,313.76878699317996,498.1119922084337,5.538524623774962,24.0,1.811930590903204,3.0,robust,
200/200/150/150/100/100/50/50,0.9,30.0,3.0,0.05,16,False,2.0,0.0,0.5,,0.2,12.0,steady,p3c_probe,0,24557,61.62183313997119,26.04824134660788,472.334325277773,1821.9030280839838,5.445086940587205,35.0,1.752338066764195,3.0,robust,
200/200/150/150/100/100/50/50,0.9,30.0,3.0,0.05,16,False,2.0,0.0,0.5,,0.2,12.0,steady,p3c_probe,1,24312,38.63597121784491,18.860804597447434,291.1226780243801,734.0562455133014,2.8472359328726555,13.0,1.7191378339912484,3.0,robust,
200/200/150/150/100/100/50/50,0.9,30.0,3.0,0.05,16,False,2.0,0.0,0.5,,0.2,12.0,steady,p3c_probe,2,24431,33.70567781929239,17.167795134056973,237.47650187544863,546.8979953784155,2.432851704801277,11.0,1.5836331207916876,3.0,robust,
200/200/150/150/100/100/50/50,0.9,30.0,3.0,0.05,16,False,2.0,0.0,0.5,,0.2,12.0,steady,p3c_probe,3,24221,35.71296371230864,18.283327227283763,284.09052983922413,712.2430291544132,2.5103009784897403,9.0,1.6092288963815804,3.0,robust,
200/200/150/150/100/100/50/50,0.9,30.0,3.0,0.05,16,False,2.0,0.0,0.5,,0.2,12.0,steady,p3c_probe,4,24358,36.06581635662524,19.155234750418693,248.64450720791297,584.716546245677,2.6456605632646357,11.0,1.5826184998889292,3.0,robust,
200/200/150/150/100/100/50/50,0.9,30.0,3.0,0.05,16,False,2.0,0.0,0.5,,0.2,12.0,steady,p3c_probe,5,24518,36.96373346422341,19.95883410735999,250.65276181887185,467.2949205329763,2.7737172689452647,10.0,1.6251506283495791,3.0,robust,
200/200/150/150/100/100/50/50,0.9,30.0,3.0,0.05,16,False,2.0,0.0,0.5,,0.2,12.0,steady,p3c_probe,6,24384,40.17235907977104,21.637820202027314,289.23356138253945,469.04518777005336,3.0449885170603674,11.0,1.7197383386836813,3.0,robust,
200/200/150/150/100/100/50/50,0.9,30.0,3.0,0.05,16,False,2.0,0.0,0.5,,0.2,12.0,steady,p3c_probe,7,24123,36.12004745335809,18.270834334479957,254.80688740055504,541.26198838391,2.6276997056750817,13.0,1.604839371394173,3.0,robust,
200/200/150/150/100/100/50/50,0.9,30.0,3.0,0.05,16,False,2.0,0.0,0.5,,0.2,12.0,steady,p3c_probe,8,24435,40.571277895655534,21.350469687458684,282.2502385293001,477.7265626375608,3.074442398199304,10.0,1.6995585922808394,3.0,robust,
200/200/150/150/100/100/50/50,0.9,30.0,3.0,0.05,16,False,2.0,0.0,0.5,,0.2,12.0,steady,p3c_probe,9,24387,59.41560328009117,32.40120627346599,379.90822515973156,723.6517137564008,4.917743059826957,18.0,1.8615363649094405,3.0,robust,
200/200/150/150/100/100/50/50,0.9,30.0,3.0,0.05,16,False,2.0,0.0,0.5,,0.2,12.0,steady,prequal,0,24557,75.48243672391462,40.48572640832049,514.3806919710271,798.3146598580241,8.351793785885897,50.0,3.2968620037444776,3.0,robust,
200/200/150/150/100/100/50/50,0.9,30.0,3.0,0.05,16,False,2.0,0.0,0.5,,0.2,12.0,steady,prequal,1,24312,46.82922307437226,29.53245566521101,271.891652477938,523.8652815438176,4.816386969397828,19.0,3.053778834977272,3.0,robust,
200/200/150/150/100/100/50/50,0.9,30.0,3.0,0.05,16,False,2.0,0.0,0.5,,0.2,12.0,steady,prequal,2,24431,42.885623724621226,27.108460590973493,236.8951397303989,519.3174968069887,4.362203757521182,18.0,2.8620868459714,3.0,robust,
200/200/150/150/100/100/50/50,0.9,30.0,3.0,0.05,16,False,2.0,0.0,0.5,,0.2,12.0,steady,prequal,3,24221,45.360127974910334,29.342553086255663,254.10980228944422,482.70166072746525,4.5414309896370915,17.0,2.982137607245325,3.0,robust,
200/200/150/150/100/100/50/50,0.9,30.0,3.0,0.05,16,False,2.0,0.0,0.5,,0.2,12.0,steady,prequal,4,24358,45.95275903423013,29.417405467518698,241.73246824739482,509.11121268683706,4.602676738648493,19.0,2.8573220455121393,3.0,robust,
200/200/150/150/100/100/50/50,0.9,30.0,3.0,0.05,16,False,2.0,0.0,0.5,,0.2,12.0,steady,prequal,5,24518,47.7967265479517,30.17005706678244,253.53122826352907,431.1484662059034,4.820417652337058,19.0,3.071264860273157,3.0,robust,
200/200/150/150/100/100/50/50,0.9,30.0,3.0,0.05,16,False,2.0,0.0,0.5,,0.2,12.0,steady,prequal,6,24384,50.1922383755252,33.26926645498407,271.45286538005024,509.0782125540528,5.107488517060368,20.0,2.9977867311853514,3.0,robust,
200/200/150/150/100/100/50/50,0.9,30.0,3.0,0.05,16,False,2.0,0.0,0.5,,0.2,12.0,steady,prequal,7,24123,44.856275639460705,28.002448583757555,248.3685999567327,470.5962661508087,4.4608050408324,20.0,2.887519881379092,3.0,robust,
200/200/150/150/100/100/50/50,0.9,30.0,3.0,0.05,16,False,2.0,0.0,0.5,,0.2,12.0,steady,prequal,8,24435,55.64227489571377,36.741988479715104,269.3251337591468,721.847773531201,6.003314917127072,23.0,3.1226978819114697,3.0,robust,
200/200/150/150/100/100/50/50,0.9,30.0,3.0,0.05,16,False,2.0,0.0,0.5,,0.2,12.0,steady,prequal,9,24387,72.04986948473724,46.235606689080555,407.08132280452827,706.2983091194252,7.517611842375036,28.139999999999418,3.3454864217648295,3.0,robust,
200/200/150/150/100/100/50/50,0.9,30.0,3.0,0.05,16,False,2.0,0.0,0.5,,0.2,12.0,steady,sed3_probe,0,24557,55.25545711541226,25.427230262188516,340.5197455668928,845.4317155425125,6.26538257930529,44.0,1.7537298676789872,3.0,robust,
200/200/150/150/100/100/50/50,0.9,30.0,3.0,0.05,16,False,2.0,0.0,0.5,,0.2,12.0,steady,sed3_probe,1,24312,32.95046451735821,18.766469549925446,221.5022143121486,410.7231181980316,3.1655561039815727,17.0,1.6651358742919011,3.0,robust,
200/200/150/150/100/100/50/50,0.9,30.0,3.0,0.05,16,False,2.0,0.0,0.5,,0.2,12.0,steady,sed3_probe,2,24431,29.034736390354805,16.873273578688952,177.18104591286198,322.6849961164313,2.7436863001923784,15.0,1.546072584797319,3.0,robust,
200/200/150/150/100/100/50/50,0.9,30.0,3.0,0.05,16,False,2.0,0.0,0.5,,0.2,12.0,steady,sed3_probe,3,24221,29.200687289851206,18.07160126117857,176.6391124899346,463.14330346211176,2.6746211964823914,12.0,1.5867150587468106,3.0,robust,
200/200/150/150/100/100/50/50,0.9,30.0,3.0,0.05,16,False,2.0,0.0,0.5,,0.2,12.0,steady,sed3_probe,4,24358,30.615685741403286,18.795148524086258,185.00606073271882,400.66759866123374,2.858075375646605,14.0,1.612786941039599,3.0,robust,
200/200/150/150/100/100/50/50,0.9,30.0,3.0,0.05,16,False,2.0,0.0,0.5,,0.2,12.0,steady,sed3_probe,5,24518,31.368726668807447,19.58947591120097,167.6393380962082,360.87457569891245,3.020026103271066,13.0,1.6450826221095713,3.0,robust,
200/200/150/150/100/100/50/50,0.9,30.0,3.0,0.05,16,False,2.0,0.0,0.5,,0.2,12.0,steady,sed3_probe,6,24384,33.644516884989685,20.8876875224977,182.89484148753314,373.5105058090971,3.237450787401575,15.0,1.6856630491351017,3.0,robust,
200/200/150/150/100/100/50/50,0.9,30.0,3.0,0.05,16,False,2.0,0.0,0.5,,0.2,12.0,steady,sed3_probe,7,24123,29.801260858678322,17.324673229707876,186.92364405399738,325.0948177124914,2.7916925755503046,16.0,1.5399511445219147,3.0,robust,
200/200/150/150/100/100/50/50,0.9,30.0,3.0,0.05,16,False,2.0,0.0,0.5,,0.2,12.0,steady,sed3_probe,8,24435,34.60674463997289,22.961578938186733,190.2398629556591,400.90069825341715,3.4301207284632698,14.0,1.620570796958773,3.0,robust,
200/200/150/150/100/100/50/50,0.9,30.0,3.0,0.05,16,False,2.0,0.0,0.5,,0.2,12.0,steady,sed3_probe,9,24387,50.81022298051744,31.14746848982719,290.5226367532381,520.0586594153948,5.314798868249477,24.0,1.826109795766258,3.0,robust,
200/200/150/150/100/100/50/50,0.9,30.0,3.0,0.05,16,False,2.0,0.0,0.5,,0.2,12.0,steady,ts,0,24557,107.26263539996594,78.48375979320465,497.3110152820224,1081.608311934402,13.752453475587409,53.0,13.727400356943445,0.0,robust,
200/200/150/150/100/100/50/50,0.9,30.0,3.0,0.05,16,False,2.0,0.0,0.5,,0.2,12.0,steady,ts,1,24312,74.750946608724,48.513454937343155,382.22098154090344,1856.1948876444628,8.64791049687397,34.0,8.409290618064754,0.0,robust,
200/200/150/150/100/100/50/50,0.9,30.0,3.0,0.05,16,False,2.0,0.0,0.5,,0.2,12.0,steady,ts,2,24431,76.9595333727838,55.41134454204322,355.85647915405457,639.1834585970508,10.441897589128565,40.0,12.324913858696322,0.0,robust,
200/200/150/150/100/100/50/50,0.9,30.0,3.0,0.05,16,False,2.0,0.0,0.5,,0.2,12.0,steady,ts,3,24221,68.04866433602312,51.44522893085579,310.2324515593849,547.8748363532176,8.60228727137608,29.0,10.377685682929773,0.0,robust,
200/200/150/150/100/100/50/50,0.9,30.0,3.0,0.05,16,False,2.0,0.0,0.5,,0.2,12.0,steady,ts,4,24358,70.25943080566377,51.284490075281575,331.9634258184482,921.3818643025454,8.694391986205764,32.0,11.440057612403365,0.0,robust,
200/200/150/150/100/100/50/50,0.9,30.0,3.0,0.05,16,False,2.0,0.0,0.5,,0.2,12.0,steady,ts,5,24518,79.6227016313159,60.619234108850506,332.9586269441773,603.7874305569269,10.560200668896321,38.0,12.166736157422033,0.0,robust,
200/200/150/150/100/100/50/50,0.9,30.0,3.0,0.05,16,False,2.0,0.0,0.5,,0.2,12.0,steady,ts,6,24384,111.90647264554731,75.32671090130538,478.4774183313636,3307.960741661367,14.131028543307087,57.0,13.368592616646998,0.0,robust,
200/200/150/150/100/100/50/50,0.9,30.0,3.0,0.05,16,False,2.0,0.0,0.5,,0.2,12.0,steady,ts,7,24123,64.15255585225815,46.087633803896466,307.6837002252336,671.5312911687605,7.962649753347428,32.0,10.549872323598843,0.0,robust,
200/200/150/150/100/100/50/50,0.9,30.0,3.0,0.05,16,False,2.0,0.0,0.5,,0.2,12.0,steady,ts,8,24435,77.11631244684999,60.97463377473389,313.51746618757875,519.5756401395201,9.813382443216698,34.0,12.21905944728032,0.0,robust,
200/200/150/150/100/100/50/50,0.9,30.0,3.0,0.05,16,False,2.0,0.0,0.5,,0.2,12.0,steady,ts,9,24387,97.78598799184347,73.69495028414264,439.05195554035714,875.1523280065236,11.8398326977488,38.0,12.577270303544864,0.0,robust,
200/200/150/150/100/100/50/50,0.9,30.0,3.0,0.05,16,False,2.0,0.0,0.5,,0.2,12.0,steady,ts+lc,0,24557,93.85728426471282,60.5666123947195,598.4297238226902,1145.895937225857,11.722075172048703,61.0,11.09982871637615,0.0,robust,
200/200/150/150/100/100/50/50,0.9,30.0,3.0,0.05,16,False,2.0,0.0,0.5,,0.2,12.0,steady,ts+lc,1,24312,60.469174349726686,42.572650807818135,290.1620702792548,556.0163107742402,7.1740292859493255,26.0,8.881749736612896,0.0,robust,
200/200/150/150/100/100/50/50,0.9,30.0,3.0,0.05,16,False,2.0,0.0,0.5,,0.2,12.0,steady,ts+lc,2,24431,65.27065056222054,46.25678471632533,309.7894800881017,537.7394683423921,8.60513282305268,36.0,10.784827866556803,0.0,robust,
200/200/150/150/100/100/50/50,0.9,30.0,3.0,0.05,16,False,2.0,0.0,0.5,,0.2,12.0,steady,ts+lc,3,24221,60.311020674805796,43.342562948815555,290.7721144556196,504.6000484666435,7.364064241773668,28.0,9.77784810294264,0.0,robust,
200/200/150/150/100/100/50/50,0.9,30.0,3.0,0.05,16,False,2.0,0.0,0.5,,0.2,12.0,steady,ts+lc,4,24358,60.734530820845194,45.159465731660745,284.5960227582223,550.3246266070414,7.753879628869365,28.0,8.431576195491651,0.0,robust,
200/200/150/150/100/100/50/50,0.9,30.0,3.0,0.05,16,False,2.0,0.0,0.5,,0.2,12.0,steady,ts+lc,5,24518,72.75336343843435,50.97127781832622,328.7324579592711,529.0627989602567,9.403581042499388,40.0,11.133639904484772,0.0,robust,
200/200/150/150/100/100/50/50,0.9,30.0,3.0,0.05,16,False,2.0,0.0,0.5,,0.2,12.0,steady,ts+lc,6,24384,72.60655358528862,53.7623345651177,294.48402337007656,436.4249559494638,9.100188648293964,34.0,10.975696915484821,0.0,robust,
200/200/150/150/100/100/50/50,0.9,30.0,3.0,0.05,16,False,2.0,0.0,0.5,,0.2,12.0,steady,ts+lc,7,24123,56.6666604697011,39.8542835691309,255.31535908139318,428.64368417278416,7.027608506404676,27.0,8.991213783467813,0.0,robust,
200/200/150/150/100/100/50/50,0.9,30.0,3.0,0.05,16,False,2.0,0.0,0.5,,0.2,12.0,steady,ts+lc,8,24435,69.73477696899604,50.77945255060712,314.9016224791893,571.3979079274158,8.812932269285861,33.0,11.32844999676596,0.0,robust,
200/200/150/150/100/100/50/50,0.9,30.0,3.0,0.05,16,False,2.0,0.0,0.5,,0.2,12.0,steady,ts+lc,9,24387,1197.6400963762876,138.66923946276088,24946.088250459434,27596.92253961992,73.49948743182843,1339.0,10.864837470155468,0.0,robust,
200/200/150/150/100/100/50/50,0.9,30.0,3.0,0.05,16,False,4.0,0.0,0.5,,0.2,12.0,steady,greedy,0,24557,1880.7278783820036,106.15901647395098,28638.925089737902,30658.93734520109,99.98399641650039,1337.4399999999987,7.069484203435393,0.0,robust,
200/200/150/150/100/100/50/50,0.9,30.0,3.0,0.05,16,False,4.0,0.0,0.5,,0.2,12.0,steady,greedy,1,24312,1734.5114639477836,76.14844328992999,24942.948050928277,26091.77663993685,96.11426456071077,1286.8899999999994,11.65109201283785,0.0,robust,
200/200/150/150/100/100/50/50,0.9,30.0,3.0,0.05,16,False,4.0,0.0,0.5,,0.2,12.0,steady,greedy,2,24431,421.6518883177524,56.23762707181257,9729.399593285265,10647.500617085854,27.854078834267938,539.0,12.433437028751332,0.0,robust,
200/200/150/150/100/100/50/50,0.9,30.0,3.0,0.05,16,False,4.0,0.0,0.5,,0.2,12.0,steady,greedy,3,24221,163.11415505154608,61.63744772115898,3443.2632689530915,6279.819141431543,14.10267949300194,179.79999999999927,11.542761828204899,0.0,robust,
200/200/150/150/100/100/50/50,0.9,30.0,3.0,0.05,16,False,4.0,0.0,0.5,,0.2,12.0,steady,greedy,4,24358,287.54067878625057,76.76504439255982,6636.342862374586,7310.422467387243,23.721200426964447,320.0,12.143551685790385,0.0,robust,
200/200/150/150/100/100/50/50,0.9,30.0,3.0,0.05,16,False,4.0,0.0,0.5,,0.2,12.0,steady,greedy,5,24518,356.23657159340695,69.5620535018775,12774.060934570974,16039.846385388468,23.592707398645892,560.8299999999981,13.264239908047808,0.0,robust,
200/200/150/150/100/100/50/50,0.9,30.0,3.0,0.05,16,False,4.0,0.0,0.5,,0.2,12.0,steady,greedy,6,24384,1154.2104692789671,130.97736019627604,34321.94078774165,38038.0633634955,68.56631397637796,1685.1699999999983,13.45302347423667,0.0,robust,
200/200/150/150/100/100/50/50,0.9,30.0,3.0,0.05,16,False,4.0,0.0,0.5,,0.2,12.0,steady,greedy,7,24123,286.95469508838227,61.11938530611738,6955.105844857916,8613.822291442153,20.37976205281267,401.77999999999884,13.362114946082267,0.0,robust,
200/200/150/150/100/100/50/50,0.9,30.0,3.0,0.05,16,False,4.0,0.0,0.5,,0.2,12.0,steady,greedy,8,24435,168.52983577216003,74.8730710967056,2389.411132879179,6972.6088061312485,15.383916513198281,89.0,14.20267368420491,0.0,robust,
200/200/150/150/100/100/50/50,0.9,30.0,3.0,0.05,16,False,4.0,0.0,0.5,,0.2,12.0,steady,greedy,9,24387,300.4607250033585,198.59099732798668,2751.5676899199716,3644.636106799861,31.664042317628244,148.0,12.308522680695871,0.0,robust,
200/200/150/150/100/100/50/50,0.9,30.0,3.0,0.05,16,False,4.0,0.0,0.5,,0.2,12.0,steady,jsq,0,24557,306.3942933518841,165.82392944832236,2333.4436826065435,4403.875065737175,31.233864071344218,111.0,34.96755576621977,0.0,robust,
200/200/150/150/100/100/50/50,0.9,30.0,3.0,0.05,16,False,4.0,0.0,0.5,,0.2,12.0,steady,jsq,1,24312,183.10204715239652,99.98422965674614,1318.2289309408527,1988.7923366889881,17.6608670615334,62.0,30.913948738636552,0.0,robust,
200/200/150/150/100/100/50/50,0.9,30.0,3.0,0.05,16,False,4.0,0.0,0.5,,0.2,12.0,steady,jsq,2,24431,139.6177752745081,75.39350359521535,830.5318071802861,1379.1775984378257,13.760222667921903,50.0,28.488058702630912,0.0,robust,
200/200/150/150/100/100/50/50,0.9,30.0,3.0,0.05,16,False,4.0,0.0,0.5,,0.2,12.0,steady,jsq,3,24221,143.91000929646268,77.33613076863222,1028.3593930464183,1518.18908994282,14.091986292886338,49.0,28.800848180769147,0.0,robust,
200/200/150/150/100/100/50/50,0.9,30.0,3.0,0.05,16,False,4.0,0.0,0.5,,0.2,12.0,steady,jsq,4,24358,144.77076846232723,76.84585353511686,1003.4247449955321,2369.492647463034,13.878027752689055,48.0,28.876538130995993,0.0,robust,
200/200/150/150/100/100/50/50,0.9,30.0,3.0,0.05,16,False,4.0,0.0,0.5,,0.2,12.0,steady,jsq,5,24518,153.92540975748454,82.82491335242614,1122.5449752455781,1966.1153626643868,15.024961252957011,51.0,30.37156844783823,0.0,robust,
200/200/150/150/100/100/50/50,0.9,30.0,3.0,0.05,16,False,4.0,0.0,0.5,,0.2,12.0,steady,jsq,6,24384,176.60534120487756,108.17193332321295,1108.5066023183663,1901.4306606850366,17.050688976377952,52.0,32.642201891193324,0.0,robust,
200/200/150/150/100/100/50/50,0.9,30.0,3.0,0.05,16,False,4.0,0.0,0.5,,0.2,12.0,steady,jsq,7,24123,141.9586312990789,77.67093001320724,974.2322694284102,1301.2203351492522,14.04763089168014,50.0,28.514094404102526,0.0,robust,
200/200/150/150/100/100/50/50,0.9,30.0,3.0,0.05,16,False,4.0,0.0,0.5,,0.2,12.0,steady,jsq,8,24435,164.81890598889763,96.951564139097,1012.1291880654815,2047.5808437485834,16.63196234908942,53.0,31.716337042650633,0.0,robust,
200/200/150/150/100/100/50/50,0.9,30.0,3.0,0.05,16,False,4.0,0.0,0.5,,0.2,12.0,steady,jsq,9,24387,300.0864077069029,188.68298373281078,1972.509285899836,2874.39063705302,28.23594538073564,74.0,34.969070253839085,0.0,robust,
200/200/150/150/100/100/50/50,0.9,30.0,3.0,0.05,16,False,4.0,0.0,0.5,,0.2,12.0,steady,p2c,0,24557,431.4908237200305,158.63871203840142,4936.880517770156,7350.220153838274,32.04544529054852,141.0,1.9956716847319897,0.0,robust,
200/200/150/150/100/100/50/50,0.9,30.0,3.0,0.05,16,False,4.0,0.0,0.5,,0.2,12.0,steady,p2c,1,24312,174.78534844825288,74.10695818283841,1333.3109351703474,2344.2638741190804,13.485398157288582,56.0,2.523679012756497,0.0,robust,
200/200/150/150/100/100/50/50,0.9,30.0,3.0,0.05,16,False,4.0,0.0,0.5,,0.2,12.0,steady,p2c,2,24431,118.22961800456332,49.308310297751405,892.1433520519145,1592.6911671440741,9.054602758790061,39.0,2.6497111773626645,0.0,robust,
200/200/150/150/100/100/50/50,0.9,30.0,3.0,0.05,16,False,4.0,0.0,0.5,,0.2,12.0,steady,p2c,3,24221,126.7450197647726,52.57446770729324,935.806550830826,2625.365608367357,9.392180339374923,38.0,2.5433479760702196,0.0,robust,
200/200/150/150/100/100/50/50,0.9,30.0,3.0,0.05,16,False,4.0,0.0,0.5,,0.2,12.0,steady,p2c,4,24358,126.09552856304003,57.49071105021919,999.9331281850539,2092.742406770091,9.673454306593316,38.0,2.6529867287035276,0.0,robust,
200/200/150/150/100/100/50/50,0.9,30.0,3.0,0.05,16,False,4.0,0.0,0.5,,0.2,12.0,steady,p2c,5,24518,130.90491067935204,59.699849574389674,964.2098292578003,3547.3686338944,10.21388367729831,36.0,2.5941070586460326,0.0,robust,
200/200/150/150/100/100/50/50,0.9,30.0,3.0,0.05,16,False,4.0,0.0,0.5,,0.2,12.0,steady,p2c,6,24384,143.93878153679364,78.92853495027907,890.6910467943081,1327.5673536878644,11.682332677165354,34.0,2.6611879420619817,0.0,robust,
200/200/150/150/100/100/50/50,0.9,30.0,3.0,0.05,16,False,4.0,0.0,0.5,,0.2,12.0,steady,p2c,7,24123,118.75548276640507,50.64352771754166,927.0680436786763,1886.7244420562179,9.094059611159475,41.0,2.569691668370918,0.0,robust,
200/200/150/150/100/100/50/50,0.9,30.0,3.0,0.05,16,False,4.0,0.0,0.5,,0.2,12.0,steady,p2c,8,24435,153.72752980295007,70.28292771915856,1121.5802644609907,1971.1769986709019,12.138735420503377,39.0,2.464907514733854,0.0,robust,
200/200/150/150/100/100/50/50,0.9,30.0,3.0,0.05,16,False,4.0,0.0,0.5,,0.2,12.0,steady,p2c,9,24387,360.73177448485876,194.39259371445416,1987.6807254767677,6292.25165553801,30.674006642883505,84.0,2.462608260611148,0.0,robust,
200/200/150/150/100/100/50/50,0.9,30.0,3.0,0.05,16,False,4.0,0.0,0.5,,0.2,12.0,steady,p2c_learned,0,24557,346.9472958756845,170.12753058007846,2689.305359684334,3529.8395123173414,35.15144358024189,176.0,2.1260499842185423,0.0,robust,
200/200/150/150/100/100/50/50,0.9,30.0,3.0,0.05,16,False,4.0,0.0,0.5,,0.2,12.0,steady,p2c_learned,1,24312,143.7829286777048,77.91424783453316,1094.1993281844234,1733.3969526501012,13.589132938466602,66.0,2.0751714819279687,0.0,robust,
200/200/150/150/100/100/50/50,0.9,30.0,3.0,0.05,16,False,4.0,0.0,0.5,,0.2,12.0,steady,p2c_learned,2,24431,95.42594082678785,44.3284277851852,727.4926945380926,1801.4786772884445,8.194097662805452,39.0,2.0855042863867546,0.0,robust,
200/200/150/150/100/100/50/50,0.9,30.0,3.0,0.05,16,False,4.0,0.0,0.5,,0.2,12.0,steady,p2c_learned,3,24221,97.02813233550454,47.43865328376451,665.0143100790962,1197.6422433030316,8.450889723793402,38.0,2.1775811074954,0.0,robust,
200/200/150/150/100/100/50/50,0.9,30.0,3.0,0.05,16,False,4.0,0.0,0.5,,0.2,12.0,steady,p2c_learned,4,24358,112.38320436054055,54.10703450399268,811.1403602900356,3075.553451778753,9.883446916824042,46.0,1.8749388011930856,0.0,robust,
200/200/150/150/100/100/50/50,0.9,30.0,3.0,0.05,16,False,4.0,0.0,0.5,,0.2,12.0,steady,p2c_learned,5,24518,114.21620983665179,63.11118443865426,763.7369152912362,1793.6424429756573,10.950526144057427,51.0,2.286884573694946,0.0,robust,
200/200/150/150/100/100/50/50,0.9,30.0,3.0,0.05,16,False,4.0,0.0,0.5,,0.2,12.0,steady,p2c_learned,6,24384,131.4036171270225,77.42057036530348,780.5353723279512,1328.0098879924726,12.629019028871392,53.169999999998254,1.9584003120117188,0.0,robust,
200/200/150/150/100/100/50/50,0.9,30.0,3.0,0.05,16,False,4.0,0.0,0.5,,0.2,12.0,steady,p2c_learned,7,24123,95.32337328663941,46.62925992762368,693.8429241321111,1211.7173325309877,8.674045516726775,44.0,2.054014510017871,0.0,robust,
200/200/150/150/100/100/50/50,0.9,30.0,3.0,0.05,16,False,4.0,0.0,0.5,,0.2,12.0,steady,p2c_learned,8,24435,116.86382160560642,65.65930836478096,750.0053873751182,1277.8495688436035,10.961244117045222,46.0,2.1251514054757648,0.0,robust,
200/200/150/150/100/100/50/50,0.9,30.0,3.0,0.05,16,False,4.0,0.0,0.5,,0.2,12.0,steady,p2c_learned,9,24387,284.4638003648373,200.13467366876546,1379.40400200388,2471.346394389359,28.384139090499037,96.0,2.289288511221801,0.0,robust,
200/200/150/150/100/100/50/50,0.9,30.0,3.0,0.05,16,False,4.0,0.0,0.5,,0.2,12.0,steady,p2c_learned+lc,0,24557,325.06786785604504,162.7926673703577,3216.683391695206,5562.298672628585,32.35362625727898,133.0,1.9658698445569953,0.0,robust,
200/200/150/150/100/100/50/50,0.9,30.0,3.0,0.05,16,False,4.0,0.0,0.5,,0.2,12.0,steady,p2c_learned+lc,1,24312,147.73361044038847,79.06319683985075,1073.971411338961,1725.4558373385164,14.254853570253372,69.0,1.9212354611494293,0.0,robust,
200/200/150/150/100/100/50/50,0.9,30.0,3.0,0.05,16,False,4.0,0.0,0.5,,0.2,12.0,steady,p2c_learned+lc,2,24431,97.95831668083684,43.424831312055545,798.1278099083988,1829.9335492249322,8.240145716507715,41.0,2.072771645276618,0.0,robust,
200/200/150/150/100/100/50/50,0.9,30.0,3.0,0.05,16,False,4.0,0.0,0.5,,0.2,12.0,steady,p2c_learned+lc,3,24221,97.20535105127159,48.8427276661465,678.1515850528374,1279.1003192719252,8.59283266586846,41.0,2.1740575885871016,0.0,robust,
200/200/150/150/100/100/50/50,0.9,30.0,3.0,0.05,16,False,4.0,0.0,0.5,,0.2,12.0,steady,p2c_learned+lc,4,24358,110.81322899095203,51.99703968991365,828.933098396049,2462.221183370374,9.723622629115692,44.0,1.8527984295070445,0.0,robust,
200/200/150/150/100/100/50/50,0.9,30.0,3.0,0.05,16,False,4.0,0.0,0.5,,0.2,12.0,steady,p2c_learned+lc,5,24518,112.81771732492196,60.360800332023956,724.1934320195137,1787.6597333279196,10.699078228240475,50.0,2.242463306004923,0.0,robust,
200/200/150/150/100/100/50/50,0.9,30.0,3.0,0.05,16,False,4.0,0.0,0.5,,0.2,12.0,steady,p2c_learned+lc,6,24384,135.30073134845867,80.2908550643684,826.1108338529398,1511.7811309327346,13.105602034120736,54.0,1.962181306805343,0.0,robust,
200/200/150/150/100/100/50/50,0.9,30.0,3.0,0.05,16,False,4.0,0.0,0.5,,0.2,12.0,steady,p2c_learned+lc,7,24123,102.92094988783751,47.93178516924712,747.583259115102,1134.9118653561059,9.460141773411268,51.0,1.9624159946358157,0.0,robust,
200/200/150/150/100/100/50/50,0.9,30.0,3.0,0.05,16,False,4.0,0.0,0.5,,0.2,12.0,steady,p2c_learned+lc,8,24435,110.91005157375162,63.04169340047139,681.5123641715127,1043.6081582557524,10.576959279721711,44.0,2.1642624630055076,0.0,robust,
200/200/150/150/100/100/50/50,0.9,30.0,3.0,0.05,16,False,4.0,0.0,0.5,,0.2,12.0,steady,p2c_learned+lc,9,24387,298.12541219643964,211.437224136386,1383.7189444757691,2019.456101907444,29.824660679870423,99.0,2.2590134340380166,0.0,robust,
200/200/150/150/100/100/50/50,0.9,30.0,3.0,0.05,16,False,4.0,0.0,0.5,,0.2,12.0,steady,p2c_learned_probe,0,24557,330.84294615204965,157.55837884210777,3064.6502004730532,5202.095520262662,32.79122042594779,145.0,1.7986598391128852,2.0,robust,
200/200/150/150/100/100/50/50,0.9,30.0,3.0,0.05,16,False,4.0,0.0,0.5,,0.2,12.0,steady,p2c_learned_probe,1,24312,134.3875449580955,72.77735272415953,968.423336345771,1598.0514012225008,12.832839749917737,62.0,1.7267938536208112,2.0,robust,
200/200/150/150/100/100/50/50,0.9,30.0,3.0,0.05,16,False,4.0,0.0,0.5,,0.2,12.0,steady,p2c_learned_probe,2,24431,87.83435137930427,37.73289814877501,710.1135648320084,1816.5275031759384,7.203389136752486,38.0,1.6134158844922497,2.0,robust,
200/200/150/150/100/100/50/50,0.9,30.0,3.0,0.05,16,False,4.0,0.0,0.5,,0.2,12.0,steady,p2c_learned_probe,3,24221,82.75347631766483,41.010738336348496,589.6995081090895,1246.687827449589,7.196275958878659,33.0,1.6547143783612914,2.0,robust,
200/200/150/150/100/100/50/50,0.9,30.0,3.0,0.05,16,False,4.0,0.0,0.5,,0.2,12.0,steady,p2c_learned_probe,4,24358,98.0280678221246,46.513117767336354,735.4720428928265,1724.8704864644071,8.377247721487807,38.0,1.4728468275699957,2.0,robust,
200/200/150/150/100/100/50/50,0.9,30.0,3.0,0.05,16,False,4.0,0.0,0.5,,0.2,12.0,steady,p2c_learned_probe,5,24518,103.79873640952901,52.00093079107315,835.5114730274743,1783.716356313254,9.18468064279305,41.0,1.7458751621276791,2.0,robust,
200/200/150/150/100/100/50/50,0.9,30.0,3.0,0.05,16,False,4.0,0.0,0.5,,0.2,12.0,steady,p2c_learned_probe,6,24384,114.02553394305751,61.532762732595,771.3297630494454,1282.5999175993122,10.255003280839896,41.0,1.6755449910953861,2.0,robust,
200/200/150/150/100/100/50/50,0.9,30.0,3.0,0.05,16,False,4.0,0.0,0.5,,0.2,12.0,steady,p2c_learned_probe,7,24123,85.46171693611474,38.12163999418061,643.8661677169498,1272.4923744877362,7.417692658458733,43.0,1.580050358324882,2.0,robust,
200/200/150/150/100/100/50/50,0.9,30.0,3.0,0.05,16,False,4.0,0.0,0.5,,0.2,12.0,steady,p2c_learned_probe,8,24435,98.60597391744523,53.44179412265149,691.0092225742851,1003.4886593863969,9.103335379578473,40.0,1.6952124875947212,2.0,robust,
200/200/150/150/100/100/50/50,0.9,30.0,3.0,0.05,16,False,4.0,0.0,0.5,,0.2,12.0,steady,p2c_learned_probe,9,24387,306.74058335339976,216.2789819575366,1474.6375977029131,2402.2713874353335,30.277442899905687,102.0,1.8552845246496175,2.0,robust,
200/200/150/150/100/100/50/50,0.9,30.0,3.0,0.05,16,False,4.0,0.0,0.5,,0.2,12.0,steady,p3c_learned_probe,0,24557,216.670891817561,78.07931458110673,1623.8019514254272,13254.652881689844,18.576861994543307,101.0,2.506123778852199,3.0,robust,
200/200/150/150/100/100/50/50,0.9,30.0,3.0,0.05,16,False,4.0,0.0,0.5,,0.2,12.0,steady,p3c_learned_probe,1,24312,97.91956329850234,39.91917288291891,754.467435246908,1662.233938560854,9.812314906219152,73.0,2.442852388167762,3.0,robust,
200/200/150/150/100/100/50/50,0.9,30.0,3.0,0.05,16,False,4.0,0.0,0.5,,0.2,12.0,steady,p3c_learned_probe,2,24431,57.481004954061724,24.5114993768496,429.5419414631327,1188.635963252741,5.474233555728378,30.0,2.2752545665260735,3.0,robust,
200/200/150/150/100/100/50/50,0.9,30.0,3.0,0.05,16,False,4.0,0.0,0.5,,0.2,12.0,steady,p3c_learned_probe,3,24221,58.85524041816968,26.52668040348516,443.67646943132803,1102.911064755478,5.18124767763511,26.0,2.406670921365833,3.0,robust,
200/200/150/150/100/100/50/50,0.9,30.0,3.0,0.05,16,False,4.0,0.0,0.5,,0.2,12.0,steady,p3c_learned_probe,4,24358,58.11135602391321,24.790118456337495,527.7752821441976,946.8668115130367,4.90807948107398,25.0,2.440430015333678,3.0,robust,
200/200/150/150/100/100/50/50,0.9,30.0,3.0,0.05,16,False,4.0,0.0,0.5,,0.2,12.0,steady,p3c_learned_probe,5,24518,62.57247867762144,29.033868935659957,470.26098710455034,1209.9398196316981,5.579288685863447,26.0,2.4273672124178267,3.0,robust,
200/200/150/150/100/100/50/50,0.9,30.0,3.0,0.05,16,False,4.0,0.0,0.5,,0.2,12.0,steady,p3c_learned_probe,6,24384,68.26314727738443,34.026479503320495,496.1213550288894,950.0584952075454,6.096333661417323,25.0,2.451459451890803,3.0,robust,
200/200/150/150/100/100/50/50,0.9,30.0,3.0,0.05,16,False,4.0,0.0,0.5,,0.2,12.0,steady,p3c_learned_probe,7,24123,53.24180098170821,20.428711764436613,433.8826742638925,898.7705178527011,4.50296397628819,34.0,2.2692217829279766,3.0,robust,
200/200/150/150/100/100/50/50,0.9,30.0,3.0,0.05,16,False,4.0,0.0,0.5,,0.2,12.0,steady,p3c_learned_probe,8,24435,65.81271653112962,33.450672125706404,451.74903758004956,1109.4335991847115,6.468017188459178,30.0,2.426216290662053,3.0,robust,
200/200/150/150/100/100/50/50,0.9,30.0,3.0,0.05,16,False,4.0,0.0,0.5,,0.2,12.0,steady,p3c_learned_probe,9,24387,203.17282735945184,133.4457812032248,1257.1068034635578,1942.9078863459636,22.20879977036946,80.0,2.5103583844512563,3.0,robust,
200/200/150/150/100/100/50/50,0.9,30.0,3.0,0.05,16,False,4.0,0.0,0.5,,0.2,12.0,steady,p3c_probe,0,24557,225.38339367049045,74.92843584259745,2189.7098899237676,5963.764132877143,22.124119395691658,98.0,3.155995491347269,3.0,robust,
200/200/150/150/100/100/50/50,0.9,30.0,3.0,0.05,16,False,4.0,0.0,0.5,,0.2,12.0,steady,p3c_probe,1,24312,84.6479669334095,31.930759773730166,877.9350637055807,1979.7012193909213,6.72676044751563,41.0,2.80125050488282,3.0,robust,
200/200/150/150/100/100/50/50,0.9,30.0,3.0,0.05,16,False,4.0,0.0,0.5,,0.2,12.0,steady,p3c_probe,2,24431,53.93979642869612,19.441295982547402,470.50834841326895,1228.7554180375253,3.8294789406901066,20.0,2.5623425809952036,3.0,robust,
200/200/150/150/100/100/50/50,0.9,30.0,3.0,0.05,16,False,4.0,0.0,0.5,,0.2,12.0,steady,p3c_probe,3,24221,60.40448813660139,22.49223292776925,658.075917758493,1395.2622744877206,4.103959374096858,17.0,2.6303155989884806,3.0,robust,
200/200/150/150/100/100/50/50,0.9,30.0,3.0,0.05,16,False,4.0,0.0,0.5,,0.2,12.0,steady,p3c_probe,4,24358,61.11023083733379,24.135248055437764,566.9536718968407,1139.7121649554165,4.351835126036621,18.0,2.620218525048778,3.0,robust,
200/200/150/150/100/100/50/50,0.9,30.0,3.0,0.05,16,False,4.0,0.0,0.5,,0.2,12.0,steady,p3c_probe,5,24518,64.08011881538582,26.84203164878074,524.5504469172672,1130.1796043507288,4.808834325801452,18.0,2.7865259201956114,3.0,robust,
200/200/150/150/100/100/50/50,0.9,30.0,3.0,0.05,16,False,4.0,0.0,0.5,,0.2,12.0,steady,p3c_probe,6,24384,75.81476196844793,32.26593903624497,594.6702300993481,1199.443326633524,5.8100803805774275,26.0,2.7695991677763465,3.0,robust,
200/200/150/150/100/100/50/50,0.9,30.0,3.0,0.05,16,False,4.0,0.0,0.5,,0.2,12.0,steady,p3c_probe,7,24123,58.64375811076029,20.57952364092408,513.0609266875209,1839.3212260486953,4.170376818803631,23.779999999998836,2.5152722229112907,3.0,robust,
200/200/150/150/100/100/50/50,0.9,30.0,3.0,0.05,16,False,4.0,0.0,0.5,,0.2,12.0,steady,p3c_probe,8,24435,74.19608591393356,29.91294286309909,690.1679601972222,1640.329514272637,5.534847554737057,20.0,2.775473742886403,3.0,robust,
200/200/150/150/100/100/50/50,0.9,30.0,3.0,0.05,16,False,4.0,0.0,0.5,,0.2,12.0,steady,p3c_probe,9,24387,210.29853047672756,115.43082307784047,1531.5913045738316,3169.5329097188114,19.420797966129495,56.0,3.168603248176912,3.0,robust,
200/200/150/150/100/100/50/50,0.9,30.0,3.0,0.05,16,False,4.0,0.0,0.5,,0.2,12.0,steady,prequal,0,24557,252.69147341456517,92.33204821862716,1639.5126837130258,6969.643421607273,26.317261880522864,131.0,4.817257190979507,3.0,robust,
200/200/150/150/100/100/50/50,0.9,30.0,3.0,0.05,16,False,4.0,0.0,0.5,,0.2,12.0,steady,prequal,1,24312,98.78106273347551,46.18447839230022,751.4317049127666,1048.6130928076755,9.681350773280684,58.0,4.268121142506782,3.0,robust,
200/200/150/150/100/100/50/50,0.9,30.0,3.0,0.05,16,False,4.0,0.0,0.5,,0.2,12.0,steady,prequal,2,24431,67.97959286338192,30.55223889094094,518.1718178062061,1290.5648587018209,6.173836519176456,30.0,3.9573808265812076,3.0,robust,
200/200/150/150/100/100/50/50,0.9,30.0,3.0,0.05,16,False,4.0,0.0,0.5,,0.2,12.0,steady,prequal,3,24221,72.83666350623476,33.68847345972448,555.1579654634726,1425.1589091777744,6.560298914165394,35.0,3.907507569186179,3.0,robust,
200/200/150/150/100/100/50/50,0.9,30.0,3.0,0.05,16,False,4.0,0.0,0.5,,0.2,12.0,steady,prequal,4,24358,72.71734858821544,35.50069161377856,528.380210978221,1521.8494962940686,6.496428278183759,30.0,4.037816827697544,3.0,robust,
200/200/150/150/100/100/50/50,0.9,30.0,3.0,0.05,16,False,4.0,0.0,0.5,,0.2,12.0,steady,prequal,5,24518,80.21366154408065,40.01094746759026,626.4437600724642,1819.6651483395756,7.734317644179786,36.0,4.204530092408172,3.0,robust,
200/200/150/150/100/100/50/50,0.9,30.0,3.0,0.05,16,False,4.0,0.0,0.5,,0.2,12.0,steady,prequal,6,24384,85.01447270467341,45.06139231624928,582.9445581687548,887.0913287547877,7.801304133858268,34.0,4.154415623495711,3.0,robust,
200/200/150/150/100/100/50/50,0.9,30.0,3.0,0.05,16,False,4.0,0.0,0.5,,0.2,12.0,steady,prequal,7,24123,68.44068726565571,31.577981225797913,547.4631688170364,875.3493395399072,6.383948928408572,35.779999999998836,3.763851991211699,3.0,robust,
200/200/150/150/100/100/50/50,0.9,30.0,3.0,0.05,16,False,4.0,0.0,0.5,,0.2,12.0,steady,prequal,8,24435,84.38572874092284,41.779427798573465,613.1284466775181,1208.009211934867,7.856108041743401,35.0,4.298177516308123,3.0,robust,
200/200/150/150/100/100/50/50,0.9,30.0,3.0,0.05,16,False,4.0,0.0,0.5,,0.2,12.0,steady,prequal,9,24387,215.61721788635597,136.11719345795237,1157.9426101550912,1630.3593894534217,23.08155984745971,83.0,4.786936934771962,3.0,robust,
200/200/150/150/100/100/50/50,0.9,30.0,3.0,0.05,16,False,4.0,0.0,0.5,,0.2,12.0,steady,sed3_probe,0,24557,168.20513372407797,68.86090261768985,975.8721426400678,6406.740450604152,19.86248320234556,106.0,3.0243721106115915,3.0,robust,
200/200/150/150/100/100/50/50,0.9,30.0,3.0,0.05,16,False,4.0,0.0,0.5,,0.2,12.0,steady,sed3_probe,1,24312,69.00924600238953,28.920734620089483,606.7178544397667,1134.3170933360527,6.736920039486673,46.0,2.6805505694413707,3.0,robust,
200/200/150/150/100/100/50/50,0.9,30.0,3.0,0.05,16,False,4.0,0.0,0.5,,0.2,12.0,steady,sed3_probe,2,24431,45.63031367248063,18.29662490593975,387.5088874196703,913.702379780984,4.078343088698785,24.0,2.4660237392986293,3.0,robust,
200/200/150/150/100/100/50/50,0.9,30.0,3.0,0.05,16,False,4.0,0.0,0.5,,0.2,12.0,steady,sed3_probe,3,24221,49.736881192422985,21.592057795504438,400.91495422451135,977.8544349719322,4.40514429627183,27.0,2.4716501596969755,3.0,robust,
200/200/150/150/100/100/50/50,0.9,30.0,3.0,0.05,16,False,4.0,0.0,0.5,,0.2,12.0,steady,sed3_probe,4,24358,48.257910689569876,20.967458431571107,394.75131463868007,1226.4176126464135,4.264553740044339,23.0,2.5692556821793047,3.0,robust,
200/200/150/150/100/100/50/50,0.9,30.0,3.0,0.05,16,False,4.0,0.0,0.5,,0.2,12.0,steady,sed3_probe,5,24518,53.62377349968455,25.040000574285237,378.3025330701529,1055.5882128485562,4.957133534546048,23.0,2.6908166839433454,3.0,robust,
200/200/150/150/100/100/50/50,0.9,30.0,3.0,0.05,16,False,4.0,0.0,0.5,,0.2,12.0,steady,sed3_probe,6,24384,60.073077724441674,29.604285813443987,402.0793656038773,987.0458239954863,5.566642060367454,26.0,2.721367135789774,3.0,robust,
200/200/150/150/100/100/50/50,0.9,30.0,3.0,0.05,16,False,4.0,0.0,0.5,,0.2,12.0,steady,sed3_probe,7,24123,48.862933616338324,18.430483789614094,439.50100618880083,777.4647408223273,4.420594453426191,32.0,2.4442181878981866,3.0,robust,
200/200/150/150/100/100/50/50,0.9,30.0,3.0,0.05,16,False,4.0,0.0,0.5,,0.2,12.0,steady,sed3_probe,8,24435,59.36887866451161,29.3696378101167,436.1724592991728,971.3102322246568,5.720155514630653,29.0,2.6366123873572747,3.0,robust,
200/200/150/150/100/100/50/50,0.9,30.0,3.0,0.05,16,False,4.0,0.0,0.5,,0.2,12.0,steady,sed3_probe,9,24387,178.74137880008377,112.7060701994207,1043.1875685350096,1805.7266240021786,20.191372452536186,74.0,3.016296316751908,3.0,robust,
200/200/150/150/100/100/50/50,0.9,30.0,3.0,0.05,16,False,4.0,0.0,0.5,,0.2,12.0,steady,ts,0,24557,292.15940376108676,126.42812672316239,2882.9329516599255,4282.110956085202,34.0359978824775,212.0,7.982636726684527,0.0,robust,
200/200/150/150/100/100/50/50,0.9,30.0,3.0,0.05,16,False,4.0,0.0,0.5,,0.2,12.0,steady,ts,1,24312,114.10508180041562,70.96613189700562,776.3544617049417,1995.3427157742021,12.635570911484042,48.0,12.045231506846665,0.0,robust,
200/200/150/150/100/100/50/50,0.9,30.0,3.0,0.05,16,False,4.0,0.0,0.5,,0.2,12.0,steady,ts,2,24431,94.87769333634543,56.85147192493645,564.6205609693436,945.9763396957161,11.611640947975932,46.0,11.802358347270173,0.0,robust,
200/200/150/150/100/100/50/50,0.9,30.0,3.0,0.05,16,False,4.0,0.0,0.5,,0.2,12.0,steady,ts,3,24221,90.24793689942247,54.47903286037814,578.1865301900848,1372.774877458887,10.08005449816275,38.0,13.460330096122743,0.0,robust,
200/200/150/150/100/100/50/50,0.9,30.0,3.0,0.05,16,False,4.0,0.0,0.5,,0.2,12.0,steady,ts,4,24358,90.96231935402365,52.08438619929012,756.4205621447113,1755.3953731656966,10.61236554725347,43.0,12.01190984062881,0.0,robust,
200/200/150/150/100/100/50/50,0.9,30.0,3.0,0.05,16,False,4.0,0.0,0.5,,0.2,12.0,steady,ts,5,24518,108.1543622232026,66.31089515680077,590.2282738099116,2244.55951504345,13.013051635533078,50.0,13.00321446432551,0.0,robust,
200/200/150/150/100/100/50/50,0.9,30.0,3.0,0.05,16,False,4.0,0.0,0.5,,0.2,12.0,steady,ts,6,24384,149.81315705397145,101.5632727219451,664.4552457300412,1277.1850817655093,18.294660433070867,68.0,14.2325153330934,0.0,robust,
200/200/150/150/100/100/50/50,0.9,30.0,3.0,0.05,16,False,4.0,0.0,0.5,,0.2,12.0,steady,ts,7,24123,95.58253502488114,50.62224183195596,900.5451969960827,1735.523559573547,9.910541806574638,44.0,13.052380174612184,0.0,robust,
200/200/150/150/100/100/50/50,0.9,30.0,3.0,0.05,16,False,4.0,0.0,0.5,,0.2,12.0,steady,ts,8,24435,106.28483574404468,69.12051332483671,594.0538267641152,1146.8156433015724,12.044035195416411,46.0,13.991963278441416,0.0,robust,
200/200/150/150/100/100/50/50,0.9,30.0,3.0,0.05,16,False,4.0,0.0,0.5,,0.2,12.0,steady,ts,9,24387,222.3172999642059,148.41551328242275,1395.642800808891,2135.5358448114744,24.893180793045474,83.0,11.81399593504833,0.0,robust,
200/200/150/150/100/100/50/50,0.9,30.0,3.0,0.05,16,False,4.0,0.0,0.5,,0.2,12.0,steady,ts+lc,0,24557,320.08624559606113,151.87582613895677,3022.0201854817255,3720.6338503437637,36.4319338681435,188.4399999999987,7.105657763371305,0.0,robust,
200/200/150/150/100/100/50/50,0.9,30.0,3.0,0.05,16,False,4.0,0.0,0.5,,0.2,12.0,steady,ts+lc,1,24312,110.72444498747927,62.08345598419562,807.7583473656878,1982.5688781904,12.572022046725897,63.0,10.664280132971118,0.0,robust,
200/200/150/150/100/100/50/50,0.9,30.0,3.0,0.05,16,False,4.0,0.0,0.5,,0.2,12.0,steady,ts+lc,2,24431,81.25214831426148,45.847560129018916,532.0651747004853,1114.4580675613236,9.359706929720437,45.0,11.462442761035792,0.0,robust,
200/200/150/150/100/100/50/50,0.9,30.0,3.0,0.05,16,False,4.0,0.0,0.5,,0.2,12.0,steady,ts+lc,3,24221,84.44009822381537,47.580810501100856,617.9894111913951,1059.0436489240972,9.56624416828372,40.0,12.049934555130857,0.0,robust,
200/200/150/150/100/100/50/50,0.9,30.0,3.0,0.05,16,False,4.0,0.0,0.5,,0.2,12.0,steady,ts+lc,4,24358,88.36781557153853,51.89377545012874,549.6588190080723,1182.8775928546916,9.95241809672387,40.0,12.688733266730742,0.0,robust,
200/200/150/150/100/100/50/50,0.9,30.0,3.0,0.05,16,False,4.0,0.0,0.5,,0.2,12.0,steady,ts+lc,5,24518,85.61424679904921,53.0073490295635,448.99735602258835,1014.691144853621,10.00991108573293,40.82999999999811,12.129263394427173,0.0,robust,
200/200/150/150/100/100/50/50,0.9,30.0,3.0,0.05,16,False,4.0,0.0,0.5,,0.2,12.0,steady,ts+lc,6,24384,114.63841948354587,74.08987903269536,648.2319713623631,1515.1677427990685,13.889517716535433,51.0,13.376090645140934,0.0,robust,
200/200/150/150/100/100/50/50,0.9,30.0,3.0,0.05,16,False,4.0,0.0,0.5,,0.2,12.0,steady,ts+lc,7,24123,77.39079202156145,40.25723209771925,507.06722068462335,1048.6033434295177,8.373212287028977,41.0,10.431274346441292,0.0,robust,
200/200/150/150/100/100/50/50,0.9,30.0,3.0,0.05,16,False,4.0,0.0,0.5,,0.2,12.0,steady,ts+lc,8,24435,98.67566870673774,59.633186508856184,672.9970331467255,982.815829184994,10.923102107632495,43.0,12.49425335706119,0.0,robust,
200/200/150/150/100/100/50/50,0.9,30.0,3.0,0.05,16,False,4.0,0.0,0.5,,0.2,12.0,steady,ts+lc,9,24387,223.74297155165561,156.31308943432387,1192.1796486163005,2637.0205249973055,25.491368351990815,77.0,12.504727172207343,0.0,robust,
200/200/150/150/100/100/50/50,0.75,30.0,3.0,0.05,16,True,1.0,0.25,0.5,,0.2,12.0,steady,greedy,0,21175,46.638485877049014,33.50897407891207,194.18395382612707,1101.8541086321654,5.679574970484062,23.0,4.554800737850263,0.0,robust,
200/200/150/150/100/100/50/50,0.75,30.0,3.0,0.05,16,True,1.0,0.25,0.5,,0.2,12.0,steady,greedy,1,20223,51.53481310766553,27.779676639814177,191.57306925487669,3115.5108529304043,5.506551945804282,22.0,3.4781670816814994,0.0,robust,
200/200/150/150/100/100/50/50,0.75,30.0,3.0,0.05,16,True,1.0,0.25,0.5,,0.2,12.0,steady,greedy,2,20482,40.859410908176145,29.3247276041253,165.7248336942578,985.0898733147089,5.196855775803145,22.0,4.097794978052675,0.0,robust,
200/200/150/150/100/100/50/50,0.75,30.0,3.0,0.05,16,True,1.0,0.25,0.5,,0.2,12.0,steady,greedy,3,20280,40.026074020117186,28.56083294147993,177.60642321169854,254.99811556941413,5.144329388560158,23.0,3.7056171434714873,0.0,robust,
200/200/150/150/100/100/50/50,0.75,30.0,3.0,0.05,16,True,1.0,0.25,0.5,,0.2,12.0,steady,greedy,4,20211,77.17701646415357,28.49651999977354,232.84357586251073,5626.703606783553,6.6828459749641285,24.0,3.2092021274370337,0.0,robust,
200/200/150/150/100/100/50/50,0.75,30.0,3.0,0.05,16,True,1.0,0.25,0.5,,0.2,12.0,steady,greedy,5,21472,42.911926027894054,31.636060883545092,184.14839553079145,293.0966803463024,5.3392324888226526,21.0,3.768844986407289,0.0,robust,
200/200/150/150/100/100/50/50,0.75,30.0,3.0,0.05,16,True,1.0,0.25,0.5,,0.2,12.0,steady,greedy,6,19254,35.5234574453262,23.489747239870297,157.57369664185472,916.522735465369,4.1899864963124545,19.0,3.305260667143483,0.0,robust,
200/200/150/150/100/100/50/50,0.75,30.0,3.0,0.05,16,True,1.0,0.25,0.5,,0.2,12.0,steady,greedy,7,18621,28.919274196046928,20.51784213007224,135.3210747425059,229.27609090713895,3.5199505934160356,16.0,3.3827104669821972,0.0,robust,
200/200/150/150/100/100/50/50,0.75,30.0,3.0,0.05,16,True,1.0,0.25,0.5,,0.2,12.0,steady,greedy,8,20085,33.26986146754618,24.581690249343424,131.21815843270483,269.0164872221774,4.2996265870052275,18.0,2.983898480870209,0.0,robust,
200/200/150/150/100/100/50/50,0.75,30.0,3.0,0.05,16,True,1.0,0.25,0.5,,0.2,12.0,steady,greedy,9,20987,108.55285851583493,38.35719457206821,627.898881507151,7342.661151219166,9.51131652928003,31.0,4.135532704200649,0.0,robust,
200/200/150/150/100/100/50/50,0.75,30.0,3.0,0.05,16,True,1.0,0.25,0.5,,0.2,12.0,steady,jsq,0,21175,43.51470657635127,26.592390899793372,250.59751188157782,369.4905347971724,4.103471074380165,18.2599999999984,4.609394781433368,0.0,robust,
200/200/150/150/100/100/50/50,0.75,30.0,3.0,0.05,16,True,1.0,0.25,0.5,,0.2,12.0,steady,jsq,1,20223,39.36270993004442,23.294546352296663,238.37447425865582,389.91984752600496,3.5630223013400584,17.0,3.4957625810011783,0.0,robust,
200/200/150/150/100/100/50/50,0.75,30.0,3.0,0.05,16,True,1.0,0.25,0.5,,0.2,12.0,steady,jsq,2,20482,40.749763280033754,24.0307498161485,251.66557111126656,417.9965111627463,3.7867883995703546,18.0,4.32043304904132,0.0,robust,
200/200/150/150/100/100/50/50,0.75,30.0,3.0,0.05,16,True,1.0,0.25,0.5,,0.2,12.0,steady,jsq,3,20280,45.14846453976158,24.752704119256563,313.0505992811486,573.6536523344412,4.128846153846154,21.0,4.1609927178333725,0.0,robust,
200/200/150/150/100/100/50/50,0.75,30.0,3.0,0.05,16,True,1.0,0.25,0.5,,0.2,12.0,steady,jsq,4,20211,42.01933884349056,24.15995763830381,250.7544455259077,458.41797398950354,3.98080253327396,20.0,3.4998043167976074,0.0,robust,
200/200/150/150/100/100/50/50,0.75,30.0,3.0,0.05,16,True,1.0,0.25,0.5,,0.2,12.0,steady,jsq,5,21472,44.087712815268006,26.34261975775276,255.848720677114,426.61187571736195,4.201844262295082,19.0,4.201129500757093,0.0,robust,
200/200/150/150/100/100/50/50,0.75,30.0,3.0,0.05,16,True,1.0,0.25,0.5,,0.2,12.0,steady,jsq,6,19254,36.4706519901171,20.3337145326703,235.4441730495951,379.6603909590745,3.2100862158512515,17.0,3.5843187518574777,0.0,robust,
200/200/150/150/100/100/50/50,0.75,30.0,3.0,0.05,16,True,1.0,0.25,0.5,,0.2,12.0,steady,jsq,7,18621,32.196607150442624,17.89658241690617,219.83688891836755,382.4603466442129,2.666988883518608,15.0,3.3848529145147,0.0,robust,
200/200/150/150/100/100/50/50,0.75,30.0,3.0,0.05,16,True,1.0,0.25,0.5,,0.2,12.0,steady,jsq,8,20085,35.9801166190978,20.80822600098564,232.9001930248353,384.4017539218576,3.2354493403037092,16.0,3.1840430888661144,0.0,robust,
200/200/150/150/100/100/50/50,0.75,30.0,3.0,0.05,16,True,1.0,0.25,0.5,,0.2,12.0,steady,jsq,9,20987,48.60741720159079,28.92076136758348,302.9054095600577,534.5509614181718,4.699671225044075,20.0,4.834066761724127,0.0,robust,
200/200/150/150/100/100/50/50,0.75,30.0,3.0,0.05,16,True,1.0,0.25,0.5,,0.2,12.0,steady,p2c,0,21175,44.5047517991713,25.23883003893168,290.34641604541827,445.51690394906876,3.628051948051948,14.0,1.7068757422080014,0.0,robust,
200/200/150/150/100/100/50/50,0.75,30.0,3.0,0.05,16,True,1.0,0.25,0.5,,0.2,12.0,steady,p2c,1,20223,38.36295225489682,21.755031523747803,240.25943684967837,341.2611847662461,3.08025515502151,12.0,1.5977438848913725,0.0,robust,
200/200/150/150/100/100/50/50,0.75,30.0,3.0,0.05,16,True,1.0,0.25,0.5,,0.2,12.0,steady,p2c,2,20482,40.12880252996107,22.475892359290484,253.35804976477328,367.6604968766375,3.2432379650424763,12.0,1.693800220512852,0.0,robust,
200/200/150/150/100/100/50/50,0.75,30.0,3.0,0.05,16,True,1.0,0.25,0.5,,0.2,12.0,steady,p2c,3,20280,42.560023881503085,22.569011848135645,284.80558332727503,426.9976930029399,3.4542899408284025,15.0,1.5943961626753043,0.0,robust,
200/200/150/150/100/100/50/50,0.75,30.0,3.0,0.05,16,True,1.0,0.25,0.5,,0.2,12.0,steady,p2c,4,20211,40.47307392526762,22.506201756925748,257.1348061524444,362.85024923003624,3.223640591756964,12.0,1.5626027384259662,0.0,robust,
200/200/150/150/100/100/50/50,0.75,30.0,3.0,0.05,16,True,1.0,0.25,0.5,,0.2,12.0,steady,p2c,5,21472,43.94805825421198,25.88097580581028,270.9541900232872,398.3069732536413,3.7162350968703426,13.0,1.6797870046830627,0.0,robust,
200/200/150/150/100/100/50/50,0.75,30.0,3.0,0.05,16,True,1.0,0.25,0.5,,0.2,12.0,steady,p2c,6,19254,36.75086068803378,19.684728384539163,222.59744954727734,320.517334310154,2.869429728887504,12.0,1.6527779282696993,0.0,robust,
200/200/150/150/100/100/50/50,0.75,30.0,3.0,0.05,16,True,1.0,0.25,0.5,,0.2,12.0,steady,p2c,7,18621,32.6736034954143,17.48806587561802,217.44037536610134,329.41658188390284,2.4073895064711883,10.0,1.6208212341714345,0.0,robust,
200/200/150/150/100/100/50/50,0.75,30.0,3.0,0.05,16,True,1.0,0.25,0.5,,0.2,12.0,steady,p2c,8,20085,35.788140457764435,19.78997145104877,221.3473447717983,329.6919812749696,2.807667413492656,11.0,1.5809140832490929,0.0,robust,
200/200/150/150/100/100/50/50,0.75,30.0,3.0,0.05,16,True,1.0,0.25,0.5,,0.2,12.0,steady,p2c,9,20987,48.46789357573534,27.346621112911862,310.8649050444095,489.6574421747163,4.105589174250727,15.0,1.777208381287562,0.0,robust,
200/200/150/150/100/100/50/50,0.75,30.0,3.0,0.05,16,True,1.0,0.25,0.5,,0.2,12.0,steady,p2c_learned,0,21175,32.642949045303176,24.34858034718701,143.85385893112567,201.59376225802333,3.4502951593860685,14.0,1.6142547066778377,0.0,robust,
200/200/150/150/100/100/50/50,0.75,30.0,3.0,0.05,16,True,1.0,0.25,0.5,,0.2,12.0,steady,p2c_learned,1,20223,29.58434851667373,21.092359652115533,136.89815639113732,222.77829935578947,3.0464817287247192,13.0,1.5391708689480117,0.0,robust,
200/200/150/150/100/100/50/50,0.75,30.0,3.0,0.05,16,True,1.0,0.25,0.5,,0.2,12.0,steady,p2c_learned,2,20482,30.270175336114697,21.046202397752012,131.81976137750672,199.3015228886399,3.104140220681574,13.0,1.5354866614955567,0.0,robust,
200/200/150/150/100/100/50/50,0.75,30.0,3.0,0.05,16,True,1.0,0.25,0.5,,0.2,12.0,steady,p2c_learned,3,20280,33.017647382557335,22.005729024896503,147.42663144089306,216.22112842848466,3.443343195266272,16.0,1.4718592763360614,0.0,robust,
200/200/150/150/100/100/50/50,0.75,30.0,3.0,0.05,16,True,1.0,0.25,0.5,,0.2,12.0,steady,p2c_learned,4,20211,31.09910689935744,21.921879347473805,141.97042325332376,209.86063189493862,3.2350205333729156,14.0,1.4448284550995787,0.0,robust,
200/200/150/150/100/100/50/50,0.75,30.0,3.0,0.05,16,True,1.0,0.25,0.5,,0.2,12.0,steady,p2c_learned,5,21472,34.49155371454991,25.09922450573132,148.12600761235825,223.06054146591495,3.6546665424739193,15.0,1.5007127600824184,0.0,robust,
200/200/150/150/100/100/50/50,0.75,30.0,3.0,0.05,16,True,1.0,0.25,0.5,,0.2,12.0,steady,p2c_learned,6,19254,27.90427342858349,19.057632555051995,128.48468844980306,191.5724656452859,2.767113327100862,12.0,1.502016267993321,0.0,robust,
200/200/150/150/100/100/50/50,0.75,30.0,3.0,0.05,16,True,1.0,0.25,0.5,,0.2,12.0,steady,p2c_learned,7,18621,24.132277773798382,16.519901291843553,117.4330834173602,177.66168555737397,2.313946619408195,11.0,1.4474145427343423,0.0,robust,
200/200/150/150/100/100/50/50,0.75,30.0,3.0,0.05,16,True,1.0,0.25,0.5,,0.2,12.0,steady,p2c_learned,8,20085,27.000663741012985,19.32820269949609,128.2444050177415,195.1509602725925,2.7465770475479214,13.0,1.4091597223161023,0.0,robust,
200/200/150/150/100/100/50/50,0.75,30.0,3.0,0.05,16,True,1.0,0.25,0.5,,0.2,12.0,steady,p2c_learned,9,20987,36.30498298586964,26.797727721245224,159.65090482199807,213.4209572591166,3.983656549292419,16.0,1.6768240779721095,0.0,robust,
200/200/150/150/100/100/50/50,0.75,30.0,3.0,0.05,16,True,1.0,0.25,0.5,,0.2,12.0,steady,p2c_learned+lc,0,21175,32.326630048447434,24.00580191177326,133.49757184728597,210.29083221948187,3.435749704840614,14.0,1.5647097573770425,0.0,robust,
200/200/150/150/100/100/50/50,0.75,30.0,3.0,0.05,16,True,1.0,0.25,0.5,,0.2,12.0,steady,p2c_learned+lc,1,20223,28.518234012915478,20.292231433405306,123.1431343434178,203.18771167461094,2.8989764129951046,12.0,1.4370058928093403,0.0,robust,
200/200/150/150/100/100/50/50,0.75,30.0,3.0,0.05,16,True,1.0,0.25,0.5,,0.2,12.0,steady,p2c_learned+lc,2,20482,30.163960440363766,20.566947134923907,134.2422893948167,191.95976687313464,3.1035543403964456,13.0,1.4847206791693954,0.0,robust,
200/200/150/150/100/100/50/50,0.75,30.0,3.0,0.05,16,True,1.0,0.25,0.5,,0.2,12.0,steady,p2c_learned+lc,3,20280,33.083335320863284,21.684733560265457,152.5439426157134,227.71362654220465,3.4323471400394476,16.0,1.4424235265169645,0.0,robust,
200/200/150/150/100/100/50/50,0.75,30.0,3.0,0.05,16,True,1.0,0.25,0.5,,0.2,12.0,steady,p2c_learned+lc,4,20211,30.546274623434986,21.60133793116703,139.02546540726675,209.18935868658676,3.146801246845777,14.0,1.3969324401249517,0.0,robust,
200/200/150/150/100/100/50/50,0.75,30.0,3.0,0.05,16,True,1.0,0.25,0.5,,0.2,12.0,steady,p2c_learned+lc,5,21472,34.20846185857436,25.07861238112996,147.10903607338534,238.75619199006786,3.644187779433681,15.0,1.463523016649306,0.0,robust,
200/200/150/150/100/100/50/50,0.75,30.0,3.0,0.05,16,True,1.0,0.25,0.5,,0.2,12.0,steady,p2c_learned+lc,6,19254,28.062180940835752,19.23208325642012,124.2145276219125,176.53977995803527,2.8097538173885948,12.0,1.4687178410323574,0.0,robust,
200/200/150/150/100/100/50/50,0.75,30.0,3.0,0.05,16,True,1.0,0.25,0.5,,0.2,12.0,steady,p2c_learned+lc,7,18621,23.808531444202153,16.54583931171061,113.47527119052306,168.82392672845268,2.2648085494871384,11.0,1.394427172199983,0.0,robust,
200/200/150/150/100/100/50/50,0.75,30.0,3.0,0.05,16,True,1.0,0.25,0.5,,0.2,12.0,steady,p2c_learned+lc,8,20085,26.393665314835346,18.79167010081595,124.9917644662499,175.79758689399696,2.6685088374408763,12.0,1.3911164972989987,0.0,robust,
200/200/150/150/100/100/50/50,0.75,30.0,3.0,0.05,16,True,1.0,0.25,0.5,,0.2,12.0,steady,p2c_learned+lc,9,20987,36.186552997143885,26.845606641057174,152.02368777658268,245.30572555796581,3.966169533520751,16.0,1.611187748935688,0.0,robust,
200/200/150/150/100/100/50/50,0.75,30.0,3.0,0.05,16,True,1.0,0.25,0.5,,0.2,12.0,steady,p2c_learned_probe,0,21175,26.940977844612863,19.917851042828616,116.42812112613672,170.09990460085268,2.575064935064935,11.0,1.1703495955718282,2.0,robust,
200/200/150/150/100/100/50/50,0.75,30.0,3.0,0.05,16,True,1.0,0.25,0.5,,0.2,12.0,steady,p2c_learned_probe,1,20223,23.37587154786969,16.836265545602913,103.30442600390509,164.00127650058778,2.091084408841418,10.0,1.0988356730829612,2.0,robust,
200/200/150/150/100/100/50/50,0.75,30.0,3.0,0.05,16,True,1.0,0.25,0.5,,0.2,12.0,steady,p2c_learned_probe,2,20482,25.593617638413637,17.226447992980454,114.31591617420332,168.58595558145976,2.3515769944341374,11.0,1.144387405735554,2.0,robust,
200/200/150/150/100/100/50/50,0.75,30.0,3.0,0.05,16,True,1.0,0.25,0.5,,0.2,12.0,steady,p2c_learned_probe,3,20280,27.859797360146136,18.543533776187893,125.62533926708011,187.8990228033836,2.6885108481262328,14.0,1.1086957822903982,2.0,robust,
200/200/150/150/100/100/50/50,0.75,30.0,3.0,0.05,16,True,1.0,0.25,0.5,,0.2,12.0,steady,p2c_learned_probe,4,20211,24.976684574472735,17.862154250705586,109.51589084255005,168.67879983305377,2.314135866607293,11.0,1.0949669199013121,2.0,robust,
200/200/150/150/100/100/50/50,0.75,30.0,3.0,0.05,16,True,1.0,0.25,0.5,,0.2,12.0,steady,p2c_learned_probe,5,21472,29.359003995136078,20.972920614948265,125.04748968014937,176.6992834329972,2.881287257824143,13.0,1.1356861614731397,2.0,robust,
200/200/150/150/100/100/50/50,0.75,30.0,3.0,0.05,16,True,1.0,0.25,0.5,,0.2,12.0,steady,p2c_learned_probe,6,19254,23.691615705006374,16.125526443635962,107.04558064043317,168.69064911963184,2.068245559364288,10.0,1.127265622632905,2.0,robust,
200/200/150/150/100/100/50/50,0.75,30.0,3.0,0.05,16,True,1.0,0.25,0.5,,0.2,12.0,steady,p2c_learned_probe,7,18621,19.848231009819525,13.713595298224135,91.77261663380625,144.316141458907,1.5955641480049407,8.0,1.0689818293928766,2.0,robust,
200/200/150/150/100/100/50/50,0.75,30.0,3.0,0.05,16,True,1.0,0.25,0.5,,0.2,12.0,steady,p2c_learned_probe,8,20085,21.3428594390313,15.36445651529661,96.18180111127245,142.49322865792365,1.8495394573064476,9.0,1.0843208688009087,2.0,robust,
200/200/150/150/100/100/50/50,0.75,30.0,3.0,0.05,16,True,1.0,0.25,0.5,,0.2,12.0,steady,p2c_learned_probe,9,20987,30.480001516257488,21.918060737228018,134.75224475645504,216.49916915375337,3.0867679992376233,14.0,1.1992525595440569,2.0,robust,
200/200/150/150/100/100/50/50,0.75,30.0,3.0,0.05,16,True,1.0,0.25,0.5,,0.2,12.0,steady,p3c_learned_probe,0,21175,21.72672956750997,16.437175953463168,87.02806015754774,132.76530891836285,2.076458087367178,10.0,1.1190381833073406,3.0,robust,
200/200/150/150/100/100/50/50,0.75,30.0,3.0,0.05,16,True,1.0,0.25,0.5,,0.2,12.0,steady,p3c_learned_probe,1,20223,19.10958898882141,14.485512710415094,79.73710850692204,120.89020570600543,1.6981654551748009,8.0,1.0711746989393593,3.0,robust,
200/200/150/150/100/100/50/50,0.75,30.0,3.0,0.05,16,True,1.0,0.25,0.5,,0.2,12.0,steady,p3c_learned_probe,2,20482,20.731511342052745,14.893829027441186,89.1245821779311,129.84488596239325,1.9513719363343422,10.0,1.1003587116968765,3.0,robust,
200/200/150/150/100/100/50/50,0.75,30.0,3.0,0.05,16,True,1.0,0.25,0.5,,0.2,12.0,steady,p3c_learned_probe,3,20280,22.338526998305376,15.60578706394633,93.77623329411949,126.19732675671706,2.2326923076923078,13.0,1.1222423724150763,3.0,robust,
200/200/150/150/100/100/50/50,0.75,30.0,3.0,0.05,16,True,1.0,0.25,0.5,,0.2,12.0,steady,p3c_learned_probe,4,20211,21.10372093717339,14.957673839479213,86.86655932625855,138.679040058492,2.019791202810351,10.0,1.0411662607822898,3.0,robust,
200/200/150/150/100/100/50/50,0.75,30.0,3.0,0.05,16,True,1.0,0.25,0.5,,0.2,12.0,steady,p3c_learned_probe,5,21472,23.849991730652565,17.778457624026522,95.73578378934853,128.5046452506624,2.3948397913561847,11.0,1.0732191642622235,3.0,robust,
200/200/150/150/100/100/50/50,0.75,30.0,3.0,0.05,16,True,1.0,0.25,0.5,,0.2,12.0,steady,p3c_learned_probe,6,19254,18.521453858620617,13.44938755892322,80.20810763455798,119.32256203765782,1.572192791108341,8.0,1.0997453707016915,3.0,robust,
200/200/150/150/100/100/50/50,0.75,30.0,3.0,0.05,16,True,1.0,0.25,0.5,,0.2,12.0,steady,p3c_learned_probe,7,18621,16.667258895007404,11.964025830869307,74.74296441214959,117.93632314779074,1.3252779120347995,7.0,1.0212759688210813,3.0,robust,
200/200/150/150/100/100/50/50,0.75,30.0,3.0,0.05,16,True,1.0,0.25,0.5,,0.2,12.0,steady,p3c_learned_probe,8,20085,17.692407817653322,12.996236160953245,74.95055051827507,114.10164661579583,1.5498630819019168,9.0,1.093735816336737,3.0,robust,
200/200/150/150/100/100/50/50,0.75,30.0,3.0,0.05,16,True,1.0,0.25,0.5,,0.2,12.0,steady,p3c_learned_probe,9,20987,25.151281168149197,18.38070114385104,107.38384431404829,158.3758053296182,2.5564873493114786,13.0,1.160963521753692,3.0,robust,
200/200/150/150/100/100/50/50,0.75,30.0,3.0,0.05,16,True,1.0,0.25,0.5,,0.2,12.0,steady,p3c_probe,0,21175,24.691958622715035,15.0379487905008,151.5750635512652,241.13195980709608,1.7106965761511217,8.0,1.1601082957057065,3.0,robust,
200/200/150/150/100/100/50/50,0.75,30.0,3.0,0.05,16,True,1.0,0.25,0.5,,0.2,12.0,steady,p3c_probe,1,20223,21.719318514556157,13.50349603611889,134.77176787913862,223.9167044824834,1.3590466300746675,6.0,1.136965341990722,3.0,robust,
200/200/150/150/100/100/50/50,0.75,30.0,3.0,0.05,16,True,1.0,0.25,0.5,,0.2,12.0,steady,p3c_probe,2,20482,23.329502730789404,14.240473541563325,141.54684698675732,246.29527535230773,1.5654232985060053,7.0,1.1561066415051797,3.0,robust,
200/200/150/150/100/100/50/50,0.75,30.0,3.0,0.05,16,True,1.0,0.25,0.5,,0.2,12.0,steady,p3c_probe,3,20280,24.910993583385483,14.607241963509487,163.3837466945264,284.3531689103037,1.7380670611439841,8.0,1.1642183138564444,3.0,robust,
200/200/150/150/100/100/50/50,0.75,30.0,3.0,0.05,16,True,1.0,0.25,0.5,,0.2,12.0,steady,p3c_probe,4,20211,23.27679635473581,13.995792093803416,143.47758673060986,241.9001121157537,1.5653851862846964,7.0,1.1295319367027012,3.0,robust,
200/200/150/150/100/100/50/50,0.75,30.0,3.0,0.05,16,True,1.0,0.25,0.5,,0.2,12.0,steady,p3c_probe,5,21472,26.72139519934844,16.949763848523425,159.62076970643045,251.36033214142248,1.9555700447093889,8.0,1.1607517620909957,3.0,robust,
200/200/150/150/100/100/50/50,0.75,30.0,3.0,0.05,16,True,1.0,0.25,0.5,,0.2,12.0,steady,p3c_probe,6,19254,21.34652632076533,13.185511266191163,128.48576711524717,215.72113601090666,1.3255427443648073,6.0,1.161436899966372,3.0,robust,
200/200/150/150/100/100/50/50,0.75,30.0,3.0,0.05,16,True,1.0,0.25,0.5,,0.2,12.0,steady,p3c_probe,7,18621,19.24779899647938,11.497687648127197,117.85769069704192,186.5058624024015,1.064497073196928,6.0,1.102097197807253,3.0,robust,
200/200/150/150/100/100/50/50,0.75,30.0,3.0,0.05,16,True,1.0,0.25,0.5,,0.2,12.0,steady,p3c_probe,8,20085,20.198490582863645,12.215514953455298,125.36771225818546,212.28025643291926,1.2229524520786657,6.0,1.1797478478782042,3.0,robust,
200/200/150/150/100/100/50/50,0.75,30.0,3.0,0.05,16,True,1.0,0.25,0.5,,0.2,12.0,steady,p3c_probe,9,20987,28.62719031907341,17.809356465509296,166.08656328356298,286.3156663470448,2.1853051889264785,9.0,1.225034356003965,3.0,robust,
200/200/150/150/100/100/50/50,0.75,30.0,3.0,0.05,16,True,1.0,0.25,0.5,,0.2,12.0,steady,prequal,0,21175,29.310670401005584,21.578558640962697,127.17076455779315,197.8779281705771,3.037685950413223,13.0,2.0341825780946414,3.0,robust,
200/200/150/150/100/100/50/50,0.75,30.0,3.0,0.05,16,True,1.0,0.25,0.5,,0.2,12.0,steady,prequal,1,20223,26.31639745529934,18.906132966250766,120.31724043536356,204.92105593705205,2.692379963408001,11.0,1.860795515692189,3.0,robust,
200/200/150/150/100/100/50/50,0.75,30.0,3.0,0.05,16,True,1.0,0.25,0.5,,0.2,12.0,steady,prequal,2,20482,27.681812003326165,19.671479669570502,127.8829599913318,196.2034671283315,2.85875402792696,13.0,1.9980489209836292,3.0,robust,
200/200/150/150/100/100/50/50,0.75,30.0,3.0,0.05,16,True,1.0,0.25,0.5,,0.2,12.0,steady,prequal,3,20280,28.74183495802232,20.098995690772448,128.18463905207295,200.5367174376284,3.0060650887573965,13.0,1.992702897244307,3.0,robust,
200/200/150/150/100/100/50/50,0.75,30.0,3.0,0.05,16,True,1.0,0.25,0.5,,0.2,12.0,steady,prequal,4,20211,27.446929908753873,19.7336054740731,124.10045610202856,205.8767940551256,2.8589876799762504,12.0,1.9338484137054772,3.0,robust,
200/200/150/150/100/100/50/50,0.75,30.0,3.0,0.05,16,True,1.0,0.25,0.5,,0.2,12.0,steady,prequal,5,21472,31.138384619082476,22.877346322305314,135.45408843456332,210.81049442507114,3.31371087928465,13.0,2.0465463566401336,3.0,robust,
200/200/150/150/100/100/50/50,0.75,30.0,3.0,0.05,16,True,1.0,0.25,0.5,,0.2,12.0,steady,prequal,6,19254,25.582930564336998,18.343064708071566,112.89875306003762,204.06076768023206,2.531162355874104,11.0,1.8918419342212263,3.0,robust,
200/200/150/150/100/100/50/50,0.75,30.0,3.0,0.05,16,True,1.0,0.25,0.5,,0.2,12.0,steady,prequal,7,18621,22.30255354413463,15.442626306903406,110.08398683762051,194.8623094967716,2.125771977874443,10.0,1.7899956200281117,3.0,robust,
200/200/150/150/100/100/50/50,0.75,30.0,3.0,0.05,16,True,1.0,0.25,0.5,,0.2,12.0,steady,prequal,8,20085,24.00661698156889,17.22278824820833,114.01318408072402,179.293890601445,2.426587005227782,11.0,1.8671561976905395,3.0,robust,
200/200/150/150/100/100/50/50,0.75,30.0,3.0,0.05,16,True,1.0,0.25,0.5,,0.2,12.0,steady,prequal,9,20987,32.57506333521429,23.643789233574353,144.32373296426536,213.75913292076177,3.5467670462667367,15.0,2.063717266994286,3.0,robust,
200/200/150/150/100/100/50/50,0.75,30.0,3.0,0.05,16,True,1.0,0.25,0.5,,0.2,12.0,steady,sed3_probe,0,21175,21.230087661191543,16.0148198720913,86.60591909821261,118.1604871913337,2.014025974025974,10.0,1.106357122399299,3.0,robust,
200/200/150/150/100/100/50/50,0.75,30.0,3.0,0.05,16,True,1.0,0.25,0.5,,0.2,12.0,steady,sed3_probe,1,20223,18.445473870998015,13.972417386614921,77.42728048741293,117.81804813222696,1.619344310933096,8.0,1.0758039282897405,3.0,robust,
200/200/150/150/100/100/50/50,0.75,30.0,3.0,0.05,16,True,1.0,0.25,0.5,,0.2,12.0,steady,sed3_probe,2,20482,20.02314027764022,14.36159356813782,83.8716214556331,132.5958872254564,1.8455228981544771,10.0,1.0757502924864424,3.0,robust,
200/200/150/150/100/100/50/50,0.75,30.0,3.0,0.05,16,True,1.0,0.25,0.5,,0.2,12.0,steady,sed3_probe,3,20280,21.710501583334946,14.829804681639303,93.21262975094048,149.3787051912515,2.090039447731755,12.0,1.0956688976713382,3.0,robust,
200/200/150/150/100/100/50/50,0.75,30.0,3.0,0.05,16,True,1.0,0.25,0.5,,0.2,12.0,steady,sed3_probe,4,20211,19.953152856532196,14.218155716626768,82.31767137805718,117.73237008234851,1.8469150462619366,10.0,1.0535664524125794,3.0,robust,
200/200/150/150/100/100/50/50,0.75,30.0,3.0,0.05,16,True,1.0,0.25,0.5,,0.2,12.0,steady,sed3_probe,5,21472,22.90608782360063,16.983654163928108,91.06396992652333,123.36583353224916,2.2489754098360657,11.0,1.1014479230246188,3.0,robust,
200/200/150/150/100/100/50/50,0.75,30.0,3.0,0.05,16,True,1.0,0.25,0.5,,0.2,12.0,steady,sed3_probe,6,19254,18.36249182579912,13.316876617380125,75.57181797712835,113.30078001846434,1.597018801288044,8.0,1.0940568915271238,3.0,robust,
200/200/150/150/100/100/50/50,0.75,30.0,3.0,0.05,16,True,1.0,0.25,0.5,,0.2,12.0,steady,sed3_probe,7,18621,16.456523081155005,11.727584081855369,72.41207006642084,110.82680414531806,1.315504000859245,7.0,1.0243218944214374,3.0,robust,
200/200/150/150/100/100/50/50,0.75,30.0,3.0,0.05,16,True,1.0,0.25,0.5,,0.2,12.0,steady,sed3_probe,8,20085,17.206179971690265,12.61588391699675,72.96463504873785,108.24344310788533,1.4823998008464028,8.0,1.1112018114839288,3.0,robust,
200/200/150/150/100/100/50/50,0.75,30.0,3.0,0.05,16,True,1.0,0.25,0.5,,0.2,12.0,steady,sed3_probe,9,20987,25.305884503713447,17.785656523397364,108.32113471274334,144.54127573622154,2.5923667031972175,14.0,1.1542030229909193,3.0,robust,
200/200/150/150/100/100/50/50,0.75,30.0,3.0,0.05,16,True,1.0,0.25,0.5,,0.2,12.0,steady,ts,0,21175,40.23368183082685,30.70367463370971,169.5688613545207,324.55025515590336,5.066871310507675,20.0,4.101152522324075,0.0,robust,
200/200/150/150/100/100/50/50,0.75,30.0,3.0,0.05,16,True,1.0,0.25,0.5,,0.2,12.0,steady,ts,1,20223,36.22647141881256,27.16901431920249,150.7231148120994,235.16584901734947,4.620382732532265,19.0,3.399930190178395,0.0,robust,
200/200/150/150/100/100/50/50,0.75,30.0,3.0,0.05,16,True,1.0,0.25,0.5,,0.2,12.0,steady,ts,2,20482,36.75860703529548,27.497929068830196,152.47850623366077,231.61207194093865,4.727516844058197,20.0,4.037916143630634,0.0,robust,
200/200/150/150/100/100/50/50,0.75,30.0,3.0,0.05,16,True,1.0,0.25,0.5,,0.2,12.0,steady,ts,3,20280,38.066335318176904,27.576841365037907,158.5555789978108,231.58458355783077,4.8554733727810655,20.0,3.5461767551926413,0.0,robust,
200/200/150/150/100/100/50/50,0.75,30.0,3.0,0.05,16,True,1.0,0.25,0.5,,0.2,12.0,steady,ts,4,20211,39.15480243607423,28.243655385185917,164.0740948602818,250.90279157668024,4.981099401316115,21.0,3.236814283883233,0.0,robust,
200/200/150/150/100/100/50/50,0.75,30.0,3.0,0.05,16,True,1.0,0.25,0.5,,0.2,12.0,steady,ts,5,21472,42.181375734930846,32.46418347373891,159.92660987870482,257.29729279901295,5.5163002980625935,21.0,3.7603312812747385,0.0,robust,
200/200/150/150/100/100/50/50,0.75,30.0,3.0,0.05,16,True,1.0,0.25,0.5,,0.2,12.0,steady,ts,6,19254,34.76874041602739,24.532691950301057,153.24288959682528,238.98563249912024,4.344759530487171,19.0,3.699445997208737,0.0,robust,
200/200/150/150/100/100/50/50,0.75,30.0,3.0,0.05,16,True,1.0,0.25,0.5,,0.2,12.0,steady,ts,7,18621,28.091172605384713,19.472208293571214,131.06282372302857,219.09525832415184,3.3642124483110467,17.0,3.3254899177637984,0.0,robust,
200/200/150/150/100/100/50/50,0.75,30.0,3.0,0.05,16,True,1.0,0.25,0.5,,0.2,12.0,steady,ts,8,20085,33.523672268579354,25.146285494731302,143.68122305410594,222.40704460441242,4.351107791884491,19.0,3.12607654344853,0.0,robust,
200/200/150/150/100/100/50/50,0.75,30.0,3.0,0.05,16,True,1.0,0.25,0.5,,0.2,12.0,steady,ts,9,20987,44.28197681637362,33.867056876236035,175.39635328928293,255.89857865290543,5.749416305331872,23.0,4.078719845978175,0.0,robust,
200/200/150/150/100/100/50/50,0.75,30.0,3.0,0.05,16,True,1.0,0.25,0.5,,0.2,12.0,steady,ts+lc,0,21175,32.51378601394699,24.367921854803853,129.1751574864026,184.61314927942942,3.910460448642267,17.0,3.0053276821583346,0.0,robust,
200/200/150/150/100/100/50/50,0.75,30.0,3.0,0.05,16,True,1.0,0.25,0.5,,0.2,12.0,steady,ts+lc,1,20223,29.88110942049033,22.101573914992123,123.67675038766366,168.89195812831701,3.555061069079761,15.0,2.338276633438754,0.0,robust,
200/200/150/150/100/100/50/50,0.75,30.0,3.0,0.05,16,True,1.0,0.25,0.5,,0.2,12.0,steady,ts+lc,2,20482,30.268594109765836,21.83462223401378,129.3812597184377,183.96321578197325,3.611219607460209,16.0,2.8055689260044723,0.0,robust,
200/200/150/150/100/100/50/50,0.75,30.0,3.0,0.05,16,True,1.0,0.25,0.5,,0.2,12.0,steady,ts+lc,3,20280,32.085294100696785,23.02278510642619,127.99202716064131,185.51417119196074,3.952613412228797,18.0,2.6656971817994886,0.0,robust,
200/200/150/150/100/100/50/50,0.75,30.0,3.0,0.05,16,True,1.0,0.25,0.5,,0.2,12.0,steady,ts+lc,4,20211,31.226996526755244,22.430852803221768,127.0394366517832,175.41824240255713,3.822720300826283,17.0,2.2152435256181144,0.0,robust,
200/200/150/150/100/100/50/50,0.75,30.0,3.0,0.05,16,True,1.0,0.25,0.5,,0.2,12.0,steady,ts+lc,5,21472,34.32596658226563,26.160671298827154,126.31912655752855,176.36784205381957,4.331268628912071,19.0,2.715278726205886,0.0,robust,
200/200/150/150/100/100/50/50,0.75,30.0,3.0,0.05,16,True,1.0,0.25,0.5,,0.2,12.0,steady,ts+lc,6,19254,27.86019772379427,19.96209864893217,115.60611281294419,165.6556074360202,3.3081437623350993,16.0,2.4483221490097438,0.0,robust,
200/200/150/150/100/100/50/50,0.75,30.0,3.0,0.05,16,True,1.0,0.25,0.5,,0.2,12.0,steady,ts+lc,7,18621,23.72928593008063,17.06898364571785,102.07367996418807,152.56902364871524,2.7374469684764513,13.0,2.2442239050553763,0.0,robust,
200/200/150/150/100/100/50/50,0.75,30.0,3.0,0.05,16,True,1.0,0.25,0.5,,0.2,12.0,steady,ts+lc,8,20085,26.31181245800459,19.66798747682219,105.3723524513967,153.75868112839768,3.16066716455066,15.0,2.1177850346457276,0.0,robust,
200/200/150/150/100/100/50/50,0.75,30.0,3.0,0.05,16,True,1.0,0.25,0.5,,0.2,12.0,steady,ts+lc,9,20987,37.569518785584386,27.453628062751534,146.77441819380127,208.84898918341042,4.669128508124077,21.0,3.0571619894754583,0.0,robust,
200/200/150/150/100/100/50/50,0.75,30.0,3.0,0.05,16,True,2.0,0.25,0.5,,0.2,12.0,steady,greedy,0,21175,61.62006534666672,33.64703569097749,372.3950105689886,3757.742382089097,6.760472255017709,31.0,4.881321922724141,0.0,robust,
200/200/150/150/100/100/50/50,0.75,30.0,3.0,0.05,16,True,2.0,0.25,0.5,,0.2,12.0,steady,greedy,1,20223,69.4535484889502,24.872476566281776,505.32264813282046,6943.456199442673,5.507887059288929,26.0,3.8061578442575374,0.0,robust,
200/200/150/150/100/100/50/50,0.75,30.0,3.0,0.05,16,True,2.0,0.25,0.5,,0.2,12.0,steady,greedy,2,20482,45.20200601653141,25.403869818910962,292.4995226429235,1442.3862650531028,4.983253588516747,23.0,4.242741548158458,0.0,robust,
200/200/150/150/100/100/50/50,0.75,30.0,3.0,0.05,16,True,2.0,0.25,0.5,,0.2,12.0,steady,greedy,3,20280,41.13676022916846,23.41295224885176,214.43910324694968,1328.5852392760978,4.631755424063116,22.0,4.257368275431745,0.0,robust,
200/200/150/150/100/100/50/50,0.75,30.0,3.0,0.05,16,True,2.0,0.25,0.5,,0.2,12.0,steady,greedy,4,20211,60.331116795068766,26.936544909993643,276.21785713588645,5841.734093623864,6.0586809163326905,25.900000000001455,3.8353227156340965,0.0,robust,
200/200/150/150/100/100/50/50,0.75,30.0,3.0,0.05,16,True,2.0,0.25,0.5,,0.2,12.0,steady,greedy,5,21472,50.292019015440225,29.393664000041397,375.1378055304574,769.9145111601542,5.325540238450075,27.0,4.34608113366745,0.0,robust,
200/200/150/150/100/100/50/50,0.75,30.0,3.0,0.05,16,True,2.0,0.25,0.5,,0.2,12.0,steady,greedy,6,19254,43.330498035072324,21.141402441287482,318.37715345823574,531.8054618796666,4.391451127038537,28.0,4.0304080930996395,0.0,robust,
200/200/150/150/100/100/50/50,0.75,30.0,3.0,0.05,16,True,2.0,0.25,0.5,,0.2,12.0,steady,greedy,7,18621,31.934793305825906,16.987958123305447,214.86611438220814,467.8252759199351,3.2660974168949037,17.0,3.772720186700002,0.0,robust,
200/200/150/150/100/100/50/50,0.75,30.0,3.0,0.05,16,True,2.0,0.25,0.5,,0.2,12.0,steady,greedy,8,20085,45.45384422027075,22.762402009604443,224.14628523825374,3171.710867878298,4.734080159322878,22.0,3.5571964499249162,0.0,robust,
200/200/150/150/100/100/50/50,0.75,30.0,3.0,0.05,16,True,2.0,0.25,0.5,,0.2,12.0,steady,greedy,9,20987,58.08572182237321,33.148337242739245,372.15282887971574,1559.695780043838,6.233906704150188,29.0,4.777056326427774,0.0,robust,
200/200/150/150/100/100/50/50,0.75,30.0,3.0,0.05,16,True,2.0,0.25,0.5,,0.2,12.0,steady,jsq,0,21175,59.885398013937554,25.83895037180106,432.91833573995564,2159.501909466844,5.0412278630460445,28.0,5.579465055316745,0.0,robust,
200/200/150/150/100/100/50/50,0.75,30.0,3.0,0.05,16,True,2.0,0.25,0.5,,0.2,12.0,steady,jsq,1,20223,51.04965657824584,21.281248779121853,379.64557663880004,2219.947020790946,3.9443702714730753,22.0,4.373381661355354,0.0,robust,
200/200/150/150/100/100/50/50,0.75,30.0,3.0,0.05,16,True,2.0,0.25,0.5,,0.2,12.0,steady,jsq,2,20482,45.86417900299013,20.765161739081606,350.68227301000746,1009.8128744557036,3.8076847964066007,19.0,4.92957750340501,0.0,robust,
200/200/150/150/100/100/50/50,0.75,30.0,3.0,0.05,16,True,2.0,0.25,0.5,,0.2,12.0,steady,jsq,3,20280,45.118251129843735,20.95518299007848,342.19544850994384,593.8851862142824,3.793885601577909,20.0,4.6830395084952965,0.0,robust,
200/200/150/150/100/100/50/50,0.75,30.0,3.0,0.05,16,True,2.0,0.25,0.5,,0.2,12.0,steady,jsq,4,20211,45.41401961476558,20.52988912906173,378.6119052889735,725.0941981331425,3.7306912077581513,21.0,3.961214008791791,0.0,robust,
200/200/150/150/100/100/50/50,0.75,30.0,3.0,0.05,16,True,2.0,0.25,0.5,,0.2,12.0,steady,jsq,5,21472,49.51749287590301,25.396194963708485,332.48325471530336,616.5820684134179,4.326890834575261,20.0,5.0175019998853365,0.0,robust,
200/200/150/150/100/100/50/50,0.75,30.0,3.0,0.05,16,True,2.0,0.25,0.5,,0.2,12.0,steady,jsq,6,19254,41.5553156539517,17.972325305240844,326.63535386608805,776.6082807303435,3.2757868494858213,19.470000000001164,4.090663495414324,0.0,robust,
200/200/150/150/100/100/50/50,0.75,30.0,3.0,0.05,16,True,2.0,0.25,0.5,,0.2,12.0,steady,jsq,7,18621,34.19742769931,14.479149047023299,280.42162433655403,515.4357307972032,2.59626228451748,16.0,3.8524586513628507,0.0,robust,
200/200/150/150/100/100/50/50,0.75,30.0,3.0,0.05,16,True,2.0,0.25,0.5,,0.2,12.0,steady,jsq,8,20085,42.85398883602323,19.989327172936555,297.72480297651106,548.6903633623108,3.5626089121234754,19.0,3.933995309568166,0.0,robust,
200/200/150/150/100/100/50/50,0.75,30.0,3.0,0.05,16,True,2.0,0.25,0.5,,0.2,12.0,steady,jsq,9,20987,58.453991278982826,28.657709493101535,421.46604280062127,1170.7171632738707,5.073902892266641,24.0,5.6980414221584645,0.0,robust,
200/200/150/150/100/100/50/50,0.75,30.0,3.0,0.05,16,True,2.0,0.25,0.5,,0.2,12.0,steady,p2c,0,21175,72.61508724601879,30.039869082795434,617.9579251979392,1326.4134931056972,5.418748524203069,27.0,2.04088853394972,0.0,robust,
200/200/150/150/100/100/50/50,0.75,30.0,3.0,0.05,16,True,2.0,0.25,0.5,,0.2,12.0,steady,p2c,1,20223,58.58887922809234,24.044856878461474,431.8434376997369,895.8317313817789,4.182663304158631,20.779999999998836,1.9867656399389966,0.0,robust,
200/200/150/150/100/100/50/50,0.75,30.0,3.0,0.05,16,True,2.0,0.25,0.5,,0.2,12.0,steady,p2c,2,20482,54.02739660044182,24.182274734782183,461.97614513186454,837.188057073188,3.923591446147837,16.0,1.9660690188737018,0.0,robust,
200/200/150/150/100/100/50/50,0.75,30.0,3.0,0.05,16,True,2.0,0.25,0.5,,0.2,12.0,steady,p2c,3,20280,47.940874615147216,21.452784121976265,349.71821845624595,524.6133911387444,3.4774161735700195,15.0,1.9040221192703963,0.0,robust,
200/200/150/150/100/100/50/50,0.75,30.0,3.0,0.05,16,True,2.0,0.25,0.5,,0.2,12.0,steady,p2c,4,20211,53.065884325851485,22.62142727280292,404.39679223278665,621.5393464965199,3.749393894413933,17.0,1.7917956832560442,0.0,robust,
200/200/150/150/100/100/50/50,0.75,30.0,3.0,0.05,16,True,2.0,0.25,0.5,,0.2,12.0,steady,p2c,5,21472,61.37772720629484,28.450624208347097,445.71660122129657,1054.0034258555913,4.578288002980626,17.0,1.9953821477862532,0.0,robust,
200/200/150/150/100/100/50/50,0.75,30.0,3.0,0.05,16,True,2.0,0.25,0.5,,0.2,12.0,steady,p2c,6,19254,50.174354995505276,21.064470349397624,406.14646294107825,857.301208119552,3.5229043315674664,20.0,1.9021844084581652,0.0,robust,
200/200/150/150/100/100/50/50,0.75,30.0,3.0,0.05,16,True,2.0,0.25,0.5,,0.2,12.0,steady,p2c,7,18621,39.06004153827521,15.724304016151436,308.90338390300735,544.4665718600954,2.584877289082219,14.0,1.776477150575587,0.0,robust,
200/200/150/150/100/100/50/50,0.75,30.0,3.0,0.05,16,True,2.0,0.25,0.5,,0.2,12.0,steady,p2c,8,20085,51.37834341888226,21.118946047916864,425.7802780806024,719.4931220783885,3.5862584017923824,16.0,1.8853369991185356,0.0,robust,
200/200/150/150/100/100/50/50,0.75,30.0,3.0,0.05,16,True,2.0,0.25,0.5,,0.2,12.0,steady,p2c,9,20987,68.97710724236843,30.991889804141692,629.3782647465044,1246.6580379490376,5.111878782103207,21.0,1.9839835101963172,0.0,robust,
200/200/150/150/100/100/50/50,0.75,30.0,3.0,0.05,16,True,2.0,0.25,0.5,,0.2,12.0,steady,p2c_learned,0,21175,56.64899995023064,29.311954811809926,405.900085558638,712.8329459977757,5.1375206611570245,29.0,1.970874987299453,0.0,robust,
200/200/150/150/100/100/50/50,0.75,30.0,3.0,0.05,16,True,2.0,0.25,0.5,,0.2,12.0,steady,p2c_learned,1,20223,46.39310377728311,21.79720218460446,288.82643080132095,1184.0061381359556,3.9504524551253524,22.0,1.6676042623471954,0.0,robust,
200/200/150/150/100/100/50/50,0.75,30.0,3.0,0.05,16,True,2.0,0.25,0.5,,0.2,12.0,steady,p2c_learned,2,20482,41.3434486172748,22.13145987150078,271.9932796827253,468.1343790274712,3.6802070110340788,19.0,1.7340034699552294,0.0,robust,
200/200/150/150/100/100/50/50,0.75,30.0,3.0,0.05,16,True,2.0,0.25,0.5,,0.2,12.0,steady,p2c_learned,3,20280,38.93578155221725,20.05369599987894,242.60681258745987,457.9029177930386,3.4421104536489153,17.0,1.6667514986179293,0.0,robust,
200/200/150/150/100/100/50/50,0.75,30.0,3.0,0.05,16,True,2.0,0.25,0.5,,0.2,12.0,steady,p2c_learned,4,20211,40.92794614266153,21.325618917206413,267.942425432666,541.7185399877767,3.575924001781208,17.0,1.6431703336020165,0.0,robust,
200/200/150/150/100/100/50/50,0.75,30.0,3.0,0.05,16,True,2.0,0.25,0.5,,0.2,12.0,steady,p2c_learned,5,21472,46.33136204104084,26.855171726196225,272.5703281681959,516.9223176682417,4.331222056631892,19.0,1.7269992894853454,0.0,robust,
200/200/150/150/100/100/50/50,0.75,30.0,3.0,0.05,16,True,2.0,0.25,0.5,,0.2,12.0,steady,p2c_learned,6,19254,40.40718944072593,18.880901064695088,284.5896574737827,500.31621526291246,3.432066064194453,20.0,1.64745343849907,0.0,robust,
200/200/150/150/100/100/50/50,0.75,30.0,3.0,0.05,16,True,2.0,0.25,0.5,,0.2,12.0,steady,p2c_learned,7,18621,32.38001468523579,14.742597476789854,217.2169115314473,330.8143309121591,2.597551151925246,15.0,1.5940786838271848,0.0,robust,
200/200/150/150/100/100/50/50,0.75,30.0,3.0,0.05,16,True,2.0,0.25,0.5,,0.2,12.0,steady,p2c_learned,8,20085,40.06827508125797,20.659883697053516,256.65664053757445,473.41219515439354,3.548319641523525,18.0,1.6820252658363908,0.0,robust,
200/200/150/150/100/100/50/50,0.75,30.0,3.0,0.05,16,True,2.0,0.25,0.5,,0.2,12.0,steady,p2c_learned,9,20987,58.63455699983331,31.379460219433497,346.17360590239235,527.1542104240926,5.700576547386477,29.0,1.7773809198145825,0.0,robust,
200/200/150/150/100/100/50/50,0.75,30.0,3.0,0.05,16,True,2.0,0.25,0.5,,0.2,12.0,steady,p2c_learned+lc,0,21175,56.61303663809643,29.098120034017683,407.9110661851572,891.1006454120138,5.099693034238489,29.0,1.9202252239539481,0.0,robust,
200/200/150/150/100/100/50/50,0.75,30.0,3.0,0.05,16,True,2.0,0.25,0.5,,0.2,12.0,steady,p2c_learned+lc,1,20223,47.21357587500802,22.668089725213836,286.2517454101478,1136.3127210941693,4.116303219106958,22.0,1.645582812998954,0.0,robust,
200/200/150/150/100/100/50/50,0.75,30.0,3.0,0.05,16,True,2.0,0.25,0.5,,0.2,12.0,steady,p2c_learned+lc,2,20482,42.3571959130781,21.835831362430724,288.443724840543,552.9916917063238,3.7419685577580313,20.0,1.6973773435905248,0.0,robust,
200/200/150/150/100/100/50/50,0.75,30.0,3.0,0.05,16,True,2.0,0.25,0.5,,0.2,12.0,steady,p2c_learned+lc,3,20280,38.46819627122571,19.60346562602755,250.41111477179973,459.5852248178609,3.3471400394477318,16.0,1.5941508017806922,0.0,robust,
200/200/150/150/100/100/50/50,0.75,30.0,3.0,0.05,16,True,2.0,0.25,0.5,,0.2,12.0,steady,p2c_learned+lc,4,20211,40.8106901319287,21.157094360796602,279.16534659832877,484.64502921723556,3.5448518133689575,18.0,1.5907248622718233,0.0,robust,
200/200/150/150/100/100/50/50,0.75,30.0,3.0,0.05,16,True,2.0,0.25,0.5,,0.2,12.0,steady,p2c_learned+lc,5,21472,45.629935860705366,25.476372536235914,286.0332908428244,516.24158268055,4.125512295081967,19.0,1.7859955193446528,0.0,robust,
200/200/150/150/100/100/50/50,0.75,30.0,3.0,0.05,16,True,2.0,0.25,0.5,,0.2,12.0,steady,p2c_learned+lc,6,19254,41.98696002996747,19.316023874267785,302.7765237898335,527.1250736357254,3.5583774800041548,21.0,1.622167363198173,0.0,robust,
200/200/150/150/100/100/50/50,0.75,30.0,3.0,0.05,16,True,2.0,0.25,0.5,,0.2,12.0,steady,p2c_learned+lc,7,18621,31.867092060515457,14.532254015258594,217.03020048349524,345.0886407374636,2.5886901884968583,15.0,1.5764263607772608,0.0,robust,
200/200/150/150/100/100/50/50,0.75,30.0,3.0,0.05,16,True,2.0,0.25,0.5,,0.2,12.0,steady,p2c_learned+lc,8,20085,39.421338113713034,20.527705900146742,254.80286048656208,514.9314869964126,3.4446104057754545,18.0,1.6404952177849341,0.0,robust,
200/200/150/150/100/100/50/50,0.75,30.0,3.0,0.05,16,True,2.0,0.25,0.5,,0.2,12.0,steady,p2c_learned+lc,9,20987,55.479424497594344,30.947324885033822,324.081885228145,545.9099096691475,5.400247772430553,27.0,1.7772520757176105,0.0,robust,
200/200/150/150/100/100/50/50,0.75,30.0,3.0,0.05,16,True,2.0,0.25,0.5,,0.2,12.0,steady,p2c_learned_probe,0,21175,48.253625214093354,23.805084857068337,356.45841136831444,718.7287019876682,4.245903187721369,25.0,1.5932797781192674,2.0,robust,
200/200/150/150/100/100/50/50,0.75,30.0,3.0,0.05,16,True,2.0,0.25,0.5,,0.2,12.0,steady,p2c_learned_probe,1,20223,39.54039492162677,17.853459988282694,282.61488853500504,1146.5687797650262,3.1361815754339117,19.0,1.4535560941196395,2.0,robust,
200/200/150/150/100/100/50/50,0.75,30.0,3.0,0.05,16,True,2.0,0.25,0.5,,0.2,12.0,steady,p2c_learned_probe,2,20482,36.01467541276304,18.024015604205303,255.70340238294335,542.1449109685354,2.944146079484425,16.0,1.4295915938477717,2.0,robust,
200/200/150/150/100/100/50/50,0.75,30.0,3.0,0.05,16,True,2.0,0.25,0.5,,0.2,12.0,steady,p2c_learned_probe,3,20280,32.172829698011775,16.43889261852305,222.22829582016544,403.6595045246852,2.618441814595661,12.0,1.4054172357634716,2.0,robust,
200/200/150/150/100/100/50/50,0.75,30.0,3.0,0.05,16,True,2.0,0.25,0.5,,0.2,12.0,steady,p2c_learned_probe,4,20211,34.32332853820596,17.270679001915923,218.4573241395158,472.71743070793104,2.726535055167978,14.0,1.4126156123739197,2.0,robust,
200/200/150/150/100/100/50/50,0.75,30.0,3.0,0.05,16,True,2.0,0.25,0.5,,0.2,12.0,steady,p2c_learned_probe,5,21472,38.124181339235385,20.68964738392509,254.87296954071263,549.1874222779138,3.1963021609538003,16.0,1.5106663955181945,2.0,robust,
200/200/150/150/100/100/50/50,0.75,30.0,3.0,0.05,16,True,2.0,0.25,0.5,,0.2,12.0,steady,p2c_learned_probe,6,19254,35.19988976846908,14.753728092599339,254.4709259081954,518.6836219302158,2.638049236522281,17.0,1.4187587507864845,2.0,robust,
200/200/150/150/100/100/50/50,0.75,30.0,3.0,0.05,16,True,2.0,0.25,0.5,,0.2,12.0,steady,p2c_learned_probe,7,18621,27.759077760314938,11.765932138320778,218.20546665299,346.4581911582261,1.982976209655765,14.0,1.3364298586774352,2.0,robust,
200/200/150/150/100/100/50/50,0.75,30.0,3.0,0.05,16,True,2.0,0.25,0.5,,0.2,12.0,steady,p2c_learned_probe,8,20085,33.39068991471929,16.14975145404607,225.35324800480333,390.6805997859834,2.6762758277321383,15.0,1.4956998399080979,2.0,robust,
200/200/150/150/100/100/50/50,0.75,30.0,3.0,0.05,16,True,2.0,0.25,0.5,,0.2,12.0,steady,p2c_learned_probe,9,20987,50.523657175540954,25.928805346026707,320.2869379158671,529.1683152558167,4.679897079144232,24.0,1.529610445976466,2.0,robust,
200/200/150/150/100/100/50/50,0.75,30.0,3.0,0.05,16,True,2.0,0.25,0.5,,0.2,12.0,steady,p3c_learned_probe,0,21175,35.46946904241851,17.064041895466175,241.15033061504496,574.578176575012,3.238913813459268,21.0,1.8025651699210241,3.0,robust,
200/200/150/150/100/100/50/50,0.75,30.0,3.0,0.05,16,True,2.0,0.25,0.5,,0.2,12.0,steady,p3c_learned_probe,1,20223,30.153658808722327,13.795636912956155,235.6285780901458,514.8431816799691,2.4887504326756664,16.0,1.725745756051239,3.0,robust,
200/200/150/150/100/100/50/50,0.75,30.0,3.0,0.05,16,True,2.0,0.25,0.5,,0.2,12.0,steady,p3c_learned_probe,2,20482,28.74426793001411,13.319697848880097,197.45982974274062,589.590031807331,2.4476613611951956,14.0,1.626482203233585,3.0,robust,
200/200/150/150/100/100/50/50,0.75,30.0,3.0,0.05,16,True,2.0,0.25,0.5,,0.2,12.0,steady,p3c_learned_probe,3,20280,23.12559762676374,12.469586630736273,148.84186510381684,311.46872587488764,1.9004437869822486,11.0,1.6262724286813028,3.0,robust,
200/200/150/150/100/100/50/50,0.75,30.0,3.0,0.05,16,True,2.0,0.25,0.5,,0.2,12.0,steady,p3c_learned_probe,4,20211,24.51779824503668,12.420638447184551,177.0831402587754,404.04754311533645,1.9496313888476573,11.0,1.6149297738784318,3.0,robust,
200/200/150/150/100/100/50/50,0.75,30.0,3.0,0.05,16,True,2.0,0.25,0.5,,0.2,12.0,steady,p3c_learned_probe,5,21472,29.168076971165274,15.950621470522286,193.17292458308515,471.58316648148525,2.494551043219076,13.0,1.7341693981077253,3.0,robust,
200/200/150/150/100/100/50/50,0.75,30.0,3.0,0.05,16,True,2.0,0.25,0.5,,0.2,12.0,steady,p3c_learned_probe,6,19254,25.365686754484198,11.239511099392807,200.06021569112397,419.57412097307383,1.9727329386101589,14.0,1.609775243794488,3.0,robust,
200/200/150/150/100/100/50/50,0.75,30.0,3.0,0.05,16,True,2.0,0.25,0.5,,0.2,12.0,steady,p3c_learned_probe,7,18621,21.28133675920513,9.643557598000285,173.64544829086904,305.40450446401303,1.6080769024219967,11.0,1.5190359485437257,3.0,robust,
200/200/150/150/100/100/50/50,0.75,30.0,3.0,0.05,16,True,2.0,0.25,0.5,,0.2,12.0,steady,p3c_learned_probe,8,20085,24.67749469684341,12.466135208306195,161.99794469508072,338.75710154679723,2.0374408762758276,13.0,1.5702884107592068,3.0,robust,
200/200/150/150/100/100/50/50,0.75,30.0,3.0,0.05,16,True,2.0,0.25,0.5,,0.2,12.0,steady,p3c_learned_probe,9,20987,37.077744333901556,18.102634597283895,261.5985767529919,458.3924386923984,3.6191928336589316,23.0,1.740823239816012,3.0,robust,
200/200/150/150/100/100/50/50,0.75,30.0,3.0,0.05,16,True,2.0,0.25,0.5,,0.2,12.0,steady,p3c_probe,0,21175,38.43264838886655,16.26699547286048,317.47061564911553,558.0336267110287,2.7393152302243213,15.0,1.9082043544445564,3.0,robust,
200/200/150/150/100/100/50/50,0.75,30.0,3.0,0.05,16,True,2.0,0.25,0.5,,0.2,12.0,steady,p3c_probe,1,20223,32.00376193912633,12.802778186056685,285.13106112420627,549.3094618071933,2.0380260099886267,12.0,1.8674503808313905,3.0,robust,
200/200/150/150/100/100/50/50,0.75,30.0,3.0,0.05,16,True,2.0,0.25,0.5,,0.2,12.0,steady,p3c_probe,2,20482,29.130484269985192,12.662159835571618,216.99180712759986,572.4951790584889,1.8619275461380724,10.0,1.7725297619619667,3.0,robust,
200/200/150/150/100/100/50/50,0.75,30.0,3.0,0.05,16,True,2.0,0.25,0.5,,0.2,12.0,steady,p3c_probe,3,20280,25.985855700977755,11.461257347992415,210.75709953416163,513.6417870318511,1.5146942800788954,7.0,1.7211269782428644,3.0,robust,
200/200/150/150/100/100/50/50,0.75,30.0,3.0,0.05,16,True,2.0,0.25,0.5,,0.2,12.0,steady,p3c_probe,4,20211,28.03296549440638,11.843885286436873,236.6598137526549,502.04875061694446,1.6738409776854188,9.0,1.7465581286315097,3.0,robust,
200/200/150/150/100/100/50/50,0.75,30.0,3.0,0.05,16,True,2.0,0.25,0.5,,0.2,12.0,steady,p3c_probe,5,21472,31.35744478859732,15.06746488485966,226.6698580821035,457.6987159272033,2.1059985096870344,9.0,1.8114643398857861,3.0,robust,
200/200/150/150/100/100/50/50,0.75,30.0,3.0,0.05,16,True,2.0,0.25,0.5,,0.2,12.0,steady,p3c_probe,6,19254,27.559063257268768,10.878352175531347,227.44890419671117,520.2670928813841,1.6470863197257712,13.0,1.7370158319364681,3.0,robust,
200/200/150/150/100/100/50/50,0.75,30.0,3.0,0.05,16,True,2.0,0.25,0.5,,0.2,12.0,steady,p3c_probe,7,18621,21.926850702933045,8.639833577351652,186.02315354045925,575.153354665782,1.0839374899307235,7.0,1.5646843389141039,3.0,robust,
200/200/150/150/100/100/50/50,0.75,30.0,3.0,0.05,16,True,2.0,0.25,0.5,,0.2,12.0,steady,p3c_probe,8,20085,26.569191559915076,11.585982053679444,213.32363380404536,547.8777580029579,1.5765496639283048,9.0,1.7674944045334535,3.0,robust,
200/200/150/150/100/100/50/50,0.75,30.0,3.0,0.05,16,True,2.0,0.25,0.5,,0.2,12.0,steady,p3c_probe,9,20987,39.69959586383883,17.502212430198227,314.41293383239855,580.4537500724058,2.95706866155239,15.0,1.8064704976930699,3.0,robust,
200/200/150/150/100/100/50/50,0.75,30.0,3.0,0.05,16,True,2.0,0.25,0.5,,0.2,12.0,steady,prequal,0,21175,48.55527687831431,25.599125374995424,358.0774320175374,677.6331349860277,4.704887839433294,26.0,3.062289773608799,3.0,robust,
200/200/150/150/100/100/50/50,0.75,30.0,3.0,0.05,16,True,2.0,0.25,0.5,,0.2,12.0,steady,prequal,1,20223,41.577111240511115,21.65084824665442,267.5892974663728,492.49719539152426,3.9826435246995993,21.0,3.023071082830321,3.0,robust,
200/200/150/150/100/100/50/50,0.75,30.0,3.0,0.05,16,True,2.0,0.25,0.5,,0.2,12.0,steady,prequal,2,20482,36.594697632137624,19.51384751549412,248.63809936963347,525.8458716842134,3.390245093252612,18.0,2.805421639166678,3.0,robust,
200/200/150/150/100/100/50/50,0.75,30.0,3.0,0.05,16,True,2.0,0.25,0.5,,0.2,12.0,steady,prequal,3,20280,33.19753417858626,18.829446359015733,209.29436844677855,416.7197332471847,3.0015285996055225,14.0,2.838600455977321,3.0,robust,
200/200/150/150/100/100/50/50,0.75,30.0,3.0,0.05,16,True,2.0,0.25,0.5,,0.2,12.0,steady,prequal,4,20211,35.28692894801591,18.64618685472763,251.47925586447224,421.30640682427804,3.1728266785413886,16.0,2.8334442570353677,3.0,robust,
200/200/150/150/100/100/50/50,0.75,30.0,3.0,0.05,16,True,2.0,0.25,0.5,,0.2,12.0,steady,prequal,5,21472,41.34993358284361,25.356340147610013,232.67222532846606,518.1663009094286,4.059565946348733,17.0,3.0439539042518375,3.0,robust,
200/200/150/150/100/100/50/50,0.75,30.0,3.0,0.05,16,True,2.0,0.25,0.5,,0.2,12.0,steady,prequal,6,19254,35.55722594067736,18.754160521186947,229.05029676246804,497.20093076616723,3.26945050379142,17.0,2.825479027124849,3.0,robust,
200/200/150/150/100/100/50/50,0.75,30.0,3.0,0.05,16,True,2.0,0.25,0.5,,0.2,12.0,steady,prequal,7,18621,28.10511067475383,14.61816143375927,185.89163003425168,358.9990363423348,2.434079802373664,13.0,2.581667272232494,3.0,robust,
200/200/150/150/100/100/50/50,0.75,30.0,3.0,0.05,16,True,2.0,0.25,0.5,,0.2,12.0,steady,prequal,8,20085,34.6334271184407,18.25551300232675,228.48962938566717,417.14252589066564,3.2121981578292256,16.0,2.8876456007052713,3.0,robust,
200/200/150/150/100/100/50/50,0.75,30.0,3.0,0.05,16,True,2.0,0.25,0.5,,0.2,12.0,steady,prequal,9,20987,45.98392588654178,25.931694716732068,272.8665840087695,545.597431457996,4.577643302997093,23.0,3.070555294162508,3.0,robust,
200/200/150/150/100/100/50/50,0.75,30.0,3.0,0.05,16,True,2.0,0.25,0.5,,0.2,12.0,steady,sed3_probe,0,21175,33.17710767439369,15.874298000959186,215.21353382402663,607.6159716042148,3.0290436835891383,20.0,1.8919507147559924,3.0,robust,
200/200/150/150/100/100/50/50,0.75,30.0,3.0,0.05,16,True,2.0,0.25,0.5,,0.2,12.0,steady,sed3_probe,1,20223,28.117178011546958,12.953281525604154,191.81513180265262,465.19047590683175,2.420016812540177,16.0,1.7766247065814873,3.0,robust,
200/200/150/150/100/100/50/50,0.75,30.0,3.0,0.05,16,True,2.0,0.25,0.5,,0.2,12.0,steady,sed3_probe,2,20482,25.00544633716012,12.255754400154473,178.17859251013894,408.82893130612604,2.1203495752367933,13.0,1.6894171370560809,3.0,robust,
200/200/150/150/100/100/50/50,0.75,30.0,3.0,0.05,16,True,2.0,0.25,0.5,,0.2,12.0,steady,sed3_probe,3,20280,21.934221303423275,11.828950781957559,138.28764681651165,266.13762392583493,1.793836291913215,10.0,1.628852274251298,3.0,robust,
200/200/150/150/100/100/50/50,0.75,30.0,3.0,0.05,16,True,2.0,0.25,0.5,,0.2,12.0,steady,sed3_probe,4,20211,23.528399562430103,11.702995357513402,165.590651957395,342.3570985389398,1.885804759784276,12.0,1.6909348426810245,3.0,robust,
200/200/150/150/100/100/50/50,0.75,30.0,3.0,0.05,16,True,2.0,0.25,0.5,,0.2,12.0,steady,sed3_probe,5,21472,27.129707743803795,15.026653721303518,168.6769277493381,435.6003489497899,2.363869225037258,12.0,1.7556523850529084,3.0,robust,
200/200/150/150/100/100/50/50,0.75,30.0,3.0,0.05,16,True,2.0,0.25,0.5,,0.2,12.0,steady,sed3_probe,6,19254,24.24162655295762,10.747117022937402,178.0273295571122,268.65616381041735,1.9960527682559468,18.0,1.692576641079226,3.0,robust,
200/200/150/150/100/100/50/50,0.75,30.0,3.0,0.05,16,True,2.0,0.25,0.5,,0.2,12.0,steady,sed3_probe,7,18621,17.80958640155048,8.456213428271298,127.80443216735415,259.9799437607634,1.208903925675313,8.0,1.5033728895967537,3.0,robust,
200/200/150/150/100/100/50/50,0.75,30.0,3.0,0.05,16,True,2.0,0.25,0.5,,0.2,12.0,steady,sed3_probe,8,20085,23.415293533013525,11.804268720938538,154.69936114468825,353.8005398836992,1.9361214836942993,12.0,1.6454389273841257,3.0,robust,
200/200/150/150/100/100/50/50,0.75,30.0,3.0,0.05,16,True,2.0,0.25,0.5,,0.2,12.0,steady,sed3_probe,9,20987,34.16701497185495,17.42748847589226,216.1325539903153,424.02033959541495,3.239338638204603,20.0,1.833433290298009,3.0,robust,
200/200/150/150/100/100/50/50,0.75,30.0,3.0,0.05,16,True,2.0,0.25,0.5,,0.2,12.0,steady,ts,0,21175,51.41629503221483,30.91847507420198,326.58257763627154,691.1289811262048,5.816245572609209,26.0,5.09675165822159,0.0,robust,
200/200/150/150/100/100/50/50,0.75,30.0,3.0,0.05,16,True,2.0,0.25,0.5,,0.2,12.0,steady,ts,1,20223,44.617196307969145,24.622239532359202,284.43217818772087,494.47020652174257,4.79498590713544,25.0,4.010705058789116,0.0,robust,
200/200/150/150/100/100/50/50,0.75,30.0,3.0,0.05,16,True,2.0,0.25,0.5,,0.2,12.0,steady,ts,2,20482,41.51242159117958,24.260816993866285,253.81281100858556,412.3370120221301,4.709256908505028,22.0,4.566141337820245,0.0,robust,
200/200/150/150/100/100/50/50,0.75,30.0,3.0,0.05,16,True,2.0,0.25,0.5,,0.2,12.0,steady,ts,3,20280,39.017472215010905,23.60458990969061,221.83581922223289,367.3084456120059,4.514398422090729,21.0,4.098216081833563,0.0,robust,
200/200/150/150/100/100/50/50,0.75,30.0,3.0,0.05,16,True,2.0,0.25,0.5,,0.2,12.0,steady,ts,4,20211,40.340179536539786,23.93143141284071,224.20534819458234,481.1311808885929,4.558210875265944,22.0,3.614461236797227,0.0,robust,
200/200/150/150/100/100/50/50,0.75,30.0,3.0,0.05,16,True,2.0,0.25,0.5,,0.2,12.0,steady,ts,5,21472,48.04758215112403,30.6631702828668,256.5234536995501,633.2808341406139,5.5162537257824145,24.0,4.3474302968330285,0.0,robust,
200/200/150/150/100/100/50/50,0.75,30.0,3.0,0.05,16,True,2.0,0.25,0.5,,0.2,12.0,steady,ts,6,19254,39.383027573259106,21.254149649938103,225.10133373144672,428.46150833871855,4.249974031370105,22.0,4.0971435608733335,0.0,robust,
200/200/150/150/100/100/50/50,0.75,30.0,3.0,0.05,16,True,2.0,0.25,0.5,,0.2,12.0,steady,ts,7,18621,36.08114239205097,19.003645188892193,242.07110526623453,560.4778799010892,3.968530154127061,22.0,3.905140437316881,0.0,robust,
200/200/150/150/100/100/50/50,0.75,30.0,3.0,0.05,16,True,2.0,0.25,0.5,,0.2,12.0,steady,ts,8,20085,43.08488384435401,25.673727440226557,233.23328606038996,450.74999610429916,5.157928802588997,24.0,3.5734603664124176,0.0,robust,
200/200/150/150/100/100/50/50,0.75,30.0,3.0,0.05,16,True,2.0,0.25,0.5,,0.2,12.0,steady,ts,9,20987,59.32861034146436,35.281818967416,349.74696989506555,470.4201563978993,6.987325487206366,33.0,4.7744331109001,0.0,robust,
200/200/150/150/100/100/50/50,0.75,30.0,3.0,0.05,16,True,2.0,0.25,0.5,,0.2,12.0,steady,ts+lc,0,21175,45.49892782542013,25.63948542146477,280.80999754451096,810.4535913068962,4.933364817001181,26.0,4.057746523434008,0.0,robust,
200/200/150/150/100/100/50/50,0.75,30.0,3.0,0.05,16,True,2.0,0.25,0.5,,0.2,12.0,steady,ts+lc,1,20223,39.90770970098788,20.4519784124102,262.3457639900732,598.0327751581982,4.01255995648519,22.0,3.141129295069232,0.0,robust,
200/200/150/150/100/100/50/50,0.75,30.0,3.0,0.05,16,True,2.0,0.25,0.5,,0.2,12.0,steady,ts+lc,2,20482,36.155062731391716,20.07778860476117,216.3246256254772,498.690042256234,3.9329167073527977,20.0,3.3947170515474197,0.0,robust,
200/200/150/150/100/100/50/50,0.75,30.0,3.0,0.05,16,True,2.0,0.25,0.5,,0.2,12.0,steady,ts+lc,3,20280,33.21679284377377,19.417671834412786,189.26885996089283,391.5037726628148,3.6784516765285997,18.0,3.0762668721199615,0.0,robust,
200/200/150/150/100/100/50/50,0.75,30.0,3.0,0.05,16,True,2.0,0.25,0.5,,0.2,12.0,steady,ts+lc,4,20211,37.10182263637573,20.464585254436507,214.1861293502543,437.9925302922506,3.959724902280936,20.0,2.996705364802211,0.0,robust,
200/200/150/150/100/100/50/50,0.75,30.0,3.0,0.05,16,True,2.0,0.25,0.5,,0.2,12.0,steady,ts+lc,5,21472,40.7363067334127,25.580544179504727,217.00182718604373,375.3703749363713,4.575773099850969,20.0,3.4066821274378465,0.0,robust,
200/200/150/150/100/100/50/50,0.75,30.0,3.0,0.05,16,True,2.0,0.25,0.5,,0.2,12.0,steady,ts+lc,6,19254,34.655969241548505,17.288203805913227,235.58653156198702,326.04233799306945,3.608444998441882,21.0,2.884615106455991,0.0,robust,
200/200/150/150/100/100/50/50,0.75,30.0,3.0,0.05,16,True,2.0,0.25,0.5,,0.2,12.0,steady,ts+lc,7,18621,29.937061527460372,15.088133004832471,195.76953828883876,355.3286808752766,3.170721228720262,21.0,2.956376749755273,0.0,robust,
200/200/150/150/100/100/50/50,0.75,30.0,3.0,0.05,16,True,2.0,0.25,0.5,,0.2,12.0,steady,ts+lc,8,20085,36.5621162987362,20.42681952419656,205.89554231148847,399.4502923475411,4.111476226039333,23.0,2.8722075234096915,0.0,robust,
200/200/150/150/100/100/50/50,0.75,30.0,3.0,0.05,16,True,2.0,0.25,0.5,,0.2,12.0,steady,ts+lc,9,20987,55.99662850234608,34.219996543184195,302.39808556169686,459.3053816566086,6.552770762853195,31.0,4.014485353148691,0.0,robust,
200/200/150/150/100/100/50/50,0.75,30.0,3.0,0.05,16,True,4.0,0.25,0.5,,0.2,12.0,steady,greedy,0,21175,336.3090387338492,51.739657542938744,7335.526396047729,8096.1866441334705,31.446564344746164,694.0,5.312567273025331,0.0,robust,
200/200/150/150/100/100/50/50,0.75,30.0,3.0,0.05,16,True,4.0,0.25,0.5,,0.2,12.0,steady,greedy,1,20223,158.5953090809058,24.47553103703015,4391.658532059828,9178.424935714691,8.300449982692973,134.77999999999884,4.287752340444255,0.0,robust,
200/200/150/150/100/100/50/50,0.75,30.0,3.0,0.05,16,True,4.0,0.25,0.5,,0.2,12.0,steady,greedy,2,20482,118.93158280453034,22.916277984057487,3144.868359431677,4608.398755667937,8.96514012303486,152.0,5.090171302377648,0.0,robust,
200/200/150/150/100/100/50/50,0.75,30.0,3.0,0.05,16,True,4.0,0.25,0.5,,0.2,12.0,steady,greedy,3,20280,46.35200448000965,19.9469938701462,354.116537896957,1218.3194230253578,4.483234714003944,24.0,4.32235312036607,0.0,robust,
200/200/150/150/100/100/50/50,0.75,30.0,3.0,0.05,16,True,4.0,0.25,0.5,,0.2,12.0,steady,greedy,4,20211,70.18470628110381,25.667770451569538,630.6283330998755,4565.981502493284,6.332640641234971,30.900000000001455,4.579619947809591,0.0,robust,
200/200/150/150/100/100/50/50,0.75,30.0,3.0,0.05,16,True,4.0,0.25,0.5,,0.2,12.0,steady,greedy,5,21472,83.25792865388263,31.90893163620423,797.0699653126044,2866.6484814809046,7.273845007451565,52.29000000000087,5.106782031636467,0.0,robust,
200/200/150/150/100/100/50/50,0.75,30.0,3.0,0.05,16,True,4.0,0.25,0.5,,0.2,12.0,steady,greedy,6,19254,75.79893192789488,19.50491699682111,1185.1431388580563,3043.6920735272734,5.711800145424327,68.0,4.597694896870763,0.0,robust,
200/200/150/150/100/100/50/50,0.75,30.0,3.0,0.05,16,True,4.0,0.25,0.5,,0.2,12.0,steady,greedy,7,18621,45.67101087870179,14.688391736562778,429.24632855295,1523.7428133314472,3.8830889855539445,25.0,4.143590975619415,0.0,robust,
200/200/150/150/100/100/50/50,0.75,30.0,3.0,0.05,16,True,4.0,0.25,0.5,,0.2,12.0,steady,greedy,8,20085,147.67611178454553,22.533469196364564,6975.186911453144,8043.447768453459,11.068160318645756,440.0,4.116978421464459,0.0,robust,
200/200/150/150/100/100/50/50,0.75,30.0,3.0,0.05,16,True,4.0,0.25,0.5,,0.2,12.0,steady,greedy,9,20987,137.45928184166127,38.249082125556555,4448.93615132673,5239.0516635473705,11.20164863963406,151.13999999999942,5.680890870173259,0.0,robust,
200/200/150/150/100/100/50/50,0.75,30.0,3.0,0.05,16,True,4.0,0.25,0.5,,0.2,12.0,steady,jsq,0,21175,97.96394880101428,30.66070192712722,694.9476896373747,12750.396017921386,6.33775678866588,29.0,7.629794179092928,0.0,robust,
200/200/150/150/100/100/50/50,0.75,30.0,3.0,0.05,16,True,4.0,0.25,0.5,,0.2,12.0,steady,jsq,1,20223,73.11561667474692,22.58667708744788,791.7189850782769,1462.9877974860772,5.133560797112199,29.0,5.84880375853647,0.0,robust,
200/200/150/150/100/100/50/50,0.75,30.0,3.0,0.05,16,True,4.0,0.25,0.5,,0.2,12.0,steady,jsq,2,20482,60.550511840598766,19.390005659765563,571.4135610623836,1928.121089577939,4.476613611951958,25.0,6.091850871425715,0.0,robust,
200/200/150/150/100/100/50/50,0.75,30.0,3.0,0.05,16,True,4.0,0.25,0.5,,0.2,12.0,steady,jsq,3,20280,53.112121268758706,17.90492598719684,440.4503466746536,990.6424638919707,4.056952662721893,24.0,5.746552035787032,0.0,robust,
200/200/150/150/100/100/50/50,0.75,30.0,3.0,0.05,16,True,4.0,0.25,0.5,,0.2,12.0,steady,jsq,4,20211,57.3718333460393,18.751570697633113,496.44668913735876,3403.0465609439925,4.036267379149968,23.0,4.95336338378665,0.0,robust,
200/200/150/150/100/100/50/50,0.75,30.0,3.0,0.05,16,True,4.0,0.25,0.5,,0.2,12.0,steady,jsq,5,21472,66.26851331210148,25.037370344557885,598.4753329491967,1582.7757790120456,5.01844262295082,25.0,6.272145749648619,0.0,robust,
200/200/150/150/100/100/50/50,0.75,30.0,3.0,0.05,16,True,4.0,0.25,0.5,,0.2,12.0,steady,jsq,6,19254,49.93336351017534,14.684716463845504,518.3661487441789,1247.909473304971,3.3599771476056923,20.0,4.855911816983067,0.0,robust,
200/200/150/150/100/100/50/50,0.75,30.0,3.0,0.05,16,True,4.0,0.25,0.5,,0.2,12.0,steady,jsq,7,18621,42.50098275097406,11.377857280796988,407.8290211628152,890.8929528379748,2.855700553138929,21.0,4.7969439286131905,0.0,robust,
200/200/150/150/100/100/50/50,0.75,30.0,3.0,0.05,16,True,4.0,0.25,0.5,,0.2,12.0,steady,jsq,8,20085,54.421694389993895,17.287455744757985,502.6662636982928,1898.7837141270174,3.9401045556385363,24.0,4.930669149054353,0.0,robust,
200/200/150/150/100/100/50/50,0.75,30.0,3.0,0.05,16,True,4.0,0.25,0.5,,0.2,12.0,steady,jsq,9,20987,76.47689334790198,29.019429440021227,684.6886883130051,1514.7485442526045,5.94039167103445,28.0,7.1303414629421935,0.0,robust,
200/200/150/150/100/100/50/50,0.75,30.0,3.0,0.05,16,True,4.0,0.25,0.5,,0.2,12.0,steady,p2c,0,21175,209.01411825730793,49.6524358440098,3393.69579106342,5925.42444798935,12.307674144037781,92.0,2.357687999342866,0.0,robust,
200/200/150/150/100/100/50/50,0.75,30.0,3.0,0.05,16,True,4.0,0.25,0.5,,0.2,12.0,steady,p2c,1,20223,115.65724808319912,32.496744018562396,1231.2705911369196,2546.7894795429197,6.858576867922662,43.0,2.242074592362348,0.0,robust,
200/200/150/150/100/100/50/50,0.75,30.0,3.0,0.05,16,True,4.0,0.25,0.5,,0.2,12.0,steady,p2c,2,20482,92.99726532666219,29.998050685001942,824.4408433927058,1572.1467670349384,6.23903915633239,29.0,2.3264082225812577,0.0,robust,
200/200/150/150/100/100/50/50,0.75,30.0,3.0,0.05,16,True,4.0,0.25,0.5,,0.2,12.0,steady,p2c,3,20280,76.24671355972237,23.43340638759628,673.5848086872558,1512.514457200729,4.912573964497041,22.0,2.2229217786314703,0.0,robust,
200/200/150/150/100/100/50/50,0.75,30.0,3.0,0.05,16,True,4.0,0.25,0.5,,0.2,12.0,steady,p2c,4,20211,96.29011388273635,25.40385084923269,1133.045784176867,1915.9009325291972,5.746722082034536,29.0,2.0591953853388825,0.0,robust,
200/200/150/150/100/100/50/50,0.75,30.0,3.0,0.05,16,True,4.0,0.25,0.5,,0.2,12.0,steady,p2c,5,21472,110.32351076974999,38.47488181338399,834.6506931183236,1606.5853182284989,7.569578986587183,35.0,2.3852559556883586,0.0,robust,
200/200/150/150/100/100/50/50,0.75,30.0,3.0,0.05,16,True,4.0,0.25,0.5,,0.2,12.0,steady,p2c,6,19254,75.63158090089544,20.745706661420726,934.9715310304517,2429.4722151819105,4.274540355250857,24.0,2.1250534419191114,0.0,robust,
200/200/150/150/100/100/50/50,0.75,30.0,3.0,0.05,16,True,4.0,0.25,0.5,,0.2,12.0,steady,p2c,7,18621,60.70411121009088,14.118862228007956,685.4410602465589,1747.3611199381385,3.3371462327479726,21.0,2.0379941967761983,0.0,robust,
200/200/150/150/100/100/50/50,0.75,30.0,3.0,0.05,16,True,4.0,0.25,0.5,,0.2,12.0,steady,p2c,8,20085,78.03496132998639,25.086187092632883,683.0338552298313,1410.0015372516216,5.0931540950958425,26.0,2.196589446728465,0.0,robust,
200/200/150/150/100/100/50/50,0.75,30.0,3.0,0.05,16,True,4.0,0.25,0.5,,0.2,12.0,steady,p2c,9,20987,122.87033637694257,42.820023100471616,974.8743944897692,1537.0265642134295,8.740124839186162,40.0,2.302786713073767,0.0,robust,
200/200/150/150/100/100/50/50,0.75,30.0,3.0,0.05,16,True,4.0,0.25,0.5,,0.2,12.0,steady,p2c_learned,0,21175,167.68611215162784,53.06533424649906,1879.6182111241283,2833.783623901854,13.23556080283353,91.0,2.2982590640834673,0.0,robust,
200/200/150/150/100/100/50/50,0.75,30.0,3.0,0.05,16,True,4.0,0.25,0.5,,0.2,12.0,steady,p2c_learned,1,20223,97.21220666716641,30.376906360045197,727.7693197624629,4060.916644006332,6.789892696434753,42.0,2.014534470938335,0.0,robust,
200/200/150/150/100/100/50/50,0.75,30.0,3.0,0.05,16,True,4.0,0.25,0.5,,0.2,12.0,steady,p2c_learned,2,20482,80.1095085977956,27.225951501626433,720.8138266851057,1562.9772092527678,6.078898545063959,34.0,1.9309601011846664,0.0,robust,
200/200/150/150/100/100/50/50,0.75,30.0,3.0,0.05,16,True,4.0,0.25,0.5,,0.2,12.0,steady,p2c_learned,3,20280,63.3224098741896,21.612008269050964,523.089014021598,1074.1715585993054,4.617702169625247,26.0,1.8978666725444573,0.0,robust,
200/200/150/150/100/100/50/50,0.75,30.0,3.0,0.05,16,True,4.0,0.25,0.5,,0.2,12.0,steady,p2c_learned,4,20211,70.66741697686409,24.92990648688931,653.6647243777455,1678.5111419168559,5.081539755578645,30.0,1.9280714525309839,0.0,robust,
200/200/150/150/100/100/50/50,0.75,30.0,3.0,0.05,16,True,4.0,0.25,0.5,,0.2,12.0,steady,p2c_learned,5,21472,96.3256652960251,38.09026697222784,832.9544901773181,1769.8759241185098,7.476574143070045,43.0,2.1503129309799416,0.0,robust,
200/200/150/150/100/100/50/50,0.75,30.0,3.0,0.05,16,True,4.0,0.25,0.5,,0.2,12.0,steady,p2c_learned,6,19254,67.48055936753354,21.3578029008481,582.3152484253872,908.0479397498827,4.730445621688999,30.0,1.936902004939604,0.0,robust,
200/200/150/150/100/100/50/50,0.75,30.0,3.0,0.05,16,True,4.0,0.25,0.5,,0.2,12.0,steady,p2c_learned,7,18621,55.551919831125325,15.092353140541803,570.3054338168797,1371.7993469739883,3.9135384780624025,29.799999999999272,1.8134558426439682,0.0,robust,
200/200/150/150/100/100/50/50,0.75,30.0,3.0,0.05,16,True,4.0,0.25,0.5,,0.2,12.0,steady,p2c_learned,8,20085,70.67855878183552,24.793090017714903,563.0054339556102,1596.6379824176809,5.355190440627334,33.0,1.9243158420411803,0.0,robust,
200/200/150/150/100/100/50/50,0.75,30.0,3.0,0.05,16,True,4.0,0.25,0.5,,0.2,12.0,steady,p2c_learned,9,20987,103.2954896705383,43.289644526446125,745.8695123897259,1185.434356964994,8.928813074760566,47.0,2.0404199434702286,0.0,robust,
200/200/150/150/100/100/50/50,0.75,30.0,3.0,0.05,16,True,4.0,0.25,0.5,,0.2,12.0,steady,p2c_learned+lc,0,21175,178.4436665415568,49.59206300097918,2541.842848310477,3183.4292176970075,12.939504132231406,103.2599999999984,2.185248860874751,0.0,robust,
200/200/150/150/100/100/50/50,0.75,30.0,3.0,0.05,16,True,4.0,0.25,0.5,,0.2,12.0,steady,p2c_learned+lc,1,20223,95.81666984303077,28.696220182016674,769.7838543860663,4016.4799161815404,6.54447905849775,39.0,1.9766714586563945,0.0,robust,
200/200/150/150/100/100/50/50,0.75,30.0,3.0,0.05,16,True,4.0,0.25,0.5,,0.2,12.0,steady,p2c_learned+lc,2,20482,77.91330395010722,26.41106626104417,748.7821202778265,1349.227251819501,5.810955961331901,33.0,1.9396825662150154,0.0,robust,
200/200/150/150/100/100/50/50,0.75,30.0,3.0,0.05,16,True,4.0,0.25,0.5,,0.2,12.0,steady,p2c_learned+lc,3,20280,62.30248883955875,21.62973998202844,481.5223292431269,1052.805816530753,4.662475345167653,26.0,1.8924222593693665,0.0,robust,
200/200/150/150/100/100/50/50,0.75,30.0,3.0,0.05,16,True,4.0,0.25,0.5,,0.2,12.0,steady,p2c_learned+lc,4,20211,70.48888934128915,24.94941966278219,677.4779277718175,1537.8562581593305,5.0818366236208,29.0,1.8952658526003598,0.0,robust,
200/200/150/150/100/100/50/50,0.75,30.0,3.0,0.05,16,True,4.0,0.25,0.5,,0.2,12.0,steady,p2c_learned+lc,5,21472,98.9193657810614,39.10860695329532,874.2132753961357,1774.1585525379114,7.908578614008942,42.0,2.1021753513885604,0.0,robust,
200/200/150/150/100/100/50/50,0.75,30.0,3.0,0.05,16,True,4.0,0.25,0.5,,0.2,12.0,steady,p2c_learned+lc,6,19254,71.55894110649682,21.209805309485574,620.5794504683776,940.6425530574954,5.201620442505454,37.470000000001164,1.8447318479239008,0.0,robust,
200/200/150/150/100/100/50/50,0.75,30.0,3.0,0.05,16,True,4.0,0.25,0.5,,0.2,12.0,steady,p2c_learned+lc,7,18621,52.7047803223856,14.343322595726349,505.4455657112682,834.5027553930573,3.6180656248321785,26.0,1.8011080909242552,0.0,robust,
200/200/150/150/100/100/50/50,0.75,30.0,3.0,0.05,16,True,4.0,0.25,0.5,,0.2,12.0,steady,p2c_learned+lc,8,20085,70.70278908107004,25.131530450968498,550.6270608921043,1465.4240321406317,5.407169529499627,35.0,1.8948567397577558,0.0,robust,
200/200/150/150/100/100/50/50,0.75,30.0,3.0,0.05,16,True,4.0,0.25,0.5,,0.2,12.0,steady,p2c_learned+lc,9,20987,97.09704810985143,40.16300552855867,750.4705883611416,1096.5102352128656,8.137370753323486,46.0,2.091850502583241,0.0,robust,
200/200/150/150/100/100/50/50,0.75,30.0,3.0,0.05,16,True,4.0,0.25,0.5,,0.2,12.0,steady,p2c_learned_probe,0,21175,155.4623887608892,41.8825154852791,1757.1543367851646,2623.097703819218,12.011097992916175,80.0,2.1552950468662004,2.0,robust,
200/200/150/150/100/100/50/50,0.75,30.0,3.0,0.05,16,True,4.0,0.25,0.5,,0.2,12.0,steady,p2c_learned_probe,1,20223,86.58184897505912,23.895270944347402,665.8775158775845,4082.7698342421895,5.575582257825248,34.0,1.8699787957308351,2.0,robust,
200/200/150/150/100/100/50/50,0.75,30.0,3.0,0.05,16,True,4.0,0.25,0.5,,0.2,12.0,steady,p2c_learned_probe,2,20482,67.25516461181432,20.820935768742554,726.1716117763672,1792.6397136958158,4.6241577970901275,29.0,1.8363238644755366,2.0,robust,
200/200/150/150/100/100/50/50,0.75,30.0,3.0,0.05,16,True,4.0,0.25,0.5,,0.2,12.0,steady,p2c_learned_probe,3,20280,53.643465265523496,17.602582936954825,468.55829944108973,1404.2852074307661,3.701183431952663,21.0,1.7038748855355343,2.0,robust,
200/200/150/150/100/100/50/50,0.75,30.0,3.0,0.05,16,True,4.0,0.25,0.5,,0.2,12.0,steady,p2c_learned_probe,4,20211,61.42984898939401,19.419773848206034,602.0576296098171,1669.8233700842757,4.038543367473158,24.0,1.8119564834832473,2.0,robust,
200/200/150/150/100/100/50/50,0.75,30.0,3.0,0.05,16,True,4.0,0.25,0.5,,0.2,12.0,steady,p2c_learned_probe,5,21472,90.46663652682486,30.21469847512104,909.1683900941356,1765.0648340201533,6.756846125186289,41.0,1.8906944287856735,2.0,robust,
200/200/150/150/100/100/50/50,0.75,30.0,3.0,0.05,16,True,4.0,0.25,0.5,,0.2,12.0,steady,p2c_learned_probe,6,19254,59.81030696183887,17.047257698211027,547.0727439481531,940.9478408773286,4.004778227900696,26.0,1.7592281976972526,2.0,robust,
200/200/150/150/100/100/50/50,0.75,30.0,3.0,0.05,16,True,4.0,0.25,0.5,,0.2,12.0,steady,p2c_learned_probe,7,18621,46.42447497382249,11.634356444030658,472.35221165636534,1614.0480088509144,2.873905805273616,23.0,1.6436600335835123,2.0,robust,
200/200/150/150/100/100/50/50,0.75,30.0,3.0,0.05,16,True,4.0,0.25,0.5,,0.2,12.0,steady,p2c_learned_probe,8,20085,63.59685327771028,20.000188803408037,563.9306721843241,1890.0796687150334,4.564650236494897,31.0,1.7917009401399815,2.0,robust,
200/200/150/150/100/100/50/50,0.75,30.0,3.0,0.05,16,True,4.0,0.25,0.5,,0.2,12.0,steady,p2c_learned_probe,9,20987,93.56127294942148,36.0966091123025,732.6404016661771,1328.9946676703198,7.745556773240578,43.0,1.880894165592168,2.0,robust,
200/200/150/150/100/100/50/50,0.75,30.0,3.0,0.05,16,True,4.0,0.25,0.5,,0.2,12.0,steady,p3c_learned_probe,0,21175,123.1417877603314,27.689963247199856,1624.147416057588,2485.8667419679177,9.67216056670602,87.0,2.8356509787289426,3.0,robust,
200/200/150/150/100/100/50/50,0.75,30.0,3.0,0.05,16,True,4.0,0.25,0.5,,0.2,12.0,steady,p3c_learned_probe,1,20223,63.54106424514174,15.885757027199077,732.8826553910391,1810.1555942718517,4.077832171290115,31.0,2.5496431977386385,3.0,robust,
200/200/150/150/100/100/50/50,0.75,30.0,3.0,0.05,16,True,4.0,0.25,0.5,,0.2,12.0,steady,p3c_learned_probe,2,20482,47.3189513919979,14.118271195100007,467.1964266755176,1361.8272310863051,3.3475246557953326,22.0,2.3501323010184483,3.0,robust,
200/200/150/150/100/100/50/50,0.75,30.0,3.0,0.05,16,True,4.0,0.25,0.5,,0.2,12.0,steady,p3c_learned_probe,3,20280,34.38305138808504,10.93720228270545,320.87329281058254,1118.128769111206,2.234270216962525,14.0,2.2706046541192038,3.0,robust,
200/200/150/150/100/100/50/50,0.75,30.0,3.0,0.05,16,True,4.0,0.25,0.5,,0.2,12.0,steady,p3c_learned_probe,4,20211,39.62002720044988,11.80578482278527,398.7479711495511,1419.5095103890144,2.5082380881698083,16.0,2.315471758621876,3.0,robust,
200/200/150/150/100/100/50/50,0.75,30.0,3.0,0.05,16,True,4.0,0.25,0.5,,0.2,12.0,steady,p3c_learned_probe,5,21472,57.354924781209306,17.8707461743437,535.2137854716141,1720.3673956685213,3.988822652757079,26.0,2.5099793868530993,3.0,robust,
200/200/150/150/100/100/50/50,0.75,30.0,3.0,0.05,16,True,4.0,0.25,0.5,,0.2,12.0,steady,p3c_learned_probe,6,19254,41.357528841018976,10.8845320190456,453.6866975415619,752.4447455967695,2.761400228523943,21.0,2.267456216603513,3.0,robust,
200/200/150/150/100/100/50/50,0.75,30.0,3.0,0.05,16,True,4.0,0.25,0.5,,0.2,12.0,steady,p3c_learned_probe,7,18621,40.03009094190896,10.146845429034101,446.41211532349917,1119.0876487642,3.0663229686912628,24.0,1.940314867591812,3.0,robust,
200/200/150/150/100/100/50/50,0.75,30.0,3.0,0.05,16,True,4.0,0.25,0.5,,0.2,12.0,steady,p3c_learned_probe,8,20085,43.1682206263113,13.153302144267798,424.42122230981624,1120.060854923697,3.1388100572566593,22.0,2.2733599814863856,3.0,robust,
200/200/150/150/100/100/50/50,0.75,30.0,3.0,0.05,16,True,4.0,0.25,0.5,,0.2,12.0,steady,p3c_learned_probe,9,20987,62.044696553236676,22.087652503500976,525.0834303678563,1251.921815723392,5.3727545623481205,35.0,2.484121271096525,3.0,robust,
200/200/150/150/100/100/50/50,0.75,30.0,3.0,0.05,16,True,4.0,0.25,0.5,,0.2,12.0,steady,p3c_probe,0,21175,112.22751903830857,23.178002539722797,1095.7584880175443,6115.262402895013,7.733742621015348,57.0,3.044674159183854,3.0,robust,
200/200/150/150/100/100/50/50,0.75,30.0,3.0,0.05,16,True,4.0,0.25,0.5,,0.2,12.0,steady,p3c_probe,1,20223,60.118670687398,13.233605012482386,757.1444683214411,1508.1063618731462,3.468970973643871,24.779999999998836,2.7962234221574267,3.0,robust,
200/200/150/150/100/100/50/50,0.75,30.0,3.0,0.05,16,True,4.0,0.25,0.5,,0.2,12.0,steady,p3c_probe,2,20482,44.09355568203914,11.755010097215468,536.2073494027579,1261.9189158951156,2.640025388145689,16.0,2.6298075452421337,3.0,robust,
200/200/150/150/100/100/50/50,0.75,30.0,3.0,0.05,16,True,4.0,0.25,0.5,,0.2,12.0,steady,p3c_probe,3,20280,35.859622858704235,10.11085455860794,343.5400051648418,1140.7767807170017,1.8884615384615384,9.0,2.4751441411994333,3.0,robust,
200/200/150/150/100/100/50/50,0.75,30.0,3.0,0.05,16,True,4.0,0.25,0.5,,0.2,12.0,steady,p3c_probe,4,20211,40.42808479097887,11.3858397205302,428.45343854202696,855.8182041192721,2.242986492504082,14.0,2.5815058617021607,3.0,robust,
200/200/150/150/100/100/50/50,0.75,30.0,3.0,0.05,16,True,4.0,0.25,0.5,,0.2,12.0,steady,p3c_probe,5,21472,56.4085627095937,18.26803271287858,532.4156112837125,1515.8647518710486,3.8197652757078986,24.0,2.850789688625495,3.0,robust,
200/200/150/150/100/100/50/50,0.75,30.0,3.0,0.05,16,True,4.0,0.25,0.5,,0.2,12.0,steady,p3c_probe,6,19254,44.42497764098715,9.947753235196366,478.5845662512684,1166.8818232366855,2.6171704580866315,20.0,2.526603750033691,3.0,robust,
200/200/150/150/100/100/50/50,0.75,30.0,3.0,0.05,16,True,4.0,0.25,0.5,,0.2,12.0,steady,p3c_probe,7,18621,30.3799730754501,6.764438557631536,333.5052383483351,1141.1813971981549,1.3871435476075398,11.0,2.220653687413183,3.0,robust,
200/200/150/150/100/100/50/50,0.75,30.0,3.0,0.05,16,True,4.0,0.25,0.5,,0.2,12.0,steady,p3c_probe,8,20085,41.70772755925233,10.82909958704903,461.92343020369043,773.2264084796735,2.5478715459297985,23.0,2.56243965615999,3.0,robust,
200/200/150/150/100/100/50/50,0.75,30.0,3.0,0.05,16,True,4.0,0.25,0.5,,0.2,12.0,steady,p3c_probe,9,20987,64.06481625740852,19.91593256633628,560.7047210910716,1284.9636990432286,4.466669843236289,25.0,2.790165433928897,3.0,robust,
200/200/150/150/100/100/50/50,0.75,30.0,3.0,0.05,16,True,4.0,0.25,0.5,,0.2,12.0,steady,prequal,0,21175,138.9671530810681,37.16791793283747,2026.2443177265695,3215.6049314124216,10.512727272727274,78.0,4.2916777175808045,3.0,robust,
200/200/150/150/100/100/50/50,0.75,30.0,3.0,0.05,16,True,4.0,0.25,0.5,,0.2,12.0,steady,prequal,1,20223,86.64754981743258,28.460751270426243,724.1893968738647,1560.755417130168,7.275428967017752,49.0,4.193069756259713,3.0,robust,
200/200/150/150/100/100/50/50,0.75,30.0,3.0,0.05,16,True,4.0,0.25,0.5,,0.2,12.0,steady,prequal,2,20482,56.5486876201156,22.021959619731746,576.5026324095364,1346.7402213533312,4.6968069524460505,25.0,3.747661692527123,3.0,robust,
200/200/150/150/100/100/50/50,0.75,30.0,3.0,0.05,16,True,4.0,0.25,0.5,,0.2,12.0,steady,prequal,3,20280,50.88876493136487,19.268300448760378,386.0825418908905,974.7237543282716,3.999506903353057,22.0,3.6757667217399024,3.0,robust,
200/200/150/150/100/100/50/50,0.75,30.0,3.0,0.05,16,True,4.0,0.25,0.5,,0.2,12.0,steady,prequal,4,20211,56.77140550296144,21.15705576241922,498.25378028376537,876.6171685319038,4.464499529958934,25.0,3.7984548004379093,3.0,robust,
200/200/150/150/100/100/50/50,0.75,30.0,3.0,0.05,16,True,4.0,0.25,0.5,,0.2,12.0,steady,prequal,5,21472,67.98174348568591,29.286735841099087,548.3560814853131,2309.9080804977966,5.718191132637854,30.0,4.101849475275281,3.0,robust,
200/200/150/150/100/100/50/50,0.75,30.0,3.0,0.05,16,True,4.0,0.25,0.5,,0.2,12.0,steady,prequal,6,19254,56.49210603911331,19.997967166613506,493.92872264231187,1442.7869424721757,4.355926041342059,26.0,3.867856246653492,3.0,robust,
200/200/150/150/100/100/50/50,0.75,30.0,3.0,0.05,16,True,4.0,0.25,0.5,,0.2,12.0,steady,prequal,7,18621,46.30837496669801,14.585099187634398,421.7391312053827,2014.0927451529699,3.6907255249449546,25.0,3.588837137093479,3.0,robust,
200/200/150/150/100/100/50/50,0.75,30.0,3.0,0.05,16,True,4.0,0.25,0.5,,0.2,12.0,steady,prequal,8,20085,60.584166145084424,22.305433470300784,499.3956269172808,1288.7375807433057,5.13512571570824,32.0,3.9743884568377537,3.0,robust,
200/200/150/150/100/100/50/50,0.75,30.0,3.0,0.05,16,True,4.0,0.25,0.5,,0.2,12.0,steady,prequal,9,20987,79.86699953142053,31.41641429091102,617.5581979056682,1328.4492918989645,6.725353790441702,34.0,3.9924582956367325,3.0,robust,
200/200/150/150/100/100/50/50,0.75,30.0,3.0,0.05,16,True,4.0,0.25,0.5,,0.2,12.0,steady,sed3_probe,0,21175,120.17590900455505,23.59998324208412,1699.1569617458267,2822.67359252576,10.981534828807556,88.0,2.838329988034334,3.0,robust,
200/200/150/150/100/100/50/50,0.75,30.0,3.0,0.05,16,True,4.0,0.25,0.5,,0.2,12.0,steady,sed3_probe,1,20223,48.466398394020196,12.698680888341585,542.6172139557821,1773.592111967176,3.3662166839736933,26.0,2.716075706335846,3.0,robust,
200/200/150/150/100/100/50/50,0.75,30.0,3.0,0.05,16,True,4.0,0.25,0.5,,0.2,12.0,steady,sed3_probe,2,20482,37.69799810307875,11.070824422803938,430.9850361384805,849.6321263495447,2.778976662435309,20.0,2.551088209792988,3.0,robust,
200/200/150/150/100/100/50/50,0.75,30.0,3.0,0.05,16,True,4.0,0.25,0.5,,0.2,12.0,steady,sed3_probe,3,20280,30.273855975686622,9.900680936647532,273.6319854637899,787.0150549397983,2.124112426035503,14.0,2.343289495764628,3.0,robust,
200/200/150/150/100/100/50/50,0.75,30.0,3.0,0.05,16,True,4.0,0.25,0.5,,0.2,12.0,steady,sed3_probe,4,20211,34.642844072918905,10.571102870644111,348.4466697457097,1106.4820418308125,2.3468408292513976,16.0,2.443970171921989,3.0,robust,
200/200/150/150/100/100/50/50,0.75,30.0,3.0,0.05,16,True,4.0,0.25,0.5,,0.2,12.0,steady,sed3_probe,5,21472,47.42417361500856,16.786242173963295,394.5579636538334,1566.344464094656,3.9072280178837557,25.0,2.790521187382088,3.0,robust,
200/200/150/150/100/100/50/50,0.75,30.0,3.0,0.05,16,True,4.0,0.25,0.5,,0.2,12.0,steady,sed3_probe,6,19254,34.802679997990815,9.540542708856625,333.15641607986913,1155.419861690816,2.5684013711436586,19.0,2.3259666123584273,3.0,robust,
200/200/150/150/100/100/50/50,0.75,30.0,3.0,0.05,16,True,4.0,0.25,0.5,,0.2,12.0,steady,sed3_probe,7,18621,24.014091647587033,6.289564191936492,269.52914320133925,515.6472110984619,1.4373556737017346,12.0,2.139391291836045,3.0,robust,
200/200/150/150/100/100/50/50,0.75,30.0,3.0,0.05,16,True,4.0,0.25,0.5,,0.2,12.0,steady,sed3_probe,8,20085,35.187466211163496,10.345613653949925,336.7317728295769,1009.1057027733598,2.6780184217077423,22.0,2.4308370951294482,3.0,robust,
200/200/150/150/100/100/50/50,0.75,30.0,3.0,0.05,16,True,4.0,0.25,0.5,,0.2,12.0,steady,sed3_probe,9,20987,50.591027249413905,17.78271365007278,414.9917695024433,1240.5763234551123,4.223948158383761,28.0,2.6100469650109197,3.0,robust,
200/200/150/150/100/100/50/50,0.75,30.0,3.0,0.05,16,True,4.0,0.25,0.5,,0.2,12.0,steady,ts,0,21175,109.76591872995323,36.82641419736132,1002.3752434889981,5364.130537055326,9.23848878394333,62.0,5.810492578065871,0.0,robust,
200/200/150/150/100/100/50/50,0.75,30.0,3.0,0.05,16,True,4.0,0.25,0.5,,0.2,12.0,steady,ts,1,20223,77.26473528840958,29.512758300022313,749.2684686999453,2273.2478169357537,6.246798200069228,36.0,4.336945786376898,0.0,robust,
200/200/150/150/100/100/50/50,0.75,30.0,3.0,0.05,16,True,4.0,0.25,0.5,,0.2,12.0,steady,ts,2,20482,56.28039193248437,21.272286533108087,547.2634691244021,1150.8291151047215,4.797236597988478,26.0,4.519240478615961,0.0,robust,
200/200/150/150/100/100/50/50,0.75,30.0,3.0,0.05,16,True,4.0,0.25,0.5,,0.2,12.0,steady,ts,3,20280,48.56953250506718,20.251695848314988,390.49798712829215,1321.3918070738396,4.665877712031558,23.0,4.691215836903553,0.0,robust,
200/200/150/150/100/100/50/50,0.75,30.0,3.0,0.05,16,True,4.0,0.25,0.5,,0.2,12.0,steady,ts,4,20211,56.43273569352701,23.666481228197256,456.5171376499793,1190.6277084906596,5.0272623818712585,27.0,4.342037163627063,0.0,robust,
200/200/150/150/100/100/50/50,0.75,30.0,3.0,0.05,16,True,4.0,0.25,0.5,,0.2,12.0,steady,ts,5,21472,81.26532319353495,32.29508082142907,1048.9407516267615,2057.8707825424513,7.382078986587183,52.0,4.945510823881957,0.0,robust,
200/200/150/150/100/100/50/50,0.75,30.0,3.0,0.05,16,True,4.0,0.25,0.5,,0.2,12.0,steady,ts,6,19254,50.069093319178414,18.21797459173702,448.40940598643584,871.2609739643234,4.454658772203179,26.0,4.455079076035819,0.0,robust,
200/200/150/150/100/100/50/50,0.75,30.0,3.0,0.05,16,True,4.0,0.25,0.5,,0.2,12.0,steady,ts,7,18621,57.1320428325572,18.54669148979582,558.2323896391329,1355.5003097067845,5.097578003329574,40.0,4.4819198805768,0.0,robust,
200/200/150/150/100/100/50/50,0.75,30.0,3.0,0.05,16,True,4.0,0.25,0.5,,0.2,12.0,steady,ts,8,20085,58.2670745348557,24.966461666227957,448.548341316052,988.9168924495511,6.074184714961414,33.0,4.322018918004071,0.0,robust,
200/200/150/150/100/100/50/50,0.75,30.0,3.0,0.05,16,True,4.0,0.25,0.5,,0.2,12.0,steady,ts,9,20987,84.61833072297395,39.408981781829056,604.3372994779846,1109.5876224921078,9.022871301281747,42.0,5.906886939216116,0.0,robust,
200/200/150/150/100/100/50/50,0.75,30.0,3.0,0.05,16,True,4.0,0.25,0.5,,0.2,12.0,steady,ts+lc,0,21175,115.22068567270362,32.31183142607463,1152.9128706515037,5418.327814408636,8.745596221959858,63.0,5.306817841195407,0.0,robust,
200/200/150/150/100/100/50/50,0.75,30.0,3.0,0.05,16,True,4.0,0.25,0.5,,0.2,12.0,steady,ts+lc,1,20223,63.91997430949214,22.85701005968832,555.0250935813215,1374.608666310682,5.558275231172427,35.0,4.0959524058773455,0.0,robust,
200/200/150/150/100/100/50/50,0.75,30.0,3.0,0.05,16,True,4.0,0.25,0.5,,0.2,12.0,steady,ts+lc,2,20482,56.382696687675505,21.147826405003123,497.6313697010769,1461.8051222810795,5.139781271360219,34.0,4.280010933040594,0.0,robust,
200/200/150/150/100/100/50/50,0.75,30.0,3.0,0.05,16,True,4.0,0.25,0.5,,0.2,12.0,steady,ts+lc,3,20280,44.403754181518075,18.004942030381166,336.7082349547443,1222.6496081267483,4.238560157790927,23.0,4.142876043545415,0.0,robust,
200/200/150/150/100/100/50/50,0.75,30.0,3.0,0.05,16,True,4.0,0.25,0.5,,0.2,12.0,steady,ts+lc,4,20211,48.52851393928041,19.095624316758375,390.74666857930487,1196.4350363223953,4.431943001335906,24.0,3.936807471888315,0.0,robust,
200/200/150/150/100/100/50/50,0.75,30.0,3.0,0.05,16,True,4.0,0.25,0.5,,0.2,12.0,steady,ts+lc,5,21472,642.9293328761813,37.8431374235948,16961.945269690354,19278.57402346917,36.10697652757079,842.2900000000009,5.01533937797904,0.0,robust,
200/200/150/150/100/100/50/50,0.75,30.0,3.0,0.05,16,True,4.0,0.25,0.5,,0.2,12.0,steady,ts+lc,6,19254,52.842417515625776,20.057804746032915,445.20489371514293,1031.0128312678903,5.039212631141581,31.0,4.2470072054626415,0.0,robust,
200/200/150/150/100/100/50/50,0.75,30.0,3.0,0.05,16,True,4.0,0.25,0.5,,0.2,12.0,steady,ts+lc,7,18621,49.72227903398553,14.941059402691081,460.32139609752653,847.6450809174809,4.290209977981848,32.0,3.819216543055906,0.0,robust,
200/200/150/150/100/100/50/50,0.75,30.0,3.0,0.05,16,True,4.0,0.25,0.5,,0.2,12.0,steady,ts+lc,8,20085,51.83091940764283,18.91341597195506,459.5920652955035,1128.982592762387,4.47647498132935,25.0,3.435421361597296,0.0,robust,
200/200/150/150/100/100/50/50,0.75,30.0,3.0,0.05,16,True,4.0,0.25,0.5,,0.2,12.0,steady,ts+lc,9,20987,79.64791026977944,33.00468423522673,598.3448911514089,1272.4291695438283,8.051841616238624,44.0,4.852262600356375,0.0,robust,
200/200/150/150/100/100/50/50,0.9,30.0,3.0,0.05,16,True,1.0,0.0,0.5,,0.2,12.0,steady,greedy,0,24557,57.580516220600046,42.238036528109646,188.08505457529006,2490.2572669115125,6.953536669788655,22.0,4.772960312453767,0.0,robust,
200/200/150/150/100/100/50/50,0.9,30.0,3.0,0.05,16,True,1.0,0.0,0.5,,0.2,12.0,steady,greedy,1,24312,117.8032743359295,37.46495101719649,5023.161284779836,5711.4465149239995,9.32835636722606,224.0,3.8039514962659826,0.0,robust,
200/200/150/150/100/100/50/50,0.9,30.0,3.0,0.05,16,True,1.0,0.0,0.5,,0.2,12.0,steady,greedy,2,24431,54.11303395438631,38.927490768664086,175.60853035617038,2535.5871595529907,6.5957594858990625,23.0,4.328217336623337,0.0,robust,
200/200/150/150/100/100/50/50,0.9,30.0,3.0,0.05,16,True,1.0,0.0,0.5,,0.2,12.0,steady,greedy,3,24221,47.21758541581652,38.37622293098075,169.88690740065533,848.4895266967293,6.066388670987986,21.0,3.7257680901068353,0.0,robust,
200/200/150/150/100/100/50/50,0.9,30.0,3.0,0.05,16,True,1.0,0.0,0.5,,0.2,12.0,steady,greedy,4,24358,179.6714321251243,45.109975366733224,7978.612054218874,9385.45013271598,13.38049100911405,388.0,3.6062490758052306,0.0,robust,
200/200/150/150/100/100/50/50,0.9,30.0,3.0,0.05,16,True,1.0,0.0,0.5,,0.2,12.0,steady,greedy,5,24518,54.39340121873337,41.03414759086954,194.4523208645734,1744.4785660447933,6.621951219512195,22.0,4.140346405955083,0.0,robust,
200/200/150/150/100/100/50/50,0.9,30.0,3.0,0.05,16,True,1.0,0.0,0.5,,0.2,12.0,steady,greedy,6,24384,65.08449802586777,43.99557922630848,230.71401086810545,3015.283905701628,7.527189960629921,26.0,4.22263707385498,0.0,robust,
200/200/150/150/100/100/50/50,0.9,30.0,3.0,0.05,16,True,1.0,0.0,0.5,,0.2,12.0,steady,greedy,7,24123,48.31647846064581,35.28702632060288,151.75216396453501,2815.119991474984,5.823653774406169,19.0,4.036667509530756,0.0,robust,
200/200/150/150/100/100/50/50,0.9,30.0,3.0,0.05,16,True,1.0,0.0,0.5,,0.2,12.0,steady,greedy,8,24435,47.69635758495952,38.71085741083391,161.87703019151652,651.0843006001592,6.18305709023941,22.0,3.498859339921794,0.0,robust,
200/200/150/150/100/100/50/50,0.9,30.0,3.0,0.05,16,True,1.0,0.0,0.5,,0.2,12.0,steady,greedy,9,24387,61.1047047523666,42.38104675272014,183.30093800146338,3914.975826639194,7.159429204084144,23.0,4.2280851889619235,0.0,robust,
200/200/150/150/100/100/50/50,0.9,30.0,3.0,0.05,16,True,1.0,0.0,0.5,,0.2,12.0,steady,jsq,0,24557,50.73042119242032,34.032968029704236,272.2739200775819,460.82840949085545,5.106120454452905,19.0,5.4344921283536864,0.0,robust,
200/200/150/150/100/100/50/50,0.9,30.0,3.0,0.05,16,True,1.0,0.0,0.5,,0.2,12.0,steady,jsq,1,24312,48.174393476005875,31.656901920915637,261.7058954736199,395.39367726245325,4.810998683777559,19.0,4.177207906512696,0.0,robust,
200/200/150/150/100/100/50/50,0.9,30.0,3.0,0.05,16,True,1.0,0.0,0.5,,0.2,12.0,steady,jsq,2,24431,50.58361755988421,32.979242525073005,278.79225026990576,508.6689271369615,5.028283737874013,20.0,5.479245541926614,0.0,robust,
200/200/150/150/100/100/50/50,0.9,30.0,3.0,0.05,16,True,1.0,0.0,0.5,,0.2,12.0,steady,jsq,3,24221,53.00399707022158,34.328118970808674,306.26454965088124,546.808957070128,5.270467775896949,20.0,5.173231621166588,0.0,robust,
200/200/150/150/100/100/50/50,0.9,30.0,3.0,0.05,16,True,1.0,0.0,0.5,,0.2,12.0,steady,jsq,4,24358,53.777204671947075,35.054399644561585,285.2443587900016,509.55233800741473,5.4130470481977175,21.0,4.151155860677917,0.0,robust,
200/200/150/150/100/100/50/50,0.9,30.0,3.0,0.05,16,True,1.0,0.0,0.5,,0.2,12.0,steady,jsq,5,24518,51.281934667952086,34.40027921712074,277.42523064421886,428.226467554373,5.13014927808141,19.0,4.691984734269267,0.0,robust,
200/200/150/150/100/100/50/50,0.9,30.0,3.0,0.05,16,True,1.0,0.0,0.5,,0.2,12.0,steady,jsq,6,24384,50.90871932586094,34.06452422853023,284.8354168547532,463.7270000466185,4.9795767716535435,18.0,4.78137407473773,0.0,robust,
200/200/150/150/100/100/50/50,0.9,30.0,3.0,0.05,16,True,1.0,0.0,0.5,,0.2,12.0,steady,jsq,7,24123,45.93975526131208,30.066154804594625,267.40662348819814,410.4715802940542,4.518716577540107,18.0,4.922816392336911,0.0,robust,
200/200/150/150/100/100/50/50,0.9,30.0,3.0,0.05,16,True,1.0,0.0,0.5,,0.2,12.0,steady,jsq,8,24435,50.56687000286059,33.15181224669672,298.4168862896681,459.48361219679737,5.047145488029466,18.0,4.120787756631372,0.0,robust,
200/200/150/150/100/100/50/50,0.9,30.0,3.0,0.05,16,True,1.0,0.0,0.5,,0.2,12.0,steady,jsq,9,24387,54.43581345826272,36.15981849141647,306.09241826866906,508.11445872098807,5.487513839340632,20.0,5.318214676217108,0.0,robust,
200/200/150/150/100/100/50/50,0.9,30.0,3.0,0.05,16,True,1.0,0.0,0.5,,0.2,12.0,steady,p2c,0,24557,53.09617879214618,33.389183136614875,315.5799665842933,458.6535964558825,4.637455715274667,13.0,1.454716988740572,0.0,robust,
200/200/150/150/100/100/50/50,0.9,30.0,3.0,0.05,16,True,1.0,0.0,0.5,,0.2,12.0,steady,p2c,1,24312,49.04969825721216,29.777187335062294,274.29802086886787,365.58673701017534,4.257321487331359,12.0,1.4278756845281877,0.0,robust,
200/200/150/150/100/100/50/50,0.9,30.0,3.0,0.05,16,True,1.0,0.0,0.5,,0.2,12.0,steady,p2c,2,24431,50.62605465377664,30.655470519063144,289.09853463896064,398.6536764020804,4.394457860914412,13.0,1.4976212852824895,0.0,robust,
200/200/150/150/100/100/50/50,0.9,30.0,3.0,0.05,16,True,1.0,0.0,0.5,,0.2,12.0,steady,p2c,3,24221,48.91097298723934,30.122009025435048,273.3720678993378,358.6312753126087,4.19788613186904,13.0,1.3992728608233853,0.0,robust,
200/200/150/150/100/100/50/50,0.9,30.0,3.0,0.05,16,True,1.0,0.0,0.5,,0.2,12.0,steady,p2c,4,24358,52.15202143619744,32.32723132287063,291.8402285544043,452.2186242919327,4.513630018884966,14.0,1.3621628098078074,0.0,robust,
200/200/150/150/100/100/50/50,0.9,30.0,3.0,0.05,16,True,1.0,0.0,0.5,,0.2,12.0,steady,p2c,5,24518,51.579216019324356,32.57716729317295,287.1562105985122,411.240306628743,4.580185985806346,13.0,1.5042421357091558,0.0,robust,
200/200/150/150/100/100/50/50,0.9,30.0,3.0,0.05,16,True,1.0,0.0,0.5,,0.2,12.0,steady,p2c,6,24384,51.53922327568674,32.719660004925544,293.78992734336674,453.59364087020475,4.4640748031496065,12.0,1.453440940171499,0.0,robust,
200/200/150/150/100/100/50/50,0.9,30.0,3.0,0.05,16,True,1.0,0.0,0.5,,0.2,12.0,steady,p2c,7,24123,47.76452720727882,28.555180188210016,280.75305795378176,389.6426984574687,4.042614931807818,13.0,1.5080562391488788,0.0,robust,
200/200/150/150/100/100/50/50,0.9,30.0,3.0,0.05,16,True,1.0,0.0,0.5,,0.2,12.0,steady,p2c,8,24435,48.13638797397076,30.474735063314995,267.74356373685777,382.6348808032834,4.205524861878453,13.0,1.3590697250136297,0.0,robust,
200/200/150/150/100/100/50/50,0.9,30.0,3.0,0.05,16,True,1.0,0.0,0.5,,0.2,12.0,steady,p2c,9,24387,52.77694140811952,33.57241456880988,299.5092913206026,475.23035550176894,4.658752614097675,14.0,1.5110571695901325,0.0,robust,
200/200/150/150/100/100/50/50,0.9,30.0,3.0,0.05,16,True,1.0,0.0,0.5,,0.2,12.0,steady,p2c_learned,0,24557,39.01414745607609,31.92751701124763,147.1120340821496,217.3666516988291,4.378181373946329,14.0,1.3987500167812341,0.0,robust,
200/200/150/150/100/100/50/50,0.9,30.0,3.0,0.05,16,True,1.0,0.0,0.5,,0.2,12.0,steady,p2c_learned,1,24312,34.885871327905264,27.48508659096416,127.2108085682048,187.22403927181384,3.8381869035867062,14.0,1.257710292120533,0.0,robust,
200/200/150/150/100/100/50/50,0.9,30.0,3.0,0.05,16,True,1.0,0.0,0.5,,0.2,12.0,steady,p2c_learned,2,24431,38.4486207027506,29.929531856357272,151.51263496471694,235.56742290526714,4.316319430232082,16.0,1.3518261729672334,0.0,robust,
200/200/150/150/100/100/50/50,0.9,30.0,3.0,0.05,16,True,1.0,0.0,0.5,,0.2,12.0,steady,p2c_learned,3,24221,37.475635296145626,29.404175947474798,149.38134315840128,219.79297422679028,4.125676066223525,15.0,1.2547867936864374,0.0,robust,
200/200/150/150/100/100/50/50,0.9,30.0,3.0,0.05,16,True,1.0,0.0,0.5,,0.2,12.0,steady,p2c_learned,4,24358,38.45964588088299,31.107755974142393,147.59110062529433,208.73485094153418,4.211798998275721,14.0,1.2840633585820336,0.0,robust,
200/200/150/150/100/100/50/50,0.9,30.0,3.0,0.05,16,True,1.0,0.0,0.5,,0.2,12.0,steady,p2c_learned,5,24518,38.66639436058584,31.442303281933313,142.13422399157508,219.02763814027566,4.3114038665470265,14.0,1.3680551625749808,0.0,robust,
200/200/150/150/100/100/50/50,0.9,30.0,3.0,0.05,16,True,1.0,0.0,0.5,,0.2,12.0,steady,p2c_learned,6,24384,36.30069860954153,30.164225763218422,134.65941220450398,193.91696023496752,4.046136811023622,13.0,1.3070358933759705,0.0,robust,
200/200/150/150/100/100/50/50,0.9,30.0,3.0,0.05,16,True,1.0,0.0,0.5,,0.2,12.0,steady,p2c_learned,7,24123,34.4990012047577,27.33147450981832,133.54910708512458,201.97272532740493,3.790656220204784,13.0,1.3118923409610148,0.0,robust,
200/200/150/150/100/100/50/50,0.9,30.0,3.0,0.05,16,True,1.0,0.0,0.5,,0.2,12.0,steady,p2c_learned,8,24435,35.45668302726177,28.558039610178554,133.49097615455884,207.5928612416591,3.9498260691630858,14.0,1.2360736796878231,0.0,robust,
200/200/150/150/100/100/50/50,0.9,30.0,3.0,0.05,16,True,1.0,0.0,0.5,,0.2,12.0,steady,p2c_learned,9,24387,37.971141322366606,30.187423426287108,142.67808472733893,234.3251633679828,4.1921105507032435,15.0,1.3560446927042227,0.0,robust,
200/200/150/150/100/100/50/50,0.9,30.0,3.0,0.05,16,True,1.0,0.0,0.5,,0.2,12.0,steady,p2c_learned+lc,0,24557,38.791846535977136,31.904208268557,141.90121719052686,212.460752626371,4.331555157388932,14.0,1.3019367503547679,0.0,robust,
200/200/150/150/100/100/50/50,0.9,30.0,3.0,0.05,16,True,1.0,0.0,0.5,,0.2,12.0,steady,p2c_learned+lc,1,24312,34.65078126320309,27.317152723604465,127.1186307549223,201.7894305140939,3.8304952286936493,14.0,1.2292399626874326,0.0,robust,
200/200/150/150/100/100/50/50,0.9,30.0,3.0,0.05,16,True,1.0,0.0,0.5,,0.2,12.0,steady,p2c_learned+lc,2,24431,38.076561612431796,29.42337024042274,145.05731930226074,200.9972073169105,4.265891694977692,15.0,1.3404244320106127,0.0,robust,
200/200/150/150/100/100/50/50,0.9,30.0,3.0,0.05,16,True,1.0,0.0,0.5,,0.2,12.0,steady,p2c_learned+lc,3,24221,36.13581771582487,28.46241128252558,139.5222336876045,218.58269093319666,3.9574336319722554,14.0,1.2411410296388112,0.0,robust,
200/200/150/150/100/100/50/50,0.9,30.0,3.0,0.05,16,True,1.0,0.0,0.5,,0.2,12.0,steady,p2c_learned+lc,4,24358,38.13646107921528,31.273203606663635,142.50854305778873,211.2211268149397,4.186591674193283,14.0,1.2036152403199196,0.0,robust,
200/200/150/150/100/100/50/50,0.9,30.0,3.0,0.05,16,True,1.0,0.0,0.5,,0.2,12.0,steady,p2c_learned+lc,5,24518,38.06366716981402,31.180598899269718,136.47178878333898,193.88931270977815,4.258340810832857,14.0,1.290943974874491,0.0,robust,
200/200/150/150/100/100/50/50,0.9,30.0,3.0,0.05,16,True,1.0,0.0,0.5,,0.2,12.0,steady,p2c_learned+lc,6,24384,36.31704614482661,29.751486677904282,133.62967634345975,186.01984138685316,4.002788713910761,13.0,1.2358551479615911,0.0,robust,
200/200/150/150/100/100/50/50,0.9,30.0,3.0,0.05,16,True,1.0,0.0,0.5,,0.2,12.0,steady,p2c_learned+lc,7,24123,33.45110584015105,26.518759535433034,135.02035948030374,185.0129771697882,3.644695933341624,13.0,1.2713489799624684,0.0,robust,
200/200/150/150/100/100/50/50,0.9,30.0,3.0,0.05,16,True,1.0,0.0,0.5,,0.2,12.0,steady,p2c_learned+lc,8,24435,34.628026473055876,27.844939516992184,127.2646611352271,173.45510385337465,3.8190300798035604,14.0,1.2166192053364644,0.0,robust,
200/200/150/150/100/100/50/50,0.9,30.0,3.0,0.05,16,True,1.0,0.0,0.5,,0.2,12.0,steady,p2c_learned+lc,9,24387,37.69153332877756,30.19576602507712,141.478925024685,222.8424661555336,4.192233567064419,16.0,1.3094715501864145,0.0,robust,
200/200/150/150/100/100/50/50,0.9,30.0,3.0,0.05,16,True,1.0,0.0,0.5,,0.2,12.0,steady,p2c_learned_probe,0,24557,30.856080955629423,24.991559888338344,114.91128709174166,168.86466510017001,3.1133281752657083,11.0,0.8479709571023736,2.0,robust,
200/200/150/150/100/100/50/50,0.9,30.0,3.0,0.05,16,True,1.0,0.0,0.5,,0.2,12.0,steady,p2c_learned_probe,1,24312,27.387844342331903,21.68910175145422,102.2580528739405,160.87838480703044,2.694800921355709,10.0,0.8239287197403186,2.0,robust,
200/200/150/150/100/100/50/50,0.9,30.0,3.0,0.05,16,True,1.0,0.0,0.5,,0.2,12.0,steady,p2c_learned_probe,2,24431,30.83830422434424,23.798972607725233,124.05342602830567,191.38183441970148,3.1191928287831034,12.0,0.8698551747587587,2.0,robust,
200/200/150/150/100/100/50/50,0.9,30.0,3.0,0.05,16,True,1.0,0.0,0.5,,0.2,12.0,steady,p2c_learned_probe,3,24221,29.445775538765265,23.16612392548123,119.25831776959572,190.9508288640543,2.8985178151191113,11.0,0.8693036883436711,2.0,robust,
200/200/150/150/100/100/50/50,0.9,30.0,3.0,0.05,16,True,1.0,0.0,0.5,,0.2,12.0,steady,p2c_learned_probe,4,24358,30.25005404334644,24.381103468034127,115.2132485130598,171.00742988403752,3.0114130881024717,10.0,0.8496425751534611,2.0,robust,
200/200/150/150/100/100/50/50,0.9,30.0,3.0,0.05,16,True,1.0,0.0,0.5,,0.2,12.0,steady,p2c_learned_probe,5,24518,30.580804316464953,24.803947500319445,108.98300944805038,165.4776337106259,3.0921771759523615,11.0,0.8423023339996966,2.0,robust,
200/200/150/150/100/100/50/50,0.9,30.0,3.0,0.05,16,True,1.0,0.0,0.5,,0.2,12.0,steady,p2c_learned_probe,6,24384,29.736804590488916,24.2289316251334,109.21306635552402,164.11418988870096,2.9731791338582676,10.0,0.8458583053139861,2.0,robust,
200/200/150/150/100/100/50/50,0.9,30.0,3.0,0.05,16,True,1.0,0.0,0.5,,0.2,12.0,steady,p2c_learned_probe,7,24123,27.107928765263544,21.2077923331897,107.88936256272999,163.59125200786124,2.627450980392157,9.0,0.8549628061907021,2.0,robust,
200/200/150/150/100/100/50/50,0.9,30.0,3.0,0.05,16,True,1.0,0.0,0.5,,0.2,12.0,steady,p2c_learned_probe,8,24435,27.484378893930824,21.89553447123549,107.15435186310985,162.25527940033598,2.677429916103949,11.0,0.8491508795753915,2.0,robust,
200/200/150/150/100/100/50/50,0.9,30.0,3.0,0.05,16,True,1.0,0.0,0.5,,0.2,12.0,steady,p2c_learned_probe,9,24387,30.44211449869028,23.916510939866242,118.73327424087189,181.74180084851926,3.054742280723336,13.0,0.8429130234273213,2.0,robust,
200/200/150/150/100/100/50/50,0.9,30.0,3.0,0.05,16,True,1.0,0.0,0.5,,0.2,12.0,steady,p3c_learned_probe,0,24557,24.279190590593107,19.676006819329572,89.12145514489792,124.86159998370437,2.4529462067842163,9.0,0.8836591884285638,3.0,robust,
200/200/150/150/100/100/50/50,0.9,30.0,3.0,0.05,16,True,1.0,0.0,0.5,,0.2,12.0,steady,p3c_learned_probe,1,24312,22.374726086783603,18.10910842032154,82.55279512512809,118.58085231161743,2.221989141164857,9.0,0.8156516097978574,3.0,robust,
200/200/150/150/100/100/50/50,0.9,30.0,3.0,0.05,16,True,1.0,0.0,0.5,,0.2,12.0,steady,p3c_learned_probe,2,24431,23.21328471588703,18.896141977979397,84.10736785413829,125.06962459887521,2.3572510335229833,9.0,0.8571905042766572,3.0,robust,
200/200/150/150/100/100/50/50,0.9,30.0,3.0,0.05,16,True,1.0,0.0,0.5,,0.2,12.0,steady,p3c_learned_probe,3,24221,21.80732781671462,17.80893065714828,77.78623111681134,122.53339874949093,2.0931010280335247,7.0,0.8240302189687141,3.0,robust,
200/200/150/150/100/100/50/50,0.9,30.0,3.0,0.05,16,True,1.0,0.0,0.5,,0.2,12.0,steady,p3c_learned_probe,4,24358,23.480350671427235,19.29587251603415,83.330109786377,124.33815373909022,2.3492897610641266,9.0,0.8458828348084405,3.0,robust,
200/200/150/150/100/100/50/50,0.9,30.0,3.0,0.05,16,True,1.0,0.0,0.5,,0.2,12.0,steady,p3c_learned_probe,5,24518,24.142832730608635,19.769453386720315,87.81300990272334,134.8580901059963,2.4370258585529,9.0,0.8816444009368718,3.0,robust,
200/200/150/150/100/100/50/50,0.9,30.0,3.0,0.05,16,True,1.0,0.0,0.5,,0.2,12.0,steady,p3c_learned_probe,6,24384,23.366470641799516,19.163696866446145,85.15560981230097,131.5761393543386,2.360482283464567,9.0,0.8722290728492648,3.0,robust,
200/200/150/150/100/100/50/50,0.9,30.0,3.0,0.05,16,True,1.0,0.0,0.5,,0.2,12.0,steady,p3c_learned_probe,7,24123,21.162840258045783,17.21716836384335,76.03038687952876,120.24439647980094,2.0544293827467563,8.0,0.8157594468526406,3.0,robust,
200/200/150/150/100/100/50/50,0.9,30.0,3.0,0.05,16,True,1.0,0.0,0.5,,0.2,12.0,steady,p3c_learned_probe,8,24435,21.867757897502692,17.654655469662828,80.23691636980843,113.66968276694027,2.1418457131164312,10.0,0.8270891580022989,3.0,robust,
200/200/150/150/100/100/50/50,0.9,30.0,3.0,0.05,16,True,1.0,0.0,0.5,,0.2,12.0,steady,p3c_learned_probe,9,24387,24.765263683193716,19.507740181987643,100.86223243045688,148.4121539272136,2.563250912371345,13.0,0.8607499744446097,3.0,robust,
200/200/150/150/100/100/50/50,0.9,30.0,3.0,0.05,16,True,1.0,0.0,0.5,,0.2,12.0,steady,p3c_probe,0,24557,28.195784299108112,18.743294763304164,158.7919462526349,238.97698822624835,2.134910616117604,7.0,0.8327490394935686,3.0,robust,
200/200/150/150/100/100/50/50,0.9,30.0,3.0,0.05,16,True,1.0,0.0,0.5,,0.2,12.0,steady,p3c_probe,1,24312,25.05543444459224,16.67057272731043,140.47985117777083,210.09875608413833,1.8035949325435998,6.0,0.8292340394930754,3.0,robust,
200/200/150/150/100/100/50/50,0.9,30.0,3.0,0.05,16,True,1.0,0.0,0.5,,0.2,12.0,steady,p3c_probe,2,24431,26.23546039186716,17.246743076022142,145.4770846421458,234.55135683216758,1.938029552617576,6.0,0.8436197273283295,3.0,robust,
200/200/150/150/100/100/50/50,0.9,30.0,3.0,0.05,16,True,1.0,0.0,0.5,,0.2,12.0,steady,p3c_probe,3,24221,25.354734174566172,17.137246927706684,132.0800758011133,196.99093676396345,1.825399446761075,5.0,0.849459095185843,3.0,robust,
200/200/150/150/100/100/50/50,0.9,30.0,3.0,0.05,16,True,1.0,0.0,0.5,,0.2,12.0,steady,p3c_probe,4,24358,27.01278067520369,17.729621792566874,153.0483164569984,224.62978997260137,1.997249363658757,7.0,0.8533040650719288,3.0,robust,
200/200/150/150/100/100/50/50,0.9,30.0,3.0,0.05,16,True,1.0,0.0,0.5,,0.2,12.0,steady,p3c_probe,5,24518,27.553004367560007,18.589062464936745,149.3538575132805,242.79503743850597,2.0893629170405417,7.0,0.8480052605015004,3.0,robust,
200/200/150/150/100/100/50/50,0.9,30.0,3.0,0.05,16,True,1.0,0.0,0.5,,0.2,12.0,steady,p3c_probe,6,24384,26.51578958386565,17.88373255341469,149.49168054798352,250.6032738436379,1.9440206692913387,6.0,0.8556095186804226,3.0,robust,
200/200/150/150/100/100/50/50,0.9,30.0,3.0,0.05,16,True,1.0,0.0,0.5,,0.2,12.0,steady,p3c_probe,7,24123,24.051833292265872,15.722998373561836,136.70625745137315,211.2739777499892,1.6892177589852009,6.0,0.7932666190605786,3.0,robust,
200/200/150/150/100/100/50/50,0.9,30.0,3.0,0.05,16,True,1.0,0.0,0.5,,0.2,12.0,steady,p3c_probe,8,24435,25.097598546376094,16.49225211680516,144.13904388282748,237.44320840567858,1.817597708205443,8.0,0.8483291019969003,3.0,robust,
200/200/150/150/100/100/50/50,0.9,30.0,3.0,0.05,16,True,1.0,0.0,0.5,,0.2,12.0,steady,p3c_probe,9,24387,27.822696892305313,18.02090336229689,155.91891250943232,262.06642008996374,2.0791405256899167,10.0,0.8505476787079974,3.0,robust,
200/200/150/150/100/100/50/50,0.9,30.0,3.0,0.05,16,True,1.0,0.0,0.5,,0.2,12.0,steady,prequal,0,24557,33.72000579201909,26.422283414495595,133.1008944754324,243.61893826886072,3.6383108685914403,13.0,1.8726951381984658,3.0,robust,
200/200/150/150/100/100/50/50,0.9,30.0,3.0,0.05,16,True,1.0,0.0,0.5,,0.2,12.0,steady,prequal,1,24312,30.658661853937588,23.975969631052862,126.3313085605553,176.7056850853267,3.294175715695953,12.0,1.8168043638063245,3.0,robust,
200/200/150/150/100/100/50/50,0.9,30.0,3.0,0.05,16,True,1.0,0.0,0.5,,0.2,12.0,steady,prequal,2,24431,31.890677549447904,24.718931385245835,126.78693057446613,195.163314620065,3.466333756293234,12.0,1.9046461314197478,3.0,robust,
200/200/150/150/100/100/50/50,0.9,30.0,3.0,0.05,16,True,1.0,0.0,0.5,,0.2,12.0,steady,prequal,3,24221,31.044226958957317,24.61676813166047,127.42205837424544,236.5396581129876,3.2784360678749844,11.0,1.8259399457909993,3.0,robust,
200/200/150/150/100/100/50/50,0.9,30.0,3.0,0.05,16,True,1.0,0.0,0.5,,0.2,12.0,steady,prequal,4,24358,32.264768934345,26.28808441076025,126.54522763026547,197.37163474383445,3.511207816733722,12.0,1.8369139928856153,3.0,robust,
200/200/150/150/100/100/50/50,0.9,30.0,3.0,0.05,16,True,1.0,0.0,0.5,,0.2,12.0,steady,prequal,5,24518,32.78550931943266,26.482599311943744,130.17028031343085,210.35703157651616,3.589158985235337,12.0,1.8221653306241872,3.0,robust,
200/200/150/150/100/100/50/50,0.9,30.0,3.0,0.05,16,True,1.0,0.0,0.5,,0.2,12.0,steady,prequal,6,24384,32.47902789367905,26.186680452926936,122.41342050053986,196.3129845625573,3.487942913385827,12.0,1.8383476521642192,3.0,robust,
200/200/150/150/100/100/50/50,0.9,30.0,3.0,0.05,16,True,1.0,0.0,0.5,,0.2,12.0,steady,prequal,7,24123,29.186370180659658,22.91282968109165,121.68312958615692,190.0790945808179,3.065870745761307,10.0,1.7689297225524128,3.0,robust,
200/200/150/150/100/100/50/50,0.9,30.0,3.0,0.05,16,True,1.0,0.0,0.5,,0.2,12.0,steady,prequal,8,24435,30.62987339977495,24.09659707885936,121.73509977243269,190.76231431959704,3.3043994270513606,13.0,1.7876403895780117,3.0,robust,
200/200/150/150/100/100/50/50,0.9,30.0,3.0,0.05,16,True,1.0,0.0,0.5,,0.2,12.0,steady,prequal,9,24387,33.52913871208145,26.047219899670182,142.60292303556133,221.1720164146676,3.6120474023045066,15.0,1.8859622605752129,3.0,robust,
200/200/150/150/100/100/50/50,0.9,30.0,3.0,0.05,16,True,1.0,0.0,0.5,,0.2,12.0,steady,sed3_probe,0,24557,23.74608221941257,19.42228539921409,86.60170226667243,120.00041228364185,2.3836380665390724,9.0,0.8504056176319723,3.0,robust,
200/200/150/150/100/100/50/50,0.9,30.0,3.0,0.05,16,True,1.0,0.0,0.5,,0.2,12.0,steady,sed3_probe,1,24312,21.69141647679124,17.285099014455074,81.10300491573263,112.09011390996866,2.1030766699572228,9.0,0.8443855526561044,3.0,robust,
200/200/150/150/100/100/50/50,0.9,30.0,3.0,0.05,16,True,1.0,0.0,0.5,,0.2,12.0,steady,sed3_probe,2,24431,22.199823088625656,17.67196647245939,82.97071867421818,132.40710005027188,2.1687200687650936,9.0,0.8636691995429814,3.0,robust,
200/200/150/150/100/100/50/50,0.9,30.0,3.0,0.05,16,True,1.0,0.0,0.5,,0.2,12.0,steady,sed3_probe,3,24221,21.393951152599595,17.533573378525347,75.96559724080615,109.09350013309621,2.0472730275380866,7.0,0.8427278659313031,3.0,robust,
200/200/150/150/100/100/50/50,0.9,30.0,3.0,0.05,16,True,1.0,0.0,0.5,,0.2,12.0,steady,sed3_probe,4,24358,22.651136022673168,18.503123442421554,83.27786407789685,120.91486630570206,2.2238279004844403,8.0,0.8580361674897661,3.0,robust,
200/200/150/150/100/100/50/50,0.9,30.0,3.0,0.05,16,True,1.0,0.0,0.5,,0.2,12.0,steady,sed3_probe,5,24518,23.490576993828594,19.41387640644443,83.49517072650633,122.51992195560028,2.352965168447671,9.0,0.8528698080709596,3.0,robust,
200/200/150/150/100/100/50/50,0.9,30.0,3.0,0.05,16,True,1.0,0.0,0.5,,0.2,12.0,steady,sed3_probe,6,24384,22.915529209628982,18.71937230888676,85.32447300847133,127.74448133757292,2.239665354330709,9.0,0.8457893433398238,3.0,robust,
200/200/150/150/100/100/50/50,0.9,30.0,3.0,0.05,16,True,1.0,0.0,0.5,,0.2,12.0,steady,sed3_probe,7,24123,20.515408526937907,16.55776942202536,74.81970810062164,120.50825524340289,1.9295278365045807,8.0,0.833062311755252,3.0,robust,
200/200/150/150/100/100/50/50,0.9,30.0,3.0,0.05,16,True,1.0,0.0,0.5,,0.2,12.0,steady,sed3_probe,8,24435,21.0102188545768,16.869469657326164,78.15757319783528,123.54091631226981,2.0274196848782484,9.0,0.8040965799257035,3.0,robust,
200/200/150/150/100/100/50/50,0.9,30.0,3.0,0.05,16,True,1.0,0.0,0.5,,0.2,12.0,steady,sed3_probe,9,24387,23.899910180214427,18.682880774621324,100.68587176525322,152.0764865236612,2.3976708902284005,13.0,0.8151216951548705,3.0,robust,
200/200/150/150/100/100/50/50,0.9,30.0,3.0,0.05,16,True,1.0,0.0,0.5,,0.2,12.0,steady,ts,0,24557,46.42132065641882,39.40121483238457,153.22124471398112,233.3917159856248,6.110844158488415,20.0,4.087647240404919,0.0,robust,
200/200/150/150/100/100/50/50,0.9,30.0,3.0,0.05,16,True,1.0,0.0,0.5,,0.2,12.0,steady,ts,1,24312,44.73235810959662,37.34232658846537,158.35644176994833,243.59362058167693,5.902105955906548,20.0,3.781738300562126,0.0,robust,
200/200/150/150/100/100/50/50,0.9,30.0,3.0,0.05,16,True,1.0,0.0,0.5,,0.2,12.0,steady,ts,2,24431,58.38111101913679,51.40906922735056,180.05128452414232,237.0804222575338,8.251442839016004,25.0,4.493285617748629,0.0,robust,
200/200/150/150/100/100/50/50,0.9,30.0,3.0,0.05,16,True,1.0,0.0,0.5,,0.2,12.0,steady,ts,3,24221,44.3407972064143,37.545635027246504,154.08380799117177,224.6504077644579,5.822798398084307,20.0,3.6846960102157302,0.0,robust,
200/200/150/150/100/100/50/50,0.9,30.0,3.0,0.05,16,True,1.0,0.0,0.5,,0.2,12.0,steady,ts,4,24358,50.83314184648307,41.65946263271092,186.15487815741199,260.4250808543262,6.733352491994417,26.0,3.707937177012491,0.0,robust,
200/200/150/150/100/100/50/50,0.9,30.0,3.0,0.05,16,True,1.0,0.0,0.5,,0.2,12.0,steady,ts,5,24518,46.67940342060086,39.40856769155809,163.27090555662616,231.34017003887357,6.062403132392528,20.0,3.993066437145654,0.0,robust,
200/200/150/150/100/100/50/50,0.9,30.0,3.0,0.05,16,True,1.0,0.0,0.5,,0.2,12.0,steady,ts,6,24384,47.53478064222101,41.103420102658106,157.79277519325348,219.4758367127934,6.276369750656168,21.0,4.113202668401366,0.0,robust,
200/200/150/150/100/100/50/50,0.9,30.0,3.0,0.05,16,True,1.0,0.0,0.5,,0.2,12.0,steady,ts,7,24123,41.30193698483516,34.99100850096859,138.46320272030204,196.57654403455467,5.4891597230858515,18.0,4.0916033616774365,0.0,robust,
200/200/150/150/100/100/50/50,0.9,30.0,3.0,0.05,16,True,1.0,0.0,0.5,,0.2,12.0,steady,ts,8,24435,43.91634928816351,37.14849377269758,145.01831769597004,199.44851182264784,5.936525475751995,20.0,3.4109864953468034,0.0,robust,
200/200/150/150/100/100/50/50,0.9,30.0,3.0,0.05,16,True,1.0,0.0,0.5,,0.2,12.0,steady,ts,9,24387,48.78840090433518,41.61877574548889,168.32116669654195,256.62607285114075,6.405256899167589,22.0,4.318670712676896,0.0,robust,
200/200/150/150/100/100/50/50,0.9,30.0,3.0,0.05,16,True,1.0,0.0,0.5,,0.2,12.0,steady,ts+lc,0,24557,38.61178312382346,32.649525521890155,131.97804084632367,188.40172326172336,4.863379077248849,17.0,3.361970661880616,0.0,robust,
200/200/150/150/100/100/50/50,0.9,30.0,3.0,0.05,16,True,1.0,0.0,0.5,,0.2,12.0,steady,ts+lc,1,24312,35.16567177922818,28.685859278734682,125.55128729790023,181.56576843588982,4.439659427443238,17.0,2.494931800149091,0.0,robust,
200/200/150/150/100/100/50/50,0.9,30.0,3.0,0.05,16,True,1.0,0.0,0.5,,0.2,12.0,steady,ts+lc,2,24431,37.88424210404793,31.42142348249166,130.6520547438162,182.78821168743755,4.883508657034096,18.0,3.139799464433229,0.0,robust,
200/200/150/150/100/100/50/50,0.9,30.0,3.0,0.05,16,True,1.0,0.0,0.5,,0.2,12.0,steady,ts+lc,3,24221,38.14433506775016,32.13681945126723,134.85930507811787,180.34033924660332,4.988068205276413,18.0,2.883478567074942,0.0,robust,
200/200/150/150/100/100/50/50,0.9,30.0,3.0,0.05,16,True,1.0,0.0,0.5,,0.2,12.0,steady,ts+lc,4,24358,39.22832058532223,33.08649441082068,131.13621953159242,190.84784820238158,5.042696444699893,18.0,2.481746296079256,0.0,robust,
200/200/150/150/100/100/50/50,0.9,30.0,3.0,0.05,16,True,1.0,0.0,0.5,,0.2,12.0,steady,ts+lc,5,24518,38.07871902262049,31.979816849010856,125.47622583601586,208.58547413572268,4.858838404437556,18.0,2.8484596976373986,0.0,robust,
200/200/150/150/100/100/50/50,0.9,30.0,3.0,0.05,16,True,1.0,0.0,0.5,,0.2,12.0,steady,ts+lc,6,24384,38.05693588654529,32.06385449975713,126.71176657826906,178.7680902931365,4.8233267716535435,17.0,2.759696174463809,0.0,robust,
200/200/150/150/100/100/50/50,0.9,30.0,3.0,0.05,16,True,1.0,0.0,0.5,,0.2,12.0,steady,ts+lc,7,24123,34.22708713164294,28.316292885104843,117.30120453320505,171.60829234701734,4.389876880984952,17.0,2.929001917532184,0.0,robust,
200/200/150/150/100/100/50/50,0.9,30.0,3.0,0.05,16,True,1.0,0.0,0.5,,0.2,12.0,steady,ts+lc,8,24435,36.00002543950723,30.32009324272522,124.13607289471172,157.73788646943495,4.640597503580929,18.0,2.407285953840904,0.0,robust,
200/200/150/150/100/100/50/50,0.9,30.0,3.0,0.05,16,True,1.0,0.0,0.5,,0.2,12.0,steady,ts+lc,9,24387,39.79453959653726,33.00978980114877,141.5197122730474,191.44137443537025,4.991593881986304,18.0,3.022744929505114,0.0,robust,
200/200/150/150/100/100/50/50,0.9,30.0,3.0,0.05,16,True,2.0,0.0,0.5,,0.2,12.0,steady,greedy,0,24557,131.37090330035835,56.61646749451066,848.7659968476497,4387.712516403834,15.617624302642831,89.0,4.962936012279382,0.0,robust,
200/200/150/150/100/100/50/50,0.9,30.0,3.0,0.05,16,True,2.0,0.0,0.5,,0.2,12.0,steady,greedy,1,24312,83.00069375970071,47.110388989537455,396.3640564518409,4496.248438771004,8.847071405067457,30.0,4.571790104296509,0.0,robust,
200/200/150/150/100/100/50/50,0.9,30.0,3.0,0.05,16,True,2.0,0.0,0.5,,0.2,12.0,steady,greedy,2,24431,149.7355638188935,41.15178354606286,5248.353268603474,8220.43737341151,11.965412795219189,308.0,4.887098520162175,0.0,robust,
200/200/150/150/100/100/50/50,0.9,30.0,3.0,0.05,16,True,2.0,0.0,0.5,,0.2,12.0,steady,greedy,3,24221,70.96583930081184,43.7572623151965,301.2072130810219,5689.2794575226835,7.832376863052723,28.0,4.408079926879418,0.0,robust,
200/200/150/150/100/100/50/50,0.9,30.0,3.0,0.05,16,True,2.0,0.0,0.5,,0.2,12.0,steady,greedy,4,24358,57.80269478081391,40.928753944018624,321.6887571189596,815.8671195871426,6.928401346580179,25.0,3.676323689805312,0.0,robust,
200/200/150/150/100/100/50/50,0.9,30.0,3.0,0.05,16,True,2.0,0.0,0.5,,0.2,12.0,steady,greedy,5,24518,64.65587081195238,40.78933217936509,272.20618893420675,3524.8532905323455,7.132188596133453,24.0,4.850012954026227,0.0,robust,
200/200/150/150/100/100/50/50,0.9,30.0,3.0,0.05,16,True,2.0,0.0,0.5,,0.2,12.0,steady,greedy,6,24384,183.87053901086355,47.552423084415096,9268.936435912383,11332.013891414126,12.765337926509186,423.16999999999825,4.64074384672822,0.0,robust,
200/200/150/150/100/100/50/50,0.9,30.0,3.0,0.05,16,True,2.0,0.0,0.5,,0.2,12.0,steady,greedy,7,24123,113.82238280261373,38.02978495265563,1021.0745579108446,6567.231559196053,9.510135555279193,60.0,5.145640519968957,0.0,robust,
200/200/150/150/100/100/50/50,0.9,30.0,3.0,0.05,16,True,2.0,0.0,0.5,,0.2,12.0,steady,greedy,8,24435,149.723628455684,50.27320639465316,5414.572024972883,7694.015841174242,12.616369961121343,315.0,4.4631390901070915,0.0,robust,
200/200/150/150/100/100/50/50,0.9,30.0,3.0,0.05,16,True,2.0,0.0,0.5,,0.2,12.0,steady,greedy,9,24387,90.77016619437877,57.910073540558216,409.018027745911,6660.914714821432,9.862672735473819,32.0,5.537464451344542,0.0,robust,
200/200/150/150/100/100/50/50,0.9,30.0,3.0,0.05,16,True,2.0,0.0,0.5,,0.2,12.0,steady,jsq,0,24557,83.88745907091283,45.367886170872396,533.6192763570052,1601.0832031171478,8.058598362992223,34.0,6.996932444245394,0.0,robust,
200/200/150/150/100/100/50/50,0.9,30.0,3.0,0.05,16,True,2.0,0.0,0.5,,0.2,12.0,steady,jsq,1,24312,60.37323253626573,34.582656906180006,384.0934206552511,765.0020471371067,5.53381046396841,22.0,5.418803045773517,0.0,robust,
200/200/150/150/100/100/50/50,0.9,30.0,3.0,0.05,16,True,2.0,0.0,0.5,,0.2,12.0,steady,jsq,2,24431,60.26983117895584,34.043457314847814,408.4105444922569,831.1853237404703,5.501657729933282,22.0,6.056012864581339,0.0,robust,
200/200/150/150/100/100/50/50,0.9,30.0,3.0,0.05,16,True,2.0,0.0,0.5,,0.2,12.0,steady,jsq,3,24221,62.30074205047219,34.61829424276175,425.7180828097778,745.1200648360388,5.864869328268858,23.0,6.0748090313797505,0.0,robust,
200/200/150/150/100/100/50/50,0.9,30.0,3.0,0.05,16,True,2.0,0.0,0.5,,0.2,12.0,steady,jsq,4,24358,62.90882692924419,36.446870742083526,405.6129084464739,744.3943202288228,5.9297150833401755,23.0,5.144364531184839,0.0,robust,
200/200/150/150/100/100/50/50,0.9,30.0,3.0,0.05,16,True,2.0,0.0,0.5,,0.2,12.0,steady,jsq,5,24518,61.28232253596782,35.6719736277622,394.3304038920486,819.0241484815366,5.706623705033037,22.0,5.614918762682169,0.0,robust,
200/200/150/150/100/100/50/50,0.9,30.0,3.0,0.05,16,True,2.0,0.0,0.5,,0.2,12.0,steady,jsq,6,24384,65.41095069649971,39.39996636486498,389.74185978261755,613.699344216903,6.1141732283464565,22.0,6.184820066542062,0.0,robust,
200/200/150/150/100/100/50/50,0.9,30.0,3.0,0.05,16,True,2.0,0.0,0.5,,0.2,12.0,steady,jsq,7,24123,56.382426721454394,32.397513569487835,367.6219759260346,616.1480589264447,5.2308585167682295,21.0,5.9380851227433675,0.0,robust,
200/200/150/150/100/100/50/50,0.9,30.0,3.0,0.05,16,True,2.0,0.0,0.5,,0.2,12.0,steady,jsq,8,24435,65.43380890236894,38.590532512827735,381.96853606750756,691.7652517763239,6.191078371188868,23.0,5.632244891244523,0.0,robust,
200/200/150/150/100/100/50/50,0.9,30.0,3.0,0.05,16,True,2.0,0.0,0.5,,0.2,12.0,steady,jsq,9,24387,85.36459972070121,52.544436128586725,538.3731309901868,1271.610944771671,7.931520892278673,28.0,7.141516263653017,0.0,robust,
200/200/150/150/100/100/50/50,0.9,30.0,3.0,0.05,16,True,2.0,0.0,0.5,,0.2,12.0,steady,p2c,0,24557,118.85116830157979,57.85246124273247,856.5460526520145,1497.5586440703973,10.541026998411859,47.0,1.8597442422125958,0.0,robust,
200/200/150/150/100/100/50/50,0.9,30.0,3.0,0.05,16,True,2.0,0.0,0.5,,0.2,12.0,steady,p2c,1,24312,78.16927948406412,39.8677839703101,530.187151074793,1022.0100585000085,6.368624547548536,23.0,1.7853970604103706,0.0,robust,
200/200/150/150/100/100/50/50,0.9,30.0,3.0,0.05,16,True,2.0,0.0,0.5,,0.2,12.0,steady,p2c,2,24431,70.47624278284098,37.427867810436055,488.6997311249287,888.9707479516946,5.719945970283656,19.0,1.7099658801490776,0.0,robust,
200/200/150/150/100/100/50/50,0.9,30.0,3.0,0.05,16,True,2.0,0.0,0.5,,0.2,12.0,steady,p2c,3,24221,76.74884020292511,38.9821880855159,534.9996932044519,848.2769894803665,6.114487428264729,21.0,1.7349124866789907,0.0,robust,
200/200/150/150/100/100/50/50,0.9,30.0,3.0,0.05,16,True,2.0,0.0,0.5,,0.2,12.0,steady,p2c,4,24358,74.85523486313377,40.93018630235012,501.46259621517214,1161.1130915180092,6.077592577387306,20.0,1.6878671825666207,0.0,robust,
200/200/150/150/100/100/50/50,0.9,30.0,3.0,0.05,16,True,2.0,0.0,0.5,,0.2,12.0,steady,p2c,5,24518,80.33881914191345,42.9177894572117,564.4565235339915,815.5433319180339,6.667264866628599,21.0,1.7439170094847398,0.0,robust,
200/200/150/150/100/100/50/50,0.9,30.0,3.0,0.05,16,True,2.0,0.0,0.5,,0.2,12.0,steady,p2c,6,24384,85.07860768256317,49.21361496026178,547.3699114907514,898.3814381056196,7.054051837270341,21.0,1.835216018271464,0.0,robust,
200/200/150/150/100/100/50/50,0.9,30.0,3.0,0.05,16,True,2.0,0.0,0.5,,0.2,12.0,steady,p2c,7,24123,69.52667538879206,36.1301376440295,492.73787075797804,782.1844886858818,5.534634995647307,20.0,1.789876070577525,0.0,robust,
200/200/150/150/100/100/50/50,0.9,30.0,3.0,0.05,16,True,2.0,0.0,0.5,,0.2,12.0,steady,p2c,8,24435,80.06695966026102,44.98261578693396,472.1906015304985,738.0874117418467,6.775936157151627,21.0,1.7127000971866857,0.0,robust,
200/200/150/150/100/100/50/50,0.9,30.0,3.0,0.05,16,True,2.0,0.0,0.5,,0.2,12.0,steady,p2c,9,24387,111.46206889509116,63.71115149073603,797.6070250391092,1785.681023295144,9.264444171074754,28.0,1.8673967698644172,0.0,robust,
200/200/150/150/100/100/50/50,0.9,30.0,3.0,0.05,16,True,2.0,0.0,0.5,,0.2,12.0,steady,p2c_learned,0,24557,86.0660006282267,48.286188880578784,532.6554457052663,983.7014836665029,9.066172578083641,47.0,1.621909494174201,0.0,robust,
200/200/150/150/100/100/50/50,0.9,30.0,3.0,0.05,16,True,2.0,0.0,0.5,,0.2,12.0,steady,p2c_learned,1,24312,62.358043025992096,37.7434500044167,362.5905489537635,747.5449868199395,6.180199078644291,28.0,1.5640722438687504,0.0,robust,
200/200/150/150/100/100/50/50,0.9,30.0,3.0,0.05,16,True,2.0,0.0,0.5,,0.2,12.0,steady,p2c_learned,2,24431,53.21876422518474,33.54247515422415,326.58741908149824,516.5615418457281,5.265236789325038,21.0,1.6331687057962485,0.0,robust,
200/200/150/150/100/100/50/50,0.9,30.0,3.0,0.05,16,True,2.0,0.0,0.5,,0.2,12.0,steady,p2c_learned,3,24221,52.37467221445395,33.52522213349651,273.01614355113355,458.55120170338785,5.110647784979976,21.0,1.5740485428820945,0.0,robust,
200/200/150/150/100/100/50/50,0.9,30.0,3.0,0.05,16,True,2.0,0.0,0.5,,0.2,12.0,steady,p2c_learned,4,24358,57.770066609421185,37.90941763941369,343.69360823612334,690.1741705543707,5.831143772066672,22.0,1.472936878497642,0.0,robust,
200/200/150/150/100/100/50/50,0.9,30.0,3.0,0.05,16,True,2.0,0.0,0.5,,0.2,12.0,steady,p2c_learned,5,24518,58.518923426652066,38.720520724968566,287.81795867053546,577.7575365557312,5.958805775348724,24.0,1.6488818808125933,0.0,robust,
200/200/150/150/100/100/50/50,0.9,30.0,3.0,0.05,16,True,2.0,0.0,0.5,,0.2,12.0,steady,p2c_learned,6,24384,64.15644097686989,44.5539119927405,321.4185120666258,585.8077653826941,6.470226377952756,23.0,1.6107383756033986,0.0,robust,
200/200/150/150/100/100/50/50,0.9,30.0,3.0,0.05,16,True,2.0,0.0,0.5,,0.2,12.0,steady,p2c_learned,7,24123,52.95593597182454,32.4595476257894,323.6699892179406,539.9581400219456,5.318409816357833,23.0,1.5442455775739719,0.0,robust,
200/200/150/150/100/100/50/50,0.9,30.0,3.0,0.05,16,True,2.0,0.0,0.5,,0.2,12.0,steady,p2c_learned,8,24435,60.00286275158423,41.19517300663933,318.4443807263691,582.9697747369892,6.196153059136485,23.0,1.4966865045784723,0.0,robust,
200/200/150/150/100/100/50/50,0.9,30.0,3.0,0.05,16,True,2.0,0.0,0.5,,0.2,12.0,steady,p2c_learned,9,24387,83.89950409415565,56.0253349799531,402.9988353129516,762.7256078143496,8.528109238528724,31.0,1.7573689122669587,0.0,robust,
200/200/150/150/100/100/50/50,0.9,30.0,3.0,0.05,16,True,2.0,0.0,0.5,,0.2,12.0,steady,p2c_learned+lc,0,24557,85.12259086075345,48.758596902438,460.47892643889736,1115.7470486458938,8.861261554750174,45.0,1.6492993914321628,0.0,robust,
200/200/150/150/100/100/50/50,0.9,30.0,3.0,0.05,16,True,2.0,0.0,0.5,,0.2,12.0,steady,p2c_learned+lc,1,24312,58.494543425999204,36.29021706516511,334.6912918188521,581.7940652469524,5.881786771964462,25.0,1.521883855446466,0.0,robust,
200/200/150/150/100/100/50/50,0.9,30.0,3.0,0.05,16,True,2.0,0.0,0.5,,0.2,12.0,steady,p2c_learned+lc,2,24431,52.50700074373898,33.036540391172764,319.9184979929786,466.9605358212336,5.173918382383038,20.0,1.5600658311804705,0.0,robust,
200/200/150/150/100/100/50/50,0.9,30.0,3.0,0.05,16,True,2.0,0.0,0.5,,0.2,12.0,steady,p2c_learned+lc,3,24221,51.83665626170405,33.59091528791058,289.21455901427873,476.33235885926587,5.1174600553238925,21.0,1.5305345183668373,0.0,robust,
200/200/150/150/100/100/50/50,0.9,30.0,3.0,0.05,16,True,2.0,0.0,0.5,,0.2,12.0,steady,p2c_learned+lc,4,24358,57.160239162542126,35.59369575333804,361.03043805469184,591.8810751925625,5.626159783233435,22.0,1.4559587830258391,0.0,robust,
200/200/150/150/100/100/50/50,0.9,30.0,3.0,0.05,16,True,2.0,0.0,0.5,,0.2,12.0,steady,p2c_learned+lc,5,24518,56.50561308519097,37.54164278072025,287.05262898655667,579.8908754910273,5.656619626396933,22.0,1.6709468496921291,0.0,robust,
200/200/150/150/100/100/50/50,0.9,30.0,3.0,0.05,16,True,2.0,0.0,0.5,,0.2,12.0,steady,p2c_learned+lc,6,24384,63.43751291492715,42.214978155423296,356.2709474871264,582.5257346307534,6.314140419947506,24.0,1.6114629312889983,0.0,robust,
200/200/150/150/100/100/50/50,0.9,30.0,3.0,0.05,16,True,2.0,0.0,0.5,,0.2,12.0,steady,p2c_learned+lc,7,24123,52.02558451408795,31.934764909042457,301.23298100364923,452.49770409729445,5.1570285619533225,23.0,1.5263618102132896,0.0,robust,
200/200/150/150/100/100/50/50,0.9,30.0,3.0,0.05,16,True,2.0,0.0,0.5,,0.2,12.0,steady,p2c_learned+lc,8,24435,60.15105055463062,42.33335115841186,322.2597666531116,517.3498980090013,6.314057704112953,23.0,1.47854455943704,0.0,robust,
200/200/150/150/100/100/50/50,0.9,30.0,3.0,0.05,16,True,2.0,0.0,0.5,,0.2,12.0,steady,p2c_learned+lc,9,24387,86.2656120558919,57.82729395730968,413.34576723751053,690.8610428223915,8.781645958912536,32.0,1.768720883697494,0.0,robust,
200/200/150/150/100/100/50/50,0.9,30.0,3.0,0.05,16,True,2.0,0.0,0.5,,0.2,12.0,steady,p2c_learned_probe,0,24557,74.95002505456257,40.24099343360632,512.0040631455128,1210.9769745592384,7.554750173066743,43.0,1.3602357892652677,2.0,robust,
200/200/150/150/100/100/50/50,0.9,30.0,3.0,0.05,16,True,2.0,0.0,0.5,,0.2,12.0,steady,p2c_learned_probe,1,24312,50.87545537985477,30.029249939983238,316.25182588527457,508.9154853321655,4.755881869035867,22.0,1.307605355377427,2.0,robust,
200/200/150/150/100/100/50/50,0.9,30.0,3.0,0.05,16,True,2.0,0.0,0.5,,0.2,12.0,steady,p2c_learned_probe,2,24431,44.184829515080374,26.850949149661574,282.31639370229425,441.2672224272098,4.0407269452744465,18.0,1.2859701849264524,2.0,robust,
200/200/150/150/100/100/50/50,0.9,30.0,3.0,0.05,16,True,2.0,0.0,0.5,,0.2,12.0,steady,p2c_learned_probe,3,24221,44.28990464051017,27.937513754931587,257.1391154143974,450.09981155588446,4.095124065893233,18.0,1.1942459496427271,2.0,robust,
200/200/150/150/100/100/50/50,0.9,30.0,3.0,0.05,16,True,2.0,0.0,0.5,,0.2,12.0,steady,p2c_learned_probe,4,24358,49.5614621253048,29.687993641752897,309.2865398865935,577.4087553629781,4.620822727645948,20.0,1.2655652230398797,2.0,robust,
200/200/150/150/100/100/50/50,0.9,30.0,3.0,0.05,16,True,2.0,0.0,0.5,,0.2,12.0,steady,p2c_learned_probe,5,24518,47.48672898981814,30.237339064061786,259.31357840551715,518.1039399021707,4.477893792315849,17.0,1.3589093184246372,2.0,robust,
200/200/150/150/100/100/50/50,0.9,30.0,3.0,0.05,16,True,2.0,0.0,0.5,,0.2,12.0,steady,p2c_learned_probe,6,24384,54.28347937208275,35.18947147674645,287.2332791964576,464.7189623893531,5.2079232283464565,21.0,1.320851911348876,2.0,robust,
200/200/150/150/100/100/50/50,0.9,30.0,3.0,0.05,16,True,2.0,0.0,0.5,,0.2,12.0,steady,p2c_learned_probe,7,24123,44.72917293650911,26.59077186879344,267.4296052279487,483.43916519200815,4.088214567010737,18.0,1.2501021710248073,2.0,robust,
200/200/150/150/100/100/50/50,0.9,30.0,3.0,0.05,16,True,2.0,0.0,0.5,,0.2,12.0,steady,p2c_learned_probe,8,24435,50.34383338959098,33.03849793202929,288.6866353494799,470.8914717988126,4.805811336198077,18.0,1.2836370745708048,2.0,robust,
200/200/150/150/100/100/50/50,0.9,30.0,3.0,0.05,16,True,2.0,0.0,0.5,,0.2,12.0,steady,p2c_learned_probe,9,24387,77.14785392295268,49.90053093443336,390.520618574376,651.093036374066,7.682822815434453,29.0,1.4624130916121243,2.0,robust,
200/200/150/150/100/100/50/50,0.9,30.0,3.0,0.05,16,True,2.0,0.0,0.5,,0.2,12.0,steady,p3c_learned_probe,0,24557,62.94320137485227,30.733986364477772,445.8910789845008,812.5185055469655,7.091664291240787,52.0,1.6533187052139688,3.0,robust,
200/200/150/150/100/100/50/50,0.9,30.0,3.0,0.05,16,True,2.0,0.0,0.5,,0.2,12.0,steady,p3c_learned_probe,1,24312,33.717059100291635,20.008102972470354,195.0932062728139,430.4988184049984,3.2306679828891083,16.0,1.6001957285727526,3.0,robust,
200/200/150/150/100/100/50/50,0.9,30.0,3.0,0.05,16,True,2.0,0.0,0.5,,0.2,12.0,steady,p3c_learned_probe,2,24431,31.29649927423741,18.345269618116333,179.82157020946497,343.95821006915793,2.9846506487659124,15.700000000000728,1.5780894181063903,3.0,robust,
200/200/150/150/100/100/50/50,0.9,30.0,3.0,0.05,16,True,2.0,0.0,0.5,,0.2,12.0,steady,p3c_learned_probe,3,24221,33.73152176269331,21.16459148641958,185.62776138888117,474.81506037672165,3.3468890632096113,15.0,1.5480787017335227,3.0,robust,
200/200/150/150/100/100/50/50,0.9,30.0,3.0,0.05,16,True,2.0,0.0,0.5,,0.2,12.0,steady,p3c_learned_probe,4,24358,32.387198372608154,19.527972546211636,188.29051231475376,415.38320317061647,2.9753674357500617,14.0,1.514734284624093,3.0,robust,
200/200/150/150/100/100/50/50,0.9,30.0,3.0,0.05,16,True,2.0,0.0,0.5,,0.2,12.0,steady,p3c_learned_probe,5,24518,33.827238283326885,21.679402497624345,179.71301720484988,435.25445191995664,3.3617342360714577,14.0,1.6098813067889552,3.0,robust,
200/200/150/150/100/100/50/50,0.9,30.0,3.0,0.05,16,True,2.0,0.0,0.5,,0.2,12.0,steady,p3c_learned_probe,6,24384,35.33319052634583,22.10466880308104,191.4929796272424,391.5153962795662,3.516732283464567,17.0,1.6262797507097126,3.0,robust,
200/200/150/150/100/100/50/50,0.9,30.0,3.0,0.05,16,True,2.0,0.0,0.5,,0.2,12.0,steady,p3c_learned_probe,7,24123,30.41570341542178,17.882280698025,186.67512749237972,393.61273302341436,2.8156531111387473,15.0,1.5335055453398077,3.0,robust,
200/200/150/150/100/100/50/50,0.9,30.0,3.0,0.05,16,True,2.0,0.0,0.5,,0.2,12.0,steady,p3c_learned_probe,8,24435,36.49120826845798,24.42750287515949,203.2085207481848,372.19100165241264,3.7454471045631266,15.0,1.6458294691512252,3.0,robust,
200/200/150/150/100/100/50/50,0.9,30.0,3.0,0.05,16,True,2.0,0.0,0.5,,0.2,12.0,steady,p3c_learned_probe,9,24387,54.00721838391289,33.22761232002236,313.76878699317996,498.1119922084337,5.538524623774962,24.0,1.811930590903204,3.0,robust,
200/200/150/150/100/100/50/50,0.9,30.0,3.0,0.05,16,True,2.0,0.0,0.5,,0.2,12.0,steady,p3c_probe,0,24557,61.62183313997119,26.04824134660788,472.334325277773,1821.9030280839838,5.445086940587205,35.0,1.752338066764195,3.0,robust,
200/200/150/150/100/100/50/50,0.9,30.0,3.0,0.05,16,True,2.0,0.0,0.5,,0.2,12.0,steady,p3c_probe,1,24312,38.63597121784491,18.860804597447434,291.1226780243801,734.0562455133014,2.8472359328726555,13.0,1.7191378339912484,3.0,robust,
200/200/150/150/100/100/50/50,0.9,30.0,3.0,0.05,16,True,2.0,0.0,0.5,,0.2,12.0,steady,p3c_probe,2,24431,33.70567781929239,17.167795134056973,237.47650187544863,546.8979953784155,2.432851704801277,11.0,1.5836331207916876,3.0,robust,
200/200/150/150/100/100/50/50,0.9,30.0,3.0,0.05,16,True,2.0,0.0,0.5,,0.2,12.0,steady,p3c_probe,3,24221,35.71296371230864,18.283327227283763,284.09052983922413,712.2430291544132,2.5103009784897403,9.0,1.6092288963815804,3.0,robust,
200/200/150/150/100/100/50/50,0.9,30.0,3.0,0.05,16,True,2.0,0.0,0.5,,0.2,12.0,steady,p3c_probe,4,24358,36.06581635662524,19.155234750418693,248.64450720791297,584.716546245677,2.6456605632646357,11.0,1.5826184998889292,3.0,robust,
200/200/150/150/100/100/50/50,0.9,30.0,3.0,0.05,16,True,2.0,0.0,0.5,,0.2,12.0,steady,p3c_probe,5,24518,36.96373346422341,19.95883410735999,250.65276181887185,467.2949205329763,2.7737172689452647,10.0,1.6251506283495791,3.0,robust,
200/200/150/150/100/100/50/50,0.9,30.0,3.0,0.05,16,True,2.0,0.0,0.5,,0.2,12.0,steady,p3c_probe,6,24384,40.17235907977104,21.637820202027314,289.23356138253945,469.04518777005336,3.0449885170603674,11.0,1.7197383386836813,3.0,robust,
200/200/150/150/100/100/50/50,0.9,30.0,3.0,0.05,16,True,2.0,0.0,0.5,,0.2,12.0,steady,p3c_probe,7,24123,36.12004745335809,18.270834334479957,254.80688740055504,541.26198838391,2.6276997056750817,13.0,1.604839371394173,3.0,robust,
200/200/150/150/100/100/50/50,0.9,30.0,3.0,0.05,16,True,2.0,0.0,0.5,,0.2,12.0,steady,p3c_probe,8,24435,40.571277895655534,21.350469687458684,282.2502385293001,477.7265626375608,3.074442398199304,10.0,1.6995585922808394,3.0,robust,
200/200/150/150/100/100/50/50,0.9,30.0,3.0,0.05,16,True,2.0,0.0,0.5,,0.2,12.0,steady,p3c_probe,9,24387,59.41560328009117,32.40120627346599,379.90822515973156,723.6517137564008,4.917743059826957,18.0,1.8615363649094405,3.0,robust,
200/200/150/150/100/100/50/50,0.9,30.0,3.0,0.05,16,True,2.0,0.0,0.5,,0.2,12.0,steady,prequal,0,24557,75.48243672391462,40.48572640832049,514.3806919710271,798.3146598580241,8.351793785885897,50.0,3.2968620037444776,3.0,robust,
200/200/150/150/100/100/50/50,0.9,30.0,3.0,0.05,16,True,2.0,0.0,0.5,,0.2,12.0,steady,prequal,1,24312,46.82922307437226,29.53245566521101,271.891652477938,523.8652815438176,4.816386969397828,19.0,3.053778834977272,3.0,robust,
200/200/150/150/100/100/50/50,0.9,30.0,3.0,0.05,16,True,2.0,0.0,0.5,,0.2,12.0,steady,prequal,2,24431,42.885623724621226,27.108460590973493,236.8951397303989,519.3174968069887,4.362203757521182,18.0,2.8620868459714,3.0,robust,
200/200/150/150/100/100/50/50,0.9,30.0,3.0,0.05,16,True,2.0,0.0,0.5,,0.2,12.0,steady,prequal,3,24221,45.360127974910334,29.342553086255663,254.10980228944422,482.70166072746525,4.5414309896370915,17.0,2.982137607245325,3.0,robust,
200/200/150/150/100/100/50/50,0.9,30.0,3.0,0.05,16,True,2.0,0.0,0.5,,0.2,12.0,steady,prequal,4,24358,45.95275903423013,29.417405467518698,241.73246824739482,509.11121268683706,4.602676738648493,19.0,2.8573220455121393,3.0,robust,
200/200/150/150/100/100/50/50,0.9,30.0,3.0,0.05,16,True,2.0,0.0,0.5,,0.2,12.0,steady,prequal,5,24518,47.7967265479517,30.17005706678244,253.53122826352907,431.1484662059034,4.820417652337058,19.0,3.071264860273157,3.0,robust,
200/200/150/150/100/100/50/50,0.9,30.0,3.0,0.05,16,True,2.0,0.0,0.5,,0.2,12.0,steady,prequal,6,24384,50.1922383755252,33.26926645498407,271.45286538005024,509.0782125540528,5.107488517060368,20.0,2.9977867311853514,3.0,robust,
200/200/150/150/100/100/50/50,0.9,30.0,3.0,0.05,16,True,2.0,0.0,0.5,,0.2,12.0,steady,prequal,7,24123,44.856275639460705,28.002448583757555,248.3685999567327,470.5962661508087,4.4608050408324,20.0,2.887519881379092,3.0,robust,
200/200/150/150/100/100/50/50,0.9,30.0,3.0,0.05,16,True,2.0,0.0,0.5,,0.2,12.0,steady,prequal,8,24435,55.64227489571377,36.741988479715104,269.3251337591468,721.847773531201,6.003314917127072,23.0,3.1226978819114697,3.0,robust,
200/200/150/150/100/100/50/50,0.9,30.0,3.0,0.05,16,True,2.0,0.0,0.5,,0.2,12.0,steady,prequal,9,24387,72.04986948473724,46.235606689080555,407.08132280452827,706.2983091194252,7.517611842375036,28.139999999999418,3.3454864217648295,3.0,robust,
200/200/150/150/100/100/50/50,0.9,30.0,3.0,0.05,16,True,2.0,0.0,0.5,,0.2,12.0,steady,sed3_probe,0,24557,55.25545711541226,25.427230262188516,340.5197455668928,845.4317155425125,6.26538257930529,44.0,1.7537298676789872,3.0,robust,
200/200/150/150/100/100/50/50,0.9,30.0,3.0,0.05,16,True,2.0,0.0,0.5,,0.2,12.0,steady,sed3_probe,1,24312,32.95046451735821,18.766469549925446,221.5022143121486,410.7231181980316,3.1655561039815727,17.0,1.6651358742919011,3.0,robust,
200/200/150/150/100/100/50/50,0.9,30.0,3.0,0.05,16,True,2.0,0.0,0.5,,0.2,12.0,steady,sed3_probe,2,24431,29.034736390354805,16.873273578688952,177.18104591286198,322.6849961164313,2.7436863001923784,15.0,1.546072584797319,3.0,robust,
200/200/150/150/100/100/50/50,0.9,30.0,3.0,0.05,16,True,2.0,0.0,0.5,,0.2,12.0,steady,sed3_probe,3,24221,29.200687289851206,18.07160126117857,176.6391124899346,463.14330346211176,2.6746211964823914,12.0,1.5867150587468106,3.0,robust,
200/200/150/150/100/100/50/50,0.9,30.0,3.0,0.05,16,True,2.0,0.0,0.5,,0.2,12.0,steady,sed3_probe,4,24358,30.615685741403286,18.795148524086258,185.00606073271882,400.66759866123374,2.858075375646605,14.0,1.612786941039599,3.0,robust,
200/200/150/150/100/100/50/50,0.9,30.0,3.0,0.05,16,True,2.0,0.0,0.5,,0.2,12.0,steady,sed3_probe,5,24518,31.368726668807447,19.58947591120097,167.6393380962082,360.87457569891245,3.020026103271066,13.0,1.6450826221095713,3.0,robust,
200/200/150/150/100/100/50/50,0.9,30.0,3.0,0.05,16,True,2.0,0.0,0.5,,0.2,12.0,steady,sed3_probe,6,24384,33.644516884989685,20.8876875224977,182.89484148753314,373.5105058090971,3.237450787401575,15.0,1.6856630491351017,3.0,robust,
200/200/150/150/100/100/50/50,0.9,30.0,3.0,0.05,16,True,2.0,0.0,0.5,,0.2,12.0,steady,sed3_probe,7,24123,29.801260858678322,17.324673229707876,186.92364405399738,325.0948177124914,2.7916925755503046,16.0,1.5399511445219147,3.0,robust,
200/200/150/150/100/100/50/50,0.9,30.0,3.0,0.05,16,True,2.0,0.0,0.5,,0.2,12.0,steady,sed3_probe,8,24435,34.60674463997289,22.961578938186733,190.2398629556591,400.90069825341715,3.4301207284632698,14.0,1.620570796958773,3.0,robust,
200/200/150/150/100/100/50/50,0.9,30.0,3.0,0.05,16,True,2.0,0.0,0.5,,0.2,12.0,steady,sed3_probe,9,24387,50.81022298051744,31.14746848982719,290.5226367532381,520.0586594153948,5.314798868249477,24.0,1.826109795766258,3.0,robust,
200/200/150/150/100/100/50/50,0.9,30.0,3.0,0.05,16,True,2.0,0.0,0.5,,0.2,12.0,steady,ts,0,24557,78.63458363727335,50.63729385816629,409.66199484259926,1407.6213418480882,9.317465488455431,44.0,5.121048107320257,0.0,robust,
200/200/150/150/100/100/50/50,0.9,30.0,3.0,0.05,16,True,2.0,0.0,0.5,,0.2,12.0,steady,ts,1,24312,55.384298739541926,39.41629314850825,283.0112261898716,430.7672479033082,6.555157946692991,25.0,4.4080552358255,0.0,robust,
200/200/150/150/100/100/50/50,0.9,30.0,3.0,0.05,16,True,2.0,0.0,0.5,,0.2,12.0,steady,ts,2,24431,58.22902369560535,41.04203529116113,266.5545320528637,572.1207101669335,7.2843109164585975,29.0,5.210846056377825,0.0,robust,
200/200/150/150/100/100/50/50,0.9,30.0,3.0,0.05,16,True,2.0,0.0,0.5,,0.2,12.0,steady,ts,3,24221,52.880059673375776,38.79461227877368,253.24852321576853,440.3331681815091,6.290656868007101,22.0,4.524435186169377,0.0,robust,
200/200/150/150/100/100/50/50,0.9,30.0,3.0,0.05,16,True,2.0,0.0,0.5,,0.2,12.0,steady,ts,4,24358,54.50917794524457,39.142962380593445,282.7283782422216,785.6034766258558,6.3882913211265295,24.0,3.9714218142912188,0.0,robust,
200/200/150/150/100/100/50/50,0.9,30.0,3.0,0.05,16,True,2.0,0.0,0.5,,0.2,12.0,steady,ts,5,24518,68.39304600673343,47.74760355129004,297.2635119769339,585.1422283080719,8.861571090627294,40.0,4.953185734919806,0.0,robust,
200/200/150/150/100/100/50/50,0.9,30.0,3.0,0.05,16,True,2.0,0.0,0.5,,0.2,12.0,steady,ts,6,24384,69.48938361313446,49.13678673741728,323.25029779909875,463.7622964173361,8.594160104986877,35.0,4.546424159568344,0.0,robust,
200/200/150/150/100/100/50/50,0.9,30.0,3.0,0.05,16,True,2.0,0.0,0.5,,0.2,12.0,steady,ts,7,24123,51.82479170665754,36.85263840967856,259.3637717578225,388.8229690672244,6.193010819549807,23.0,5.088589265349189,0.0,robust,
200/200/150/150/100/100/50/50,0.9,30.0,3.0,0.05,16,True,2.0,0.0,0.5,,0.2,12.0,steady,ts,8,24435,64.65943911235281,43.174572801343736,318.6341758296858,1396.2333968162432,7.242480049109884,27.0,4.320628735768285,0.0,robust,
200/200/150/150/100/100/50/50,0.9,30.0,3.0,0.05,16,True,2.0,0.0,0.5,,0.2,12.0,steady,ts,9,24387,79.55602257627405,57.25600602335046,392.6594918760716,786.1541991304987,9.41431910444089,34.0,5.235968195507047,0.0,robust,
200/200/150/150/100/100/50/50,0.9,30.0,3.0,0.05,16,True,2.0,0.0,0.5,,0.2,12.0,steady,ts+lc,0,24557,71.48011133932519,42.6329629344,381.7791877050892,919.2446080585385,9.143828643563953,57.0,4.376877492207185,0.0,robust,
200/200/150/150/100/100/50/50,0.9,30.0,3.0,0.05,16,True,2.0,0.0,0.5,,0.2,12.0,steady,ts+lc,1,24312,48.654768862676505,31.728103222308235,271.5648178173488,459.7239627345394,5.51250411319513,23.0,3.078019637296918,0.0,robust,
200/200/150/150/100/100/50/50,0.9,30.0,3.0,0.05,16,True,2.0,0.0,0.5,,0.2,12.0,steady,ts+lc,2,24431,47.618708540440366,33.22665831554161,222.54828280574185,413.6449052126766,5.802545945724694,23.0,4.00043225639842,0.0,robust,
200/200/150/150/100/100/50/50,0.9,30.0,3.0,0.05,16,True,2.0,0.0,0.5,,0.2,12.0,steady,ts+lc,3,24221,45.07804123461561,31.969392941004315,236.3593901269098,516.7836408256348,5.164072499071054,19.0,3.483028164537927,0.0,robust,
200/200/150/150/100/100/50/50,0.9,30.0,3.0,0.05,16,True,2.0,0.0,0.5,,0.2,12.0,steady,ts+lc,4,24358,49.04227297596507,34.24750180705338,231.21853659303312,401.7176972212933,5.7200098530257,22.0,3.550109104663121,0.0,robust,
200/200/150/150/100/100/50/50,0.9,30.0,3.0,0.05,16,True,2.0,0.0,0.5,,0.2,12.0,steady,ts+lc,5,24518,50.624578839227,34.95378823123829,241.67567194357298,451.45248194933197,5.98025940125622,25.0,3.751893815511198,0.0,robust,
200/200/150/150/100/100/50/50,0.9,30.0,3.0,0.05,16,True,2.0,0.0,0.5,,0.2,12.0,steady,ts+lc,6,24384,50.66453576419271,35.60159595955614,229.09973940275182,392.02386421176317,5.88307906824147,21.0,3.9162599693644493,0.0,robust,
200/200/150/150/100/100/50/50,0.9,30.0,3.0,0.05,16,True,2.0,0.0,0.5,,0.2,12.0,steady,ts+lc,7,24123,45.21353836871595,29.973948014422547,254.18776960409676,424.58289321370574,5.124196824607221,22.0,4.049878366077254,0.0,robust,
200/200/150/150/100/100/50/50,0.9,30.0,3.0,0.05,16,True,2.0,0.0,0.5,,0.2,12.0,steady,ts+lc,8,24435,52.831988260169545,38.49733908191766,253.1771153177346,414.37288853558186,6.2460405156537755,23.0,3.7631130859092083,0.0,robust,
200/200/150/150/100/100/50/50,0.9,30.0,3.0,0.05,16,True,2.0,0.0,0.5,,0.2,12.0,steady,ts+lc,9,24387,68.83779025496882,49.850267433023454,331.81176904007276,808.5946970184768,8.221019395579612,28.0,4.506906834450896,0.0,robust,
200/200/150/150/100/100/50/50,0.9,30.0,3.0,0.05,16,True,4.0,0.0,0.5,,0.2,12.0,steady,greedy,0,24557,617.7533061770685,319.90254830929746,7303.769615418151,7725.323728659649,67.10750498839435,502.0,4.1307040221378095,0.0,robust,
200/200/150/150/100/100/50/50,0.9,30.0,3.0,0.05,16,True,4.0,0.0,0.5,,0.2,12.0,steady,greedy,1,24312,1137.8702636819175,51.291296425288735,20117.014381137047,22360.052853903653,65.50966600855544,1146.0,5.458116662923822,0.0,robust,
200/200/150/150/100/100/50/50,0.9,30.0,3.0,0.05,16,True,4.0,0.0,0.5,,0.2,12.0,steady,greedy,2,24431,336.6454219260812,40.53155437333977,9663.10460501146,10412.161006217226,22.1880397855184,557.0,5.866094340136381,0.0,robust,
200/200/150/150/100/100/50/50,0.9,30.0,3.0,0.05,16,True,4.0,0.0,0.5,,0.2,12.0,steady,greedy,3,24221,99.08835034697412,50.87091632957508,719.2172069432117,2314.286503120179,11.062549027703232,49.0,5.477906752889043,0.0,robust,
200/200/150/150/100/100/50/50,0.9,30.0,3.0,0.05,16,True,4.0,0.0,0.5,,0.2,12.0,steady,greedy,4,24358,132.46349186617616,48.9036316054694,3988.8410742480723,4486.996230337331,14.654979883405863,447.4300000000003,5.026689258664315,0.0,robust,
200/200/150/150/100/100/50/50,0.9,30.0,3.0,0.05,16,True,4.0,0.0,0.5,,0.2,12.0,steady,greedy,5,24518,91.60195428769109,40.95603897112676,756.1672883346603,2990.635440239338,8.830532669875193,39.0,4.783549963103695,0.0,robust,
200/200/150/150/100/100/50/50,0.9,30.0,3.0,0.05,16,True,4.0,0.0,0.5,,0.2,12.0,steady,greedy,6,24384,517.5690617218967,86.4712910869212,22414.131351326978,23949.034977650965,33.02288385826772,1047.0,5.860718693037088,0.0,robust,
200/200/150/150/100/100/50/50,0.9,30.0,3.0,0.05,16,True,4.0,0.0,0.5,,0.2,12.0,steady,greedy,7,24123,143.0600287219334,37.28587755991164,5998.435779753143,6777.497308358892,11.896986278655225,378.77999999999884,5.801872198154419,0.0,robust,
200/200/150/150/100/100/50/50,0.9,30.0,3.0,0.05,16,True,4.0,0.0,0.5,,0.2,12.0,steady,greedy,8,24435,98.89208618936446,53.95949132543976,594.1164143280885,3312.7731087524503,10.198199304276653,41.0,5.6097400456130835,0.0,robust,
200/200/150/150/100/100/50/50,0.9,30.0,3.0,0.05,16,True,4.0,0.0,0.5,,0.2,12.0,steady,greedy,9,24387,214.97153648324962,139.36004024349913,1284.1917122854234,2247.881592412707,23.060483044244883,86.0,5.241459393991621,0.0,robust,
200/200/150/150/100/100/50/50,0.9,30.0,3.0,0.05,16,True,4.0,0.0,0.5,,0.2,12.0,steady,jsq,0,24557,265.0718744712568,95.81265813522677,3389.833257916156,4807.286752495158,26.500549741417927,112.0,9.361295072085468,0.0,robust,
200/200/150/150/100/100/50/50,0.9,30.0,3.0,0.05,16,True,4.0,0.0,0.5,,0.2,12.0,steady,jsq,1,24312,97.8882366998322,42.903376200198906,820.0769488068366,3684.0249490134015,8.220302731161567,42.0,7.449215181067888,0.0,robust,
200/200/150/150/100/100/50/50,0.9,30.0,3.0,0.05,16,True,4.0,0.0,0.5,,0.2,12.0,steady,jsq,2,24431,73.15430537859302,31.394112998091472,653.0068355418601,1271.4107356991274,6.221972084646556,27.0,7.599028135465906,0.0,robust,
200/200/150/150/100/100/50/50,0.9,30.0,3.0,0.05,16,True,4.0,0.0,0.5,,0.2,12.0,steady,jsq,3,24221,80.77369822740708,37.729245085989405,648.5923495708396,1218.0884021499462,7.017711902894183,29.0,7.7574500412965435,0.0,robust,
200/200/150/150/100/100/50/50,0.9,30.0,3.0,0.05,16,True,4.0,0.0,0.5,,0.2,12.0,steady,jsq,4,24358,78.74836964673531,36.77861597541554,578.8256424582733,1658.1651692181542,6.685688480170786,28.0,6.305756078681625,0.0,robust,
200/200/150/150/100/100/50/50,0.9,30.0,3.0,0.05,16,True,4.0,0.0,0.5,,0.2,12.0,steady,jsq,5,24518,83.14407457126116,42.250700135945785,561.9259546494457,887.6965266345996,7.357206949995922,28.0,7.468354799471444,0.0,robust,
200/200/150/150/100/100/50/50,0.9,30.0,3.0,0.05,16,True,4.0,0.0,0.5,,0.2,12.0,steady,jsq,6,24384,90.05714198076791,46.353957581206195,613.523533598472,1408.1555760269853,7.889640748031496,29.0,7.995558442823007,0.0,robust,
200/200/150/150/100/100/50/50,0.9,30.0,3.0,0.05,16,True,4.0,0.0,0.5,,0.2,12.0,steady,jsq,7,24123,74.39666228955251,31.673937440782396,583.6199157316455,1368.7667782347328,6.165360858931311,29.0,7.229844895344293,0.0,robust,
200/200/150/150/100/100/50/50,0.9,30.0,3.0,0.05,16,True,4.0,0.0,0.5,,0.2,12.0,steady,jsq,8,24435,97.02141386953055,47.376525999847985,699.5861810138088,1616.1853785580347,8.408962553713934,33.0,6.892481832595964,0.0,robust,
200/200/150/150/100/100/50/50,0.9,30.0,3.0,0.05,16,True,4.0,0.0,0.5,,0.2,12.0,steady,jsq,9,24387,214.62984672767692,123.61332808417025,1583.6112156766737,2097.903332832,19.685078115389345,57.0,9.500170959478453,0.0,robust,
200/200/150/150/100/100/50/50,0.9,30.0,3.0,0.05,16,True,4.0,0.0,0.5,,0.2,12.0,steady,p2c,0,24557,369.10633737319876,164.59731265474352,4657.401572447313,6042.359338251771,31.469560614081523,130.0,2.1805856612776697,0.0,robust,
200/200/150/150/100/100/50/50,0.9,30.0,3.0,0.05,16,True,4.0,0.0,0.5,,0.2,12.0,steady,p2c,1,24312,164.72249215655864,74.89447901005697,1169.1530590479783,2858.4772882746524,13.127961500493583,57.0,2.1784307422478943,0.0,robust,
200/200/150/150/100/100/50/50,0.9,30.0,3.0,0.05,16,True,4.0,0.0,0.5,,0.2,12.0,steady,p2c,2,24431,135.35105416582257,47.074860455542655,1540.5993021039603,4240.825435509119,9.144283901600426,45.0,1.916553619209135,0.0,robust,
200/200/150/150/100/100/50/50,0.9,30.0,3.0,0.05,16,True,4.0,0.0,0.5,,0.2,12.0,steady,p2c,3,24221,130.25090120059446,54.48341348955221,1032.050720384403,3054.1475519448395,9.355806944387101,34.0,1.9282316606940757,0.0,robust,
200/200/150/150/100/100/50/50,0.9,30.0,3.0,0.05,16,True,4.0,0.0,0.5,,0.2,12.0,steady,p2c,4,24358,125.43956578034192,54.93223995072061,839.4198398414079,1995.8311932669587,9.766113802446835,35.0,2.0125067562527392,0.0,robust,
200/200/150/150/100/100/50/50,0.9,30.0,3.0,0.05,16,True,4.0,0.0,0.5,,0.2,12.0,steady,p2c,5,24518,129.04312011268942,60.654059889606145,933.9316848876933,1852.387572172732,10.260747206134269,34.0,2.1226924780575276,0.0,robust,
200/200/150/150/100/100/50/50,0.9,30.0,3.0,0.05,16,True,4.0,0.0,0.5,,0.2,12.0,steady,p2c,6,24384,169.8837421737069,83.52387109297554,1101.0495144601157,3523.4005374748444,13.41642060367454,45.0,2.026567742026234,0.0,robust,
200/200/150/150/100/100/50/50,0.9,30.0,3.0,0.05,16,True,4.0,0.0,0.5,,0.2,12.0,steady,p2c,7,24123,127.30820964235046,49.648145215638095,1136.8825642308598,1652.8400324869629,9.523649628984787,46.0,2.048016880859694,0.0,robust,
200/200/150/150/100/100/50/50,0.9,30.0,3.0,0.05,16,True,4.0,0.0,0.5,,0.2,12.0,steady,p2c,8,24435,160.34170414320522,73.54464039137198,1231.7500155210623,2405.691673730137,12.56230816451811,42.0,1.9450918385684135,0.0,robust,
200/200/150/150/100/100/50/50,0.9,30.0,3.0,0.05,16,True,4.0,0.0,0.5,,0.2,12.0,steady,p2c,9,24387,337.9830165598172,190.02238798320548,2044.951177741822,4220.373651702373,28.931069832287694,82.0,2.097177604552546,0.0,robust,
200/200/150/150/100/100/50/50,0.9,30.0,3.0,0.05,16,True,4.0,0.0,0.5,,0.2,12.0,steady,p2c_learned,0,24557,336.1046963557338,174.64893569130703,3094.7247630832208,3565.0313560598474,33.7239483650283,156.0,2.097084189701609,0.0,robust,
200/200/150/150/100/100/50/50,0.9,30.0,3.0,0.05,16,True,4.0,0.0,0.5,,0.2,12.0,steady,p2c_learned,1,24312,151.4429461407449,83.39008196345077,1190.612657352856,1684.2733054088208,14.787265547877592,70.0,1.7426986210157152,0.0,robust,
200/200/150/150/100/100/50/50,0.9,30.0,3.0,0.05,16,True,4.0,0.0,0.5,,0.2,12.0,steady,p2c_learned,2,24431,94.8373586065742,43.95963973010808,788.5805951183912,1853.9306246563176,8.106544963366215,36.0,1.8582548839633466,0.0,robust,
200/200/150/150/100/100/50/50,0.9,30.0,3.0,0.05,16,True,4.0,0.0,0.5,,0.2,12.0,steady,p2c_learned,3,24221,99.40295101662674,47.89918572881824,709.8712090388639,1299.5869151763693,8.728334915982,41.0,1.781865156797534,0.0,robust,
200/200/150/150/100/100/50/50,0.9,30.0,3.0,0.05,16,True,4.0,0.0,0.5,,0.2,12.0,steady,p2c_learned,4,24358,110.91235139797242,53.26437218684621,894.5734845872952,1669.5440276535273,9.677477625420806,43.0,1.5837621724251776,0.0,robust,
200/200/150/150/100/100/50/50,0.9,30.0,3.0,0.05,16,True,4.0,0.0,0.5,,0.2,12.0,steady,p2c_learned,5,24518,119.28254966965979,62.93736155697793,800.6759234583233,1756.0456280054584,11.212333795578758,51.0,1.966590997379391,0.0,robust,
200/200/150/150/100/100/50/50,0.9,30.0,3.0,0.05,16,True,4.0,0.0,0.5,,0.2,12.0,steady,p2c_learned,6,24384,128.78336671110637,71.24321179309322,852.4778267068772,1724.1648329952757,11.719734251968504,48.0,1.8540365063456625,0.0,robust,
200/200/150/150/100/100/50/50,0.9,30.0,3.0,0.05,16,True,4.0,0.0,0.5,,0.2,12.0,steady,p2c_learned,7,24123,97.4296802985281,46.40385802211444,729.9927013086276,992.8656787655293,8.621440119388136,44.0,1.8603458450967925,0.0,robust,
200/200/150/150/100/100/50/50,0.9,30.0,3.0,0.05,16,True,4.0,0.0,0.5,,0.2,12.0,steady,p2c_learned,8,24435,111.85468462247873,63.238001850866254,694.2990655480099,1183.7429866165974,10.554696132596685,44.0,1.8712676806103172,0.0,robust,
200/200/150/150/100/100/50/50,0.9,30.0,3.0,0.05,16,True,4.0,0.0,0.5,,0.2,12.0,steady,p2c_learned,9,24387,289.3366828242659,183.99016204381624,1469.5508022357033,2135.7404269476906,29.079632591134622,101.0,1.991710984977779,0.0,robust,
200/200/150/150/100/100/50/50,0.9,30.0,3.0,0.05,16,True,4.0,0.0,0.5,,0.2,12.0,steady,p2c_learned+lc,0,24557,330.18927288647467,166.52236114976304,2373.294287037008,7010.082472289851,33.52738526693,134.0,1.8404497830783284,0.0,robust,
200/200/150/150/100/100/50/50,0.9,30.0,3.0,0.05,16,True,4.0,0.0,0.5,,0.2,12.0,steady,p2c_learned+lc,1,24312,152.95021174998158,81.52815236027777,1141.9564201972862,1765.1453336421578,14.972318196775255,73.0,1.734695838423521,0.0,robust,
200/200/150/150/100/100/50/50,0.9,30.0,3.0,0.05,16,True,4.0,0.0,0.5,,0.2,12.0,steady,p2c_learned+lc,2,24431,95.00488170330058,43.46939626356239,774.7917726779438,1804.285053951055,7.962383856575662,36.0,1.8149462050586191,0.0,robust,
200/200/150/150/100/100/50/50,0.9,30.0,3.0,0.05,16,True,4.0,0.0,0.5,,0.2,12.0,steady,p2c_learned+lc,3,24221,95.57264616212018,47.60306389351143,715.3028706534966,1241.7353517263145,8.334172825234301,40.0,1.846040132718727,0.0,robust,
200/200/150/150/100/100/50/50,0.9,30.0,3.0,0.05,16,True,4.0,0.0,0.5,,0.2,12.0,steady,p2c_learned+lc,4,24358,103.62731500381666,48.70944293677493,883.8108748309231,1730.2187974306821,8.9804171114213,41.0,1.5868030315458466,0.0,robust,
200/200/150/150/100/100/50/50,0.9,30.0,3.0,0.05,16,True,4.0,0.0,0.5,,0.2,12.0,steady,p2c_learned+lc,5,24518,114.4293700001058,57.42808872724936,724.475897720053,1825.5280471239132,10.785422954563995,49.82999999999811,1.9624828240778285,0.0,robust,
200/200/150/150/100/100/50/50,0.9,30.0,3.0,0.05,16,True,4.0,0.0,0.5,,0.2,12.0,steady,p2c_learned+lc,6,24384,123.49492640696043,67.7960333515062,860.325354909974,1117.396449144405,11.387631233595801,46.0,1.8542324769723024,0.0,robust,
200/200/150/150/100/100/50/50,0.9,30.0,3.0,0.05,16,True,4.0,0.0,0.5,,0.2,12.0,steady,p2c_learned+lc,7,24123,97.24486079268709,44.13590516964838,708.8159215539283,1249.6906695930888,8.478796169630643,48.0,1.7902258823887922,0.0,robust,
200/200/150/150/100/100/50/50,0.9,30.0,3.0,0.05,16,True,4.0,0.0,0.5,,0.2,12.0,steady,p2c_learned+lc,8,24435,115.52593657765023,61.511329588267216,752.8483488580284,1116.6003590966093,10.515694700225087,47.0,1.839182175157887,0.0,robust,
200/200/150/150/100/100/50/50,0.9,30.0,3.0,0.05,16,True,4.0,0.0,0.5,,0.2,12.0,steady,p2c_learned+lc,9,24387,282.8670145213585,195.97530303770938,1302.2737718326816,1997.6384925003513,28.617501127649977,98.0,2.0248628574595915,0.0,robust,
200/200/150/150/100/100/50/50,0.9,30.0,3.0,0.05,16,True,4.0,0.0,0.5,,0.2,12.0,steady,p2c_learned_probe,0,24557,330.84294615204965,157.55837884210777,3064.6502004730532,5202.095520262662,32.79122042594779,145.0,1.7986598391128852,2.0,robust,
200/200/150/150/100/100/50/50,0.9,30.0,3.0,0.05,16,True,4.0,0.0,0.5,,0.2,12.0,steady,p2c_learned_probe,1,24312,134.3875449580955,72.77735272415953,968.423336345771,1598.0514012225008,12.832839749917737,62.0,1.7267938536208112,2.0,robust,
200/200/150/150/100/100/50/50,0.9,30.0,3.0,0.05,16,True,4.0,0.0,0.5,,0.2,12.0,steady,p2c_learned_probe,2,24431,87.83435137930427,37.73289814877501,710.1135648320084,1816.5275031759384,7.203389136752486,38.0,1.6134158844922497,2.0,robust,
200/200/150/150/100/100/50/50,0.9,30.0,3.0,0.05,16,True,4.0,0.0,0.5,,0.2,12.0,steady,p2c_learned_probe,3,24221,82.75347631766483,41.010738336348496,589.6995081090895,1246.687827449589,7.196275958878659,33.0,1.6547143783612914,2.0,robust,
200/200/150/150/100/100/50/50,0.9,30.0,3.0,0.05,16,True,4.0,0.0,0.5,,0.2,12.0,steady,p2c_learned_probe,4,24358,98.0280678221246,46.513117767336354,735.4720428928265,1724.8704864644071,8.377247721487807,38.0,1.4728468275699957,2.0,robust,
200/200/150/150/100/100/50/50,0.9,30.0,3.0,0.05,16,True,4.0,0.0,0.5,,0.2,12.0,steady,p2c_learned_probe,5,24518,103.79873640952901,52.00093079107315,835.5114730274743,1783.716356313254,9.18468064279305,41.0,1.7458751621276791,2.0,robust,
200/200/150/150/100/100/50/50,0.9,30.0,3.0,0.05,16,True,4.0,0.0,0.5,,0.2,12.0,steady,p2c_learned_probe,6,24384,114.02553394305751,61.532762732595,771.3297630494454,1282.5999175993122,10.255003280839896,41.0,1.6755449910953861,2.0,robust,
200/200/150/150/100/100/50/50,0.9,30.0,3.0,0.05,16,True,4.0,0.0,0.5,,0.2,12.0,steady,p2c_learned_probe,7,24123,85.46171693611474,38.12163999418061,643.8661677169498,1272.4923744877362,7.417692658458733,43.0,1.580050358324882,2.0,robust,
200/200/150/150/100/100/50/50,0.9,30.0,3.0,0.05,16,True,4.0,0.0,0.5,,0.2,12.0,steady,p2c_learned_probe,8,24435,98.60597391744523,53.44179412265149,691.0092225742851,1003.4886593863969,9.103335379578473,40.0,1.6952124875947212,2.0,robust,
200/200/150/150/100/100/50/50,0.9,30.0,3.0,0.05,16,True,4.0,0.0,0.5,,0.2,12.0,steady,p2c_learned_probe,9,24387,306.74058335339976,216.2789819575366,1474.6375977029131,2402.2713874353335,30.277442899905687,102.0,1.8552845246496175,2.0,robust,
200/200/150/150/100/100/50/50,0.9,30.0,3.0,0.05,16,True,4.0,0.0,0.5,,0.2,12.0,steady,p3c_learned_probe,0,24557,216.670891817561,78.07931458110673,1623.8019514254272,13254.652881689844,18.576861994543307,101.0,2.506123778852199,3.0,robust,
200/200/150/150/100/100/50/50,0.9,30.0,3.0,0.05,16,True,4.0,0.0,0.5,,0.2,12.0,steady,p3c_learned_probe,1,24312,97.91956329850234,39.91917288291891,754.467435246908,1662.233938560854,9.812314906219152,73.0,2.442852388167762,3.0,robust,
200/200/150/150/100/100/50/50,0.9,30.0,3.0,0.05,16,True,4.0,0.0,0.5,,0.2,12.0,steady,p3c_learned_probe,2,24431,57.481004954061724,24.5114993768496,429.5419414631327,1188.635963252741,5.474233555728378,30.0,2.2752545665260735,3.0,robust,
200/200/150/150/100/100/50/50,0.9,30.0,3.0,0.05,16,True,4.0,0.0,0.5,,0.2,12.0,steady,p3c_learned_probe,3,24221,58.85524041816968,26.52668040348516,443.67646943132803,1102.911064755478,5.18124767763511,26.0,2.406670921365833,3.0,robust,
200/200/150/150/100/100/50/50,0.9,30.0,3.0,0.05,16,True,4.0,0.0,0.5,,0.2,12.0,steady,p3c_learned_probe,4,24358,58.11135602391321,24.790118456337495,527.7752821441976,946.8668115130367,4.90807948107398,25.0,2.440430015333678,3.0,robust,
200/200/150/150/100/100/50/50,0.9,30.0,3.0,0.05,16,True,4.0,0.0,0.5,,0.2,12.0,steady,p3c_learned_probe,5,24518,62.57247867762144,29.033868935659957,470.26098710455034,1209.9398196316981,5.579288685863447,26.0,2.4273672124178267,3.0,robust,
200/200/150/150/100/100/50/50,0.9,30.0,3.0,0.05,16,True,4.0,0.0,0.5,,0.2,12.0,steady,p3c_learned_probe,6,24384,68.26314727738443,34.026479503320495,496.1213550288894,950.0584952075454,6.096333661417323,25.0,2.451459451890803,3.0,robust,
200/200/150/150/100/100/50/50,0.9,30.0,3.0,0.05,16,True,4.0,0.0,0.5,,0.2,12.0,steady,p3c_learned_probe,7,24123,53.24180098170821,20.428711764436613,433.8826742638925,898.7705178527011,4.50296397628819,34.0,2.2692217829279766,3.0,robust,
200/200/150/150/100/100/50/50,0.9,30.0,3.0,0.05,16,True,4.0,0.0,0.5,,0.2,12.0,steady,p3c_learned_probe,8,24435,65.81271653112962,33.450672125706404,451.74903758004956,1109.4335991847115,6.468017188459178,30.0,2.426216290662053,3.0,robust,
200/200/150/150/100/100/50/50,0.9,30.0,3.0,0.05,16,True,4.0,0.0,0.5,,0.2,12.0,steady,p3c_learned_probe,9,24387,203.17282735945184,133.4457812032248,1257.1068034635578,1942.9078863459636,22.20879977036946,80.0,2.5103583844512563,3.0,robust,
200/200/150/150/100/100/50/50,0.9,30.0,3.0,0.05,16,True,4.0,0.0,0.5,,0.2,12.0,steady,p3c_probe,0,24557,225.38339367049045,74.92843584259745,2189.7098899237676,5963.764132877143,22.124119395691658,98.0,3.155995491347269,3.0,robust,
200/200/150/150/100/100/50/50,0.9,30.0,3.0,0.05,16,True,4.0,0.0,0.5,,0.2,12.0,steady,p3c_probe,1,24312,84.6479669334095,31.930759773730166,877.9350637055807,1979.7012193909213,6.72676044751563,41.0,2.80125050488282,3.0,robust,
200/200/150/150/100/100/50/50,0.9,30.0,3.0,0.05,16,True,4.0,0.0,0.5,,0.2,12.0,steady,p3c_probe,2,24431,53.93979642869612,19.441295982547402,470.50834841326895,1228.7554180375253,3.8294789406901066,20.0,2.5623425809952036,3.0,robust,
200/200/150/150/100/100/50/50,0.9,30.0,3.0,0.05,16,True,4.0,0.0,0.5,,0.2,12.0,steady,p3c_probe,3,24221,60.40448813660139,22.49223292776925,658.075917758493,1395.2622744877206,4.103959374096858,17.0,2.6303155989884806,3.0,robust,
200/200/150/150/100/100/50/50,0.9,30.0,3.0,0.05,16,True,4.0,0.0,0.5,,0.2,12.0,steady,p3c_probe,4,24358,61.11023083733379,24.135248055437764,566.9536718968407,1139.7121649554165,4.351835126036621,18.0,2.620218525048778,3.0,robust,
200/200/150/150/100/100/50/50,0.9,30.0,3.0,0.05,16,True,4.0,0.0,0.5,,0.2,12.0,steady,p3c_probe,5,24518,64.08011881538582,26.84203164878074,524.5504469172672,1130.1796043507288,4.808834325801452,18.0,2.7865259201956114,3.0,robust,
200/200/150/150/100/100/50/50,0.9,30.0,3.0,0.05,16,True,4.0,0.0,0.5,,0.2,12.0,steady,p3c_probe,6,24384,75.81476196844793,32.26593903624497,594.6702300993481,1199.443326633524,5.8100803805774275,26.0,2.7695991677763465,3.0,robust,
200/200/150/150/100/100/50/50,0.9,30.0,3.0,0.05,16,True,4.0,0.0,0.5,,0.2,12.0,steady,p3c_probe,7,24123,58.64375811076029,20.57952364092408,513.0609266875209,1839.3212260486953,4.170376818803631,23.779999999998836,2.5152722229112907,3.0,robust,
200/200/150/150/100/100/50/50,0.9,30.0,3.0,0.05,16,True,4.0,0.0,0.5,,0.2,12.0,steady,p3c_probe,8,24435,74.19608591393356,29.91294286309909,690.1679601972222,1640.329514272637,5.534847554737057,20.0,2.775473742886403,3.0,robust,
200/200/150/150/100/100/50/50,0.9,30.0,3.0,0.05,16,True,4.0,0.0,0.5,,0.2,12.0,steady,p3c_probe,9,24387,210.29853047672756,115.43082307784047,1531.5913045738316,3169.5329097188114,19.420797966129495,56.0,3.168603248176912,3.0,robust,
200/200/150/150/100/100/50/50,0.9,30.0,3.0,0.05,16,True,4.0,0.0,0.5,,0.2,12.0,steady,prequal,0,24557,252.69147341456517,92.33204821862716,1639.5126837130258,6969.643421607273,26.317261880522864,131.0,4.817257190979507,3.0,robust,
200/200/150/150/100/100/50/50,0.9,30.0,3.0,0.05,16,True,4.0,0.0,0.5,,0.2,12.0,steady,prequal,1,24312,98.78106273347551,46.18447839230022,751.4317049127666,1048.6130928076755,9.681350773280684,58.0,4.268121142506782,3.0,robust,
200/200/150/150/100/100/50/50,0.9,30.0,3.0,0.05,16,True,4.0,0.0,0.5,,0.2,12.0,steady,prequal,2,24431,67.97959286338192,30.55223889094094,518.1718178062061,1290.5648587018209,6.173836519176456,30.0,3.9573808265812076,3.0,robust,
200/200/150/150/100/100/50/50,0.9,30.0,3.0,0.05,16,True,4.0,0.0,0.5,,0.2,12.0,steady,prequal,3,24221,72.83666350623476,33.68847345972448,555.1579654634726,1425.1589091777744,6.560298914165394,35.0,3.907507569186179,3.0,robust,
200/200/150/150/100/100/50/50,0.9,30.0,3.0,0.05,16,True,4.0,0.0,0.5,,0.2,12.0,steady,prequal,4,24358,72.71734858821544,35.50069161377856,528.380210978221,1521.8494962940686,6.496428278183759,30.0,4.037816827697544,3.0,robust,
200/200/150/150/100/100/50/50,0.9,30.0,3.0,0.05,16,True,4.0,0.0,0.5,,0.2,12.0,steady,prequal,5,24518,80.21366154408065,40.01094746759026,626.4437600724642,1819.6651483395756,7.734317644179786,36.0,4.204530092408172,3.0,robust,
200/200/150/150/100/100/50/50,0.9,30.0,3.0,0.05,16,True,4.0,0.0,0.5,,0.2,12.0,steady,prequal,6,24384,85.01447270467341,45.06139231624928,582.9445581687548,887.0913287547877,7.801304133858268,34.0,4.154415623495711,3.0,robust,
200/200/150/150/100/100/50/50,0.9,30.0,3.0,0.05,16,True,4.0,0.0,0.5,,0.2,12.0,steady,prequal,7,24123,68.44068726565571,31.577981225797913,547.4631688170364,875.3493395399072,6.383948928408572,35.779999999998836,3.763851991211699,3.0,robust,
200/200/150/150/100/100/50/50,0.9,30.0,3.0,0.05,16,True,4.0,0.0,0.5,,0.2,12.0,steady,prequal,8,24435,84.38572874092284,41.779427798573465,613.1284466775181,1208.009211934867,7.856108041743401,35.0,4.298177516308123,3.0,robust,
200/200/150/150/100/100/50/50,0.9,30.0,3.0,0.05,16,True,4.0,0.0,0.5,,0.2,12.0,steady,prequal,9,24387,215.61721788635597,136.11719345795237,1157.9426101550912,1630.3593894534217,23.08155984745971,83.0,4.786936934771962,3.0,robust,
200/200/150/150/100/100/50/50,0.9,30.0,3.0,0.05,16,True,4.0,0.0,0.5,,0.2,12.0,steady,sed3_probe,0,24557,168.20513372407797,68.86090261768985,975.8721426400678,6406.740450604152,19.86248320234556,106.0,3.0243721106115915,3.0,robust,
200/200/150/150/100/100/50/50,0.9,30.0,3.0,0.05,16,True,4.0,0.0,0.5,,0.2,12.0,steady,sed3_probe,1,24312,69.00924600238953,28.920734620089483,606.7178544397667,1134.3170933360527,6.736920039486673,46.0,2.6805505694413707,3.0,robust,
200/200/150/150/100/100/50/50,0.9,30.0,3.0,0.05,16,True,4.0,0.0,0.5,,0.2,12.0,steady,sed3_probe,2,24431,45.63031367248063,18.29662490593975,387.5088874196703,913.702379780984,4.078343088698785,24.0,2.4660237392986293,3.0,robust,
200/200/150/150/100/100/50/50,0.9,30.0,3.0,0.05,16,True,4.0,0.0,0.5,,0.2,12.0,steady,sed3_probe,3,24221,49.736881192422985,21.592057795504438,400.91495422451135,977.8544349719322,4.40514429627183,27.0,2.4716501596969755,3.0,robust,
200/200/150/150/100/100/50/50,0.9,30.0,3.0,0.05,16,True,4.0,0.0,0.5,,0.2,12.0,steady,sed3_probe,4,24358,48.257910689569876,20.967458431571107,394.75131463868007,1226.4176126464135,4.264553740044339,23.0,2.5692556821793047,3.0,robust,
200/200/150/150/100/100/50/50,0.9,30.0,3.0,0.05,16,True,4.0,0.0,0.5,,0.2,12.0,steady,sed3_probe,5,24518,53.62377349968455,25.040000574285237,378.3025330701529,1055.5882128485562,4.957133534546048,23.0,2.6908166839433454,3.0,robust,
200/200/150/150/100/100/50/50,0.9,30.0,3.0,0.05,16,True,4.0,0.0,0.5,,0.2,12.0,steady,sed3_probe,6,24384,60.073077724441674,29.604285813443987,402.0793656038773,987.0458239954863,5.566642060367454,26.0,2.721367135789774,3.0,robust,
200/200/150/150/100/100/50/50,0.9,30.0,3.0,0.05,16,True,4.0,0.0,0.5,,0.2,12.0,steady,sed3_probe,7,24123,48.862933616338324,18.430483789614094,439.50100618880083,777.4647408223273,4.420594453426191,32.0,2.4442181878981866,3.0,robust,
200/200/150/150/100/100/50/50,0.9,30.0,3.0,0.05,16,True,4.0,0.0,0.5,,0.2,12.0,steady,sed3_probe,8,24435,59.36887866451161,29.3696378101167,436.1724592991728,971.3102322246568,5.720155514630653,29.0,2.6366123873572747,3.0,robust,
200/200/150/150/100/100/50/50,0.9,30.0,3.0,0.05,16,True,4.0,0.0,0.5,,0.2,12.0,steady,sed3_probe,9,24387,178.74137880008377,112.7060701994207,1043.1875685350096,1805.7266240021786,20.191372452536186,74.0,3.016296316751908,3.0,robust,
200/200/150/150/100/100/50/50,0.9,30.0,3.0,0.05,16,True,4.0,0.0,0.5,,0.2,12.0,steady,ts,0,24557,261.7435788062899,96.92817695366074,1843.3455594991765,3512.536984419694,31.512073950401106,320.0,5.287095785192672,0.0,robust,
200/200/150/150/100/100/50/50,0.9,30.0,3.0,0.05,16,True,4.0,0.0,0.5,,0.2,12.0,steady,ts,1,24312,224.2099739726693,75.9310613094133,1564.2289014332114,12186.818031842626,21.311615663047053,104.0,5.521552107853454,0.0,robust,
200/200/150/150/100/100/50/50,0.9,30.0,3.0,0.05,16,True,4.0,0.0,0.5,,0.2,12.0,steady,ts,2,24431,73.28320766017343,40.59052890749015,454.7960777199709,1257.498359065318,8.05767262903688,34.0,5.856671447525061,0.0,robust,
200/200/150/150/100/100/50/50,0.9,30.0,3.0,0.05,16,True,4.0,0.0,0.5,,0.2,12.0,steady,ts,3,24221,81.61847020005092,42.57593397011217,658.4558929451592,998.1953635784704,7.929028528962471,34.0,5.025671794976608,0.0,robust,
200/200/150/150/100/100/50/50,0.9,30.0,3.0,0.05,16,True,4.0,0.0,0.5,,0.2,12.0,steady,ts,4,24358,75.52656289276726,40.984619275947765,552.8303618062978,1259.8075442002055,7.862960834222843,33.0,5.170219414849275,0.0,robust,
200/200/150/150/100/100/50/50,0.9,30.0,3.0,0.05,16,True,4.0,0.0,0.5,,0.2,12.0,steady,ts,5,24518,86.66357397688402,48.5469076956635,513.1091193822409,765.6240659046085,10.033404029692472,44.0,5.692465504031523,0.0,robust,
200/200/150/150/100/100/50/50,0.9,30.0,3.0,0.05,16,True,4.0,0.0,0.5,,0.2,12.0,steady,ts,6,24384,91.01122814681457,58.18058222433642,533.925938115887,994.0514408038498,10.074762139107612,35.0,5.918775433343505,0.0,robust,
200/200/150/150/100/100/50/50,0.9,30.0,3.0,0.05,16,True,4.0,0.0,0.5,,0.2,12.0,steady,ts,7,24123,73.021058619394,34.471650964828626,679.0886043451857,1323.3611813807845,7.073664137959623,35.0,5.947413940231133,0.0,robust,
200/200/150/150/100/100/50/50,0.9,30.0,3.0,0.05,16,True,4.0,0.0,0.5,,0.2,12.0,steady,ts,8,24435,85.52353676134871,51.36276544515539,542.059652478927,862.2671285747242,9.163576836505014,38.0,5.9914140117131325,0.0,robust,
200/200/150/150/100/100/50/50,0.9,30.0,3.0,0.05,16,True,4.0,0.0,0.5,,0.2,12.0,steady,ts,9,24387,207.82761997122452,141.67310750483608,1070.931928092628,2551.981078356443,22.9818755894534,76.0,5.517696485790524,0.0,robust,
200/200/150/150/100/100/50/50,0.9,30.0,3.0,0.05,16,True,4.0,0.0,0.5,,0.2,12.0,steady,ts+lc,0,24557,257.01080579675863,103.88554363686353,2649.799292789564,3352.863007112222,30.45437146231217,408.0,4.975083136195245,0.0,robust,
200/200/150/150/100/100/50/50,0.9,30.0,3.0,0.05,16,True,4.0,0.0,0.5,,0.2,12.0,steady,ts+lc,1,24312,110.79452408611444,51.16879282337927,740.8094903746555,6449.596961034915,11.28751233958539,49.0,5.035825731279705,0.0,robust,
200/200/150/150/100/100/50/50,0.9,30.0,3.0,0.05,16,True,4.0,0.0,0.5,,0.2,12.0,steady,ts+lc,2,24431,63.023206359361865,29.7068700846701,514.4110431204733,881.168141264702,6.2433383815644055,31.0,5.270337535686325,0.0,robust,
200/200/150/150/100/100/50/50,0.9,30.0,3.0,0.05,16,True,4.0,0.0,0.5,,0.2,12.0,steady,ts+lc,3,24221,68.02213093993568,35.26082842032352,482.2627955515056,1020.6815626792701,6.875810247306057,31.0,4.3191356735207815,0.0,robust,
200/200/150/150/100/100/50/50,0.9,30.0,3.0,0.05,16,True,4.0,0.0,0.5,,0.2,12.0,steady,ts+lc,4,24358,69.20580978532612,37.931013115077405,512.7469963182762,1167.255754255094,7.0813695705722965,30.0,4.278335795328974,0.0,robust,
200/200/150/150/100/100/50/50,0.9,30.0,3.0,0.05,16,True,4.0,0.0,0.5,,0.2,12.0,steady,ts+lc,5,24518,92.3969975880298,51.68691750008314,511.3469492855802,2235.3605089176613,10.737376621257852,44.0,4.968638348141557,0.0,robust,
200/200/150/150/100/100/50/50,0.9,30.0,3.0,0.05,16,True,4.0,0.0,0.5,,0.2,12.0,steady,ts+lc,6,24384,97.86205425631606,56.43474064721987,617.0875887629904,1950.936271428026,11.237737860892388,46.0,5.48771373262225,0.0,robust,
200/200/150/150/100/100/50/50,0.9,30.0,3.0,0.05,16,True,4.0,0.0,0.5,,0.2,12.0,steady,ts+lc,7,24123,63.45473907335048,29.532996449593618,461.4169018323662,706.9356634359107,6.194751896530282,32.0,4.9046512072286,0.0,robust,
200/200/150/150/100/100/50/50,0.9,30.0,3.0,0.05,16,True,4.0,0.0,0.5,,0.2,12.0,steady,ts+lc,8,24435,81.20387145539861,49.44435992870222,515.8244966176692,1192.5294043298097,9.105340699815837,38.0,5.0384613087793895,0.0,robust,
200/200/150/150/100/100/50/50,0.9,30.0,3.0,0.05,16,True,4.0,0.0,0.5,,0.2,12.0,steady,ts+lc,9,24387,214.34550102372495,142.0245517518346,1425.040015579388,1783.565464548547,23.778365522614507,84.0,5.08049954422992,0.0,robust,
